query,entity_type,entity_id,entity_name,family,pain_node,pain_type,intent_guess,landing_hint,source,word_count
2 тп отходы азс,industry,IND-004,АЗС,INDUSTRY_DIRECT,,,mixed,Отходы / учёт и отчётность,industry_template,4
ПЭК азс,industry,IND-004,АЗС,INDUSTRY_DIRECT,,,mixed,Отраслевая карточка,industry_template,2
выбросы азс,industry,IND-004,АЗС,INDUSTRY_DIRECT,,,mixed,Воздух,industry_template,2
запуск азс экологические документы,industry,IND-004,АЗС,INDUSTRY_DIRECT,,,urgent,Отраслевая карточка,industry_template,4
какая экологическая отчетность у азс,industry,IND-004,АЗС,INDUSTRY_DIRECT,,,mixed,Отходы / учёт и отчётность,industry_template,5
какие требования по экологии азс,industry,IND-004,АЗС,INDUSTRY_DIRECT,,,diagnostic,Отраслевая карточка,industry_template,5
какие экологические документы нужны азс,industry,IND-004,АЗС,INDUSTRY_DIRECT,,,mixed,Отраслевая карточка,industry_template,5
категория НВОС азс,industry,IND-004,АЗС,INDUSTRY_DIRECT,,,mixed,НВОС,industry_template,3
ливневые воды азс,industry,IND-004,АЗС,INDUSTRY_DIRECT,,,mixed,Вода,industry_template,3
нужен ли эколог азс,industry,IND-004,АЗС,INDUSTRY_DIRECT,,,diagnostic,Отраслевая карточка,industry_template,4
нужно ли ставить на учет НВОС азс,industry,IND-004,АЗС,INDUSTRY_DIRECT,,,mixed,НВОС,industry_template,7
отходы азс,industry,IND-004,АЗС,INDUSTRY_DIRECT,,,mixed,Отраслевая карточка,industry_template,2
очистные азс,industry,IND-004,АЗС,INDUSTRY_DIRECT,,,mixed,Вода,industry_template,2
предписание экология азс,industry,IND-004,АЗС,INDUSTRY_DIRECT,,,urgent,Отраслевая карточка,industry_template,3
проверка экология азс,industry,IND-004,АЗС,INDUSTRY_DIRECT,,,urgent,Отраслевая карточка,industry_template,3
сточные воды азс,industry,IND-004,АЗС,INDUSTRY_DIRECT,,,mixed,Вода,industry_template,3
учет отходов азс,industry,IND-004,АЗС,INDUSTRY_DIRECT,,,mixed,Отходы / учёт и отчётность,industry_template,3
что нужно по экологии азс,industry,IND-004,АЗС,INDUSTRY_DIRECT,,,mixed,Отраслевая карточка,industry_template,5
что сдавать по экологии азс,industry,IND-004,АЗС,INDUSTRY_DIRECT,,,mixed,Отраслевая карточка,industry_template,5
штраф экология азс,industry,IND-004,АЗС,INDUSTRY_DIRECT,,,urgent,Отраслевая карточка,industry_template,3
анализ нефтесодержащие стоки,industry,IND-004,АЗС,PAIN_ACTION,нефтесодержащие стоки,water,mixed,Отраслевая карточка,pain_action,3
вывоз нефтешлам,industry,IND-004,АЗС,PAIN_ACTION,нефтешлам,waste,commercial,Отраслевая карточка,pain_action,2
вывоз сорбент,industry,IND-004,АЗС,PAIN_ACTION,сорбент,waste,commercial,Отраслевая карточка,pain_action,2
жалобы на пары бензина,industry,IND-004,АЗС,PAIN_ACTION,пары бензина,air,mixed,Отраслевая карточка,pain_action,4
как накапливать нефтешлам,industry,IND-004,АЗС,PAIN_ACTION,нефтешлам,waste,mixed,Отраслевая карточка,pain_action,3
как накапливать сорбент,industry,IND-004,АЗС,PAIN_ACTION,сорбент,waste,mixed,Отраслевая карточка,pain_action,3
как оформить разлив топлива,industry,IND-004,АЗС,PAIN_ACTION,разлив топлива,incident,commercial,Отраслевая карточка,pain_action,4
как очищать нефтесодержащие стоки,industry,IND-004,АЗС,PAIN_ACTION,нефтесодержащие стоки,water,mixed,Отраслевая карточка,pain_action,4
как уменьшить пары бензина,industry,IND-004,АЗС,PAIN_ACTION,пары бензина,air,mixed,Отраслевая карточка,pain_action,4
как учитывать нефтешлам,industry,IND-004,АЗС,PAIN_ACTION,нефтешлам,waste,diagnostic,Отраслевая карточка,pain_action,3
как учитывать сорбент,industry,IND-004,АЗС,PAIN_ACTION,сорбент,waste,diagnostic,Отраслевая карточка,pain_action,3
как хранить нефтешлам,industry,IND-004,АЗС,PAIN_ACTION,нефтешлам,waste,diagnostic,Отраслевая карточка,pain_action,3
как хранить сорбент,industry,IND-004,АЗС,PAIN_ACTION,сорбент,waste,diagnostic,Отраслевая карточка,pain_action,3
какой класс опасности нефтешлам,industry,IND-004,АЗС,PAIN_ACTION,нефтешлам,waste,mixed,Отраслевая карточка,pain_action,4
какой класс опасности сорбент,industry,IND-004,АЗС,PAIN_ACTION,сорбент,waste,mixed,Отраслевая карточка,pain_action,4
контроль нефтесодержащие стоки,industry,IND-004,АЗС,PAIN_ACTION,нефтесодержащие стоки,water,mixed,Отраслевая карточка,pain_action,3
контроль пары бензина,industry,IND-004,АЗС,PAIN_ACTION,пары бензина,air,mixed,Отраслевая карточка,pain_action,3
кто забирает нефтешлам,industry,IND-004,АЗС,PAIN_ACTION,нефтешлам,waste,mixed,Отраслевая карточка,pain_action,3
кто забирает сорбент,industry,IND-004,АЗС,PAIN_ACTION,сорбент,waste,mixed,Отраслевая карточка,pain_action,3
кто отвечает за разлив топлива,industry,IND-004,АЗС,PAIN_ACTION,разлив топлива,incident,mixed,Отраслевая карточка,pain_action,5
кто принимает нефтешлам,industry,IND-004,АЗС,PAIN_ACTION,нефтешлам,waste,diagnostic,Отраслевая карточка,pain_action,3
кто принимает сорбент,industry,IND-004,АЗС,PAIN_ACTION,сорбент,waste,diagnostic,Отраслевая карточка,pain_action,3
куда девать нефтешлам,industry,IND-004,АЗС,PAIN_ACTION,нефтешлам,waste,diagnostic,Отраслевая карточка,pain_action,3
куда девать сорбент,industry,IND-004,АЗС,PAIN_ACTION,сорбент,waste,diagnostic,Отраслевая карточка,pain_action,3
куда отводить нефтесодержащие стоки,industry,IND-004,АЗС,PAIN_ACTION,нефтесодержащие стоки,water,diagnostic,Отраслевая карточка,pain_action,4
куда передавать нефтешлам,industry,IND-004,АЗС,PAIN_ACTION,нефтешлам,waste,diagnostic,Отраслевая карточка,pain_action,3
куда передавать сорбент,industry,IND-004,АЗС,PAIN_ACTION,сорбент,waste,diagnostic,Отраслевая карточка,pain_action,3
куда сдавать нефтешлам,industry,IND-004,АЗС,PAIN_ACTION,нефтешлам,waste,diagnostic,Отраслевая карточка,pain_action,3
куда сдавать сорбент,industry,IND-004,АЗС,PAIN_ACTION,сорбент,waste,diagnostic,Отраслевая карточка,pain_action,3
куда сливать нефтесодержащие стоки,industry,IND-004,АЗС,PAIN_ACTION,нефтесодержащие стоки,water,diagnostic,Отраслевая карточка,pain_action,4
куда сообщать о разлив топлива,industry,IND-004,АЗС,PAIN_ACTION,разлив топлива,incident,diagnostic,Отраслевая карточка,pain_action,5
можно ли выбрасывать нефтешлам,industry,IND-004,АЗС,PAIN_ACTION,нефтешлам,waste,mixed,Отраслевая карточка,pain_action,4
можно ли выбрасывать сорбент,industry,IND-004,АЗС,PAIN_ACTION,сорбент,waste,mixed,Отраслевая карточка,pain_action,4
можно ли сбрасывать нефтесодержащие стоки,industry,IND-004,АЗС,PAIN_ACTION,нефтесодержащие стоки,water,mixed,Отраслевая карточка,pain_action,5
можно ли хранить нефтешлам на улице,industry,IND-004,АЗС,PAIN_ACTION,нефтешлам,waste,mixed,Отраслевая карточка,pain_action,6
можно ли хранить сорбент на улице,industry,IND-004,АЗС,PAIN_ACTION,сорбент,waste,mixed,Отраслевая карточка,pain_action,6
нормативы нефтесодержащие стоки,industry,IND-004,АЗС,PAIN_ACTION,нефтесодержащие стоки,water,mixed,Отраслевая карточка,pain_action,3
нормативы пары бензина,industry,IND-004,АЗС,PAIN_ACTION,пары бензина,air,mixed,Отраслевая карточка,pain_action,3
нужен ли договор на нефтешлам,industry,IND-004,АЗС,PAIN_ACTION,нефтешлам,waste,diagnostic,Отраслевая карточка,pain_action,5
нужен ли договор на сорбент,industry,IND-004,АЗС,PAIN_ACTION,сорбент,waste,diagnostic,Отраслевая карточка,pain_action,5
нужен ли паспорт на нефтешлам,industry,IND-004,АЗС,PAIN_ACTION,нефтешлам,waste,diagnostic,Отраслевая карточка,pain_action,5
нужен ли паспорт на сорбент,industry,IND-004,АЗС,PAIN_ACTION,сорбент,waste,diagnostic,Отраслевая карточка,pain_action,5
нужна ли инвентаризация пары бензина,industry,IND-004,АЗС,PAIN_ACTION,пары бензина,air,mixed,Воздух,pain_action,5
нужно ли учитывать пары бензина,industry,IND-004,АЗС,PAIN_ACTION,пары бензина,air,mixed,Отраслевая карточка,pain_action,5
нужны ли очистные для нефтесодержащие стоки,industry,IND-004,АЗС,PAIN_ACTION,нефтесодержащие стоки,water,mixed,Вода,pain_action,6
обезвреживание нефтешлам,industry,IND-004,АЗС,PAIN_ACTION,нефтешлам,waste,commercial,Отраслевая карточка,pain_action,2
обезвреживание сорбент,industry,IND-004,АЗС,PAIN_ACTION,сорбент,waste,commercial,Отраслевая карточка,pain_action,2
переработка нефтешлам,industry,IND-004,АЗС,PAIN_ACTION,нефтешлам,waste,mixed,Отраслевая карточка,pain_action,2
переработка сорбент,industry,IND-004,АЗС,PAIN_ACTION,сорбент,waste,mixed,Отраслевая карточка,pain_action,2
последствия разлив топлива,industry,IND-004,АЗС,PAIN_ACTION,разлив топлива,incident,mixed,Отраслевая карточка,pain_action,3
прием нефтешлам,industry,IND-004,АЗС,PAIN_ACTION,нефтешлам,waste,mixed,Отраслевая карточка,pain_action,2
прием сорбент,industry,IND-004,АЗС,PAIN_ACTION,сорбент,waste,mixed,Отраслевая карточка,pain_action,2
размещение нефтешлам,industry,IND-004,АЗС,PAIN_ACTION,нефтешлам,waste,commercial,Отраслевая карточка,pain_action,2
размещение сорбент,industry,IND-004,АЗС,PAIN_ACTION,сорбент,waste,commercial,Отраслевая карточка,pain_action,2
стоимость утилизации нефтешлам,industry,IND-004,АЗС,PAIN_ACTION,нефтешлам,waste,commercial,Отраслевая карточка,pain_action,3
стоимость утилизации сорбент,industry,IND-004,АЗС,PAIN_ACTION,сорбент,waste,commercial,Отраслевая карточка,pain_action,3
требования к нефтесодержащие стоки,industry,IND-004,АЗС,PAIN_ACTION,нефтесодержащие стоки,water,mixed,Отраслевая карточка,pain_action,4
требования к пары бензина,industry,IND-004,АЗС,PAIN_ACTION,пары бензина,air,mixed,Отраслевая карточка,pain_action,4
утилизация нефтешлам,industry,IND-004,АЗС,PAIN_ACTION,нефтешлам,waste,commercial,Отраслевая карточка,pain_action,2
утилизация сорбент,industry,IND-004,АЗС,PAIN_ACTION,сорбент,waste,commercial,Отраслевая карточка,pain_action,2
учет нефтесодержащие стоки,industry,IND-004,АЗС,PAIN_ACTION,нефтесодержащие стоки,water,mixed,Отраслевая карточка,pain_action,3
цена вывоза нефтешлам,industry,IND-004,АЗС,PAIN_ACTION,нефтешлам,waste,commercial,Отраслевая карточка,pain_action,3
цена вывоза сорбент,industry,IND-004,АЗС,PAIN_ACTION,сорбент,waste,commercial,Отраслевая карточка,pain_action,3
что делать после разлив топлива,industry,IND-004,АЗС,PAIN_ACTION,разлив топлива,incident,diagnostic,Отраслевая карточка,pain_action,5
что делать при разлив топлива,industry,IND-004,АЗС,PAIN_ACTION,разлив топлива,incident,diagnostic,Отраслевая карточка,pain_action,5
что делать с нефтесодержащие стоки,industry,IND-004,АЗС,PAIN_ACTION,нефтесодержащие стоки,water,diagnostic,Отраслевая карточка,pain_action,5
что делать с нефтешлам,industry,IND-004,АЗС,PAIN_ACTION,нефтешлам,waste,diagnostic,Отраслевая карточка,pain_action,4
что делать с пары бензина,industry,IND-004,АЗС,PAIN_ACTION,пары бензина,air,diagnostic,Отраслевая карточка,pain_action,5
что делать с сорбент,industry,IND-004,АЗС,PAIN_ACTION,сорбент,waste,diagnostic,Отраслевая карточка,pain_action,4
штраф за разлив топлива,industry,IND-004,АЗС,PAIN_ACTION,разлив топлива,incident,urgent,Отраслевая карточка,pain_action,4
вывоз нефтесодержащие стоки азс,industry,IND-004,АЗС,PAIN_X_INDUSTRY,нефтесодержащие стоки,water,commercial,Отраслевая карточка,pain_x_industry,4
вывоз нефтешлам азс,industry,IND-004,АЗС,PAIN_X_INDUSTRY,нефтешлам,waste,commercial,Отраслевая карточка,pain_x_industry,3
вывоз пары бензина азс,industry,IND-004,АЗС,PAIN_X_INDUSTRY,пары бензина,air,commercial,Отраслевая карточка,pain_x_industry,4
вывоз разлив топлива азс,industry,IND-004,АЗС,PAIN_X_INDUSTRY,разлив топлива,incident,commercial,Отраслевая карточка,pain_x_industry,4
вывоз сорбент азс,industry,IND-004,АЗС,PAIN_X_INDUSTRY,сорбент,waste,commercial,Отраслевая карточка,pain_x_industry,3
как учитывать нефтесодержащие стоки азс,industry,IND-004,АЗС,PAIN_X_INDUSTRY,нефтесодержащие стоки,water,diagnostic,Отраслевая карточка,pain_x_industry,5
как учитывать нефтешлам азс,industry,IND-004,АЗС,PAIN_X_INDUSTRY,нефтешлам,waste,diagnostic,Отраслевая карточка,pain_x_industry,4
как учитывать пары бензина азс,industry,IND-004,АЗС,PAIN_X_INDUSTRY,пары бензина,air,diagnostic,Отраслевая карточка,pain_x_industry,5
как учитывать разлив топлива азс,industry,IND-004,АЗС,PAIN_X_INDUSTRY,разлив топлива,incident,diagnostic,Отраслевая карточка,pain_x_industry,5
как учитывать сорбент азс,industry,IND-004,АЗС,PAIN_X_INDUSTRY,сорбент,waste,diagnostic,Отраслевая карточка,pain_x_industry,4
как хранить нефтесодержащие стоки азс,industry,IND-004,АЗС,PAIN_X_INDUSTRY,нефтесодержащие стоки,water,diagnostic,Отраслевая карточка,pain_x_industry,5
как хранить нефтешлам азс,industry,IND-004,АЗС,PAIN_X_INDUSTRY,нефтешлам,waste,diagnostic,Отраслевая карточка,pain_x_industry,4
как хранить пары бензина азс,industry,IND-004,АЗС,PAIN_X_INDUSTRY,пары бензина,air,diagnostic,Отраслевая карточка,pain_x_industry,5
как хранить разлив топлива азс,industry,IND-004,АЗС,PAIN_X_INDUSTRY,разлив топлива,incident,diagnostic,Отраслевая карточка,pain_x_industry,5
как хранить сорбент азс,industry,IND-004,АЗС,PAIN_X_INDUSTRY,сорбент,waste,diagnostic,Отраслевая карточка,pain_x_industry,4
кто принимает нефтесодержащие стоки азс,industry,IND-004,АЗС,PAIN_X_INDUSTRY,нефтесодержащие стоки,water,diagnostic,Отраслевая карточка,pain_x_industry,5
кто принимает нефтешлам азс,industry,IND-004,АЗС,PAIN_X_INDUSTRY,нефтешлам,waste,diagnostic,Отраслевая карточка,pain_x_industry,4
кто принимает пары бензина азс,industry,IND-004,АЗС,PAIN_X_INDUSTRY,пары бензина,air,diagnostic,Отраслевая карточка,pain_x_industry,5
кто принимает разлив топлива азс,industry,IND-004,АЗС,PAIN_X_INDUSTRY,разлив топлива,incident,diagnostic,Отраслевая карточка,pain_x_industry,5
кто принимает сорбент азс,industry,IND-004,АЗС,PAIN_X_INDUSTRY,сорбент,waste,diagnostic,Отраслевая карточка,pain_x_industry,4
куда девать нефтесодержащие стоки азс,industry,IND-004,АЗС,PAIN_X_INDUSTRY,нефтесодержащие стоки,water,diagnostic,Отраслевая карточка,pain_x_industry,5
куда девать нефтешлам азс,industry,IND-004,АЗС,PAIN_X_INDUSTRY,нефтешлам,waste,diagnostic,Отраслевая карточка,pain_x_industry,4
куда девать пары бензина азс,industry,IND-004,АЗС,PAIN_X_INDUSTRY,пары бензина,air,diagnostic,Отраслевая карточка,pain_x_industry,5
куда девать разлив топлива азс,industry,IND-004,АЗС,PAIN_X_INDUSTRY,разлив топлива,incident,diagnostic,Отраслевая карточка,pain_x_industry,5
куда девать сорбент азс,industry,IND-004,АЗС,PAIN_X_INDUSTRY,сорбент,waste,diagnostic,Отраслевая карточка,pain_x_industry,4
куда сдавать нефтесодержащие стоки азс,industry,IND-004,АЗС,PAIN_X_INDUSTRY,нефтесодержащие стоки,water,diagnostic,Отраслевая карточка,pain_x_industry,5
куда сдавать нефтешлам азс,industry,IND-004,АЗС,PAIN_X_INDUSTRY,нефтешлам,waste,diagnostic,Отраслевая карточка,pain_x_industry,4
куда сдавать пары бензина азс,industry,IND-004,АЗС,PAIN_X_INDUSTRY,пары бензина,air,diagnostic,Отраслевая карточка,pain_x_industry,5
куда сдавать разлив топлива азс,industry,IND-004,АЗС,PAIN_X_INDUSTRY,разлив топлива,incident,diagnostic,Отраслевая карточка,pain_x_industry,5
куда сдавать сорбент азс,industry,IND-004,АЗС,PAIN_X_INDUSTRY,сорбент,waste,diagnostic,Отраслевая карточка,pain_x_industry,4
нефтесодержащие стоки азс,industry,IND-004,АЗС,PAIN_X_INDUSTRY,нефтесодержащие стоки,water,mixed,Отраслевая карточка,pain_x_industry,3
нефтесодержащие стоки для азс,industry,IND-004,АЗС,PAIN_X_INDUSTRY,нефтесодержащие стоки,water,mixed,Отраслевая карточка,pain_x_industry,4
нефтесодержащие стоки на азс,industry,IND-004,АЗС,PAIN_X_INDUSTRY,нефтесодержащие стоки,water,mixed,Отраслевая карточка,pain_x_industry,4
нефтешлам азс,industry,IND-004,АЗС,PAIN_X_INDUSTRY,нефтешлам,waste,mixed,Отраслевая карточка,pain_x_industry,2
нефтешлам для азс,industry,IND-004,АЗС,PAIN_X_INDUSTRY,нефтешлам,waste,mixed,Отраслевая карточка,pain_x_industry,3
нефтешлам на азс,industry,IND-004,АЗС,PAIN_X_INDUSTRY,нефтешлам,waste,mixed,Отраслевая карточка,pain_x_industry,3
нужен ли договор на нефтесодержащие стоки азс,industry,IND-004,АЗС,PAIN_X_INDUSTRY,нефтесодержащие стоки,water,diagnostic,Отраслевая карточка,pain_x_industry,7
нужен ли договор на нефтешлам азс,industry,IND-004,АЗС,PAIN_X_INDUSTRY,нефтешлам,waste,diagnostic,Отраслевая карточка,pain_x_industry,6
нужен ли договор на пары бензина азс,industry,IND-004,АЗС,PAIN_X_INDUSTRY,пары бензина,air,diagnostic,Отраслевая карточка,pain_x_industry,7
нужен ли договор на разлив топлива азс,industry,IND-004,АЗС,PAIN_X_INDUSTRY,разлив топлива,incident,diagnostic,Отраслевая карточка,pain_x_industry,7
нужен ли договор на сорбент азс,industry,IND-004,АЗС,PAIN_X_INDUSTRY,сорбент,waste,diagnostic,Отраслевая карточка,pain_x_industry,6
нужен ли паспорт на нефтесодержащие стоки азс,industry,IND-004,АЗС,PAIN_X_INDUSTRY,нефтесодержащие стоки,water,diagnostic,Отраслевая карточка,pain_x_industry,7
нужен ли паспорт на нефтешлам азс,industry,IND-004,АЗС,PAIN_X_INDUSTRY,нефтешлам,waste,diagnostic,Отраслевая карточка,pain_x_industry,6
нужен ли паспорт на пары бензина азс,industry,IND-004,АЗС,PAIN_X_INDUSTRY,пары бензина,air,diagnostic,Отраслевая карточка,pain_x_industry,7
нужен ли паспорт на разлив топлива азс,industry,IND-004,АЗС,PAIN_X_INDUSTRY,разлив топлива,incident,diagnostic,Отраслевая карточка,pain_x_industry,7
нужен ли паспорт на сорбент азс,industry,IND-004,АЗС,PAIN_X_INDUSTRY,сорбент,waste,diagnostic,Отраслевая карточка,pain_x_industry,6
пары бензина азс,industry,IND-004,АЗС,PAIN_X_INDUSTRY,пары бензина,air,mixed,Отраслевая карточка,pain_x_industry,3
пары бензина для азс,industry,IND-004,АЗС,PAIN_X_INDUSTRY,пары бензина,air,mixed,Отраслевая карточка,pain_x_industry,4
пары бензина на азс,industry,IND-004,АЗС,PAIN_X_INDUSTRY,пары бензина,air,mixed,Отраслевая карточка,pain_x_industry,4
разлив топлива азс,industry,IND-004,АЗС,PAIN_X_INDUSTRY,разлив топлива,incident,mixed,Отраслевая карточка,pain_x_industry,3
разлив топлива для азс,industry,IND-004,АЗС,PAIN_X_INDUSTRY,разлив топлива,incident,mixed,Отраслевая карточка,pain_x_industry,4
разлив топлива на азс,industry,IND-004,АЗС,PAIN_X_INDUSTRY,разлив топлива,incident,mixed,Отраслевая карточка,pain_x_industry,4
сорбент азс,industry,IND-004,АЗС,PAIN_X_INDUSTRY,сорбент,waste,mixed,Отраслевая карточка,pain_x_industry,2
сорбент для азс,industry,IND-004,АЗС,PAIN_X_INDUSTRY,сорбент,waste,mixed,Отраслевая карточка,pain_x_industry,3
сорбент на азс,industry,IND-004,АЗС,PAIN_X_INDUSTRY,сорбент,waste,mixed,Отраслевая карточка,pain_x_industry,3
утилизация нефтесодержащие стоки азс,industry,IND-004,АЗС,PAIN_X_INDUSTRY,нефтесодержащие стоки,water,commercial,Отраслевая карточка,pain_x_industry,4
утилизация нефтешлам азс,industry,IND-004,АЗС,PAIN_X_INDUSTRY,нефтешлам,waste,commercial,Отраслевая карточка,pain_x_industry,3
утилизация пары бензина азс,industry,IND-004,АЗС,PAIN_X_INDUSTRY,пары бензина,air,commercial,Отраслевая карточка,pain_x_industry,4
утилизация разлив топлива азс,industry,IND-004,АЗС,PAIN_X_INDUSTRY,разлив топлива,incident,commercial,Отраслевая карточка,pain_x_industry,4
утилизация сорбент азс,industry,IND-004,АЗС,PAIN_X_INDUSTRY,сорбент,waste,commercial,Отраслевая карточка,pain_x_industry,3
цена утилизации нефтесодержащие стоки азс,industry,IND-004,АЗС,PAIN_X_INDUSTRY,нефтесодержащие стоки,water,commercial,Отраслевая карточка,pain_x_industry,5
цена утилизации нефтешлам азс,industry,IND-004,АЗС,PAIN_X_INDUSTRY,нефтешлам,waste,commercial,Отраслевая карточка,pain_x_industry,4
цена утилизации пары бензина азс,industry,IND-004,АЗС,PAIN_X_INDUSTRY,пары бензина,air,commercial,Отраслевая карточка,pain_x_industry,5
цена утилизации разлив топлива азс,industry,IND-004,АЗС,PAIN_X_INDUSTRY,разлив топлива,incident,commercial,Отраслевая карточка,pain_x_industry,5
цена утилизации сорбент азс,industry,IND-004,АЗС,PAIN_X_INDUSTRY,сорбент,waste,commercial,Отраслевая карточка,pain_x_industry,4
что делать с нефтесодержащие стоки азс,industry,IND-004,АЗС,PAIN_X_INDUSTRY,нефтесодержащие стоки,water,diagnostic,Отраслевая карточка,pain_x_industry,6
что делать с нефтешлам азс,industry,IND-004,АЗС,PAIN_X_INDUSTRY,нефтешлам,waste,diagnostic,Отраслевая карточка,pain_x_industry,5
что делать с пары бензина азс,industry,IND-004,АЗС,PAIN_X_INDUSTRY,пары бензина,air,diagnostic,Отраслевая карточка,pain_x_industry,6
что делать с разлив топлива азс,industry,IND-004,АЗС,PAIN_X_INDUSTRY,разлив топлива,incident,diagnostic,Отраслевая карточка,pain_x_industry,6
что делать с сорбент азс,industry,IND-004,АЗС,PAIN_X_INDUSTRY,сорбент,waste,diagnostic,Отраслевая карточка,pain_x_industry,5
2 тп отходы автомойки,industry,IND-001,Автомойки,INDUSTRY_DIRECT,,,mixed,Отходы / учёт и отчётность,industry_template,4
ПЭК автомойки,industry,IND-001,Автомойки,INDUSTRY_DIRECT,,,mixed,Отраслевая карточка,industry_template,2
выбросы автомойки,industry,IND-001,Автомойки,INDUSTRY_DIRECT,,,mixed,Воздух,industry_template,2
запуск автомойки экологические документы,industry,IND-001,Автомойки,INDUSTRY_DIRECT,,,urgent,Отраслевая карточка,industry_template,4
какая экологическая отчетность у автомойки,industry,IND-001,Автомойки,INDUSTRY_DIRECT,,,mixed,Отходы / учёт и отчётность,industry_template,5
какие требования по экологии автомойки,industry,IND-001,Автомойки,INDUSTRY_DIRECT,,,diagnostic,Отраслевая карточка,industry_template,5
какие экологические документы нужны автомойки,industry,IND-001,Автомойки,INDUSTRY_DIRECT,,,mixed,Отраслевая карточка,industry_template,5
категория НВОС автомойки,industry,IND-001,Автомойки,INDUSTRY_DIRECT,,,mixed,НВОС,industry_template,3
ливневые воды автомойки,industry,IND-001,Автомойки,INDUSTRY_DIRECT,,,mixed,Вода,industry_template,3
нужен ли эколог автомойки,industry,IND-001,Автомойки,INDUSTRY_DIRECT,,,diagnostic,Отраслевая карточка,industry_template,4
нужно ли ставить на учет НВОС автомойки,industry,IND-001,Автомойки,INDUSTRY_DIRECT,,,mixed,НВОС,industry_template,7
отходы автомойки,industry,IND-001,Автомойки,INDUSTRY_DIRECT,,,mixed,Отраслевая карточка,industry_template,2
очистные автомойки,industry,IND-001,Автомойки,INDUSTRY_DIRECT,,,mixed,Вода,industry_template,2
предписание экология автомойки,industry,IND-001,Автомойки,INDUSTRY_DIRECT,,,urgent,Отраслевая карточка,industry_template,3
проверка экология автомойки,industry,IND-001,Автомойки,INDUSTRY_DIRECT,,,urgent,Отраслевая карточка,industry_template,3
сточные воды автомойки,industry,IND-001,Автомойки,INDUSTRY_DIRECT,,,mixed,Вода,industry_template,3
учет отходов автомойки,industry,IND-001,Автомойки,INDUSTRY_DIRECT,,,mixed,Отходы / учёт и отчётность,industry_template,3
что нужно по экологии автомойки,industry,IND-001,Автомойки,INDUSTRY_DIRECT,,,mixed,Отраслевая карточка,industry_template,5
что сдавать по экологии автомойки,industry,IND-001,Автомойки,INDUSTRY_DIRECT,,,mixed,Отраслевая карточка,industry_template,5
штраф экология автомойки,industry,IND-001,Автомойки,INDUSTRY_DIRECT,,,urgent,Отраслевая карточка,industry_template,3
анализ сточные воды,industry,IND-001,Автомойки,PAIN_ACTION,сточные воды,water,mixed,Вода,pain_action,3
вывоз осадок очистных,industry,IND-001,Автомойки,PAIN_ACTION,осадок очистных,waste,commercial,Вода,pain_action,3
вывоз шлам автомойки,industry,IND-001,Автомойки,PAIN_ACTION,шлам автомойки,waste,commercial,Отраслевая карточка,pain_action,3
как накапливать осадок очистных,industry,IND-001,Автомойки,PAIN_ACTION,осадок очистных,waste,mixed,Вода,pain_action,4
как накапливать шлам автомойки,industry,IND-001,Автомойки,PAIN_ACTION,шлам автомойки,waste,mixed,Отраслевая карточка,pain_action,4
как обслуживать нефтеловушка,industry,IND-001,Автомойки,PAIN_ACTION,нефтеловушка,equipment,mixed,Отраслевая карточка,pain_action,3
как очищать сточные воды,industry,IND-001,Автомойки,PAIN_ACTION,сточные воды,water,mixed,Вода,pain_action,4
как учитывать моющие средства,industry,IND-001,Автомойки,PAIN_ACTION,моющие средства,general,diagnostic,Отраслевая карточка,pain_action,4
как учитывать осадок очистных,industry,IND-001,Автомойки,PAIN_ACTION,осадок очистных,waste,diagnostic,Вода,pain_action,4
как учитывать песок из отстойника,industry,IND-001,Автомойки,PAIN_ACTION,песок из отстойника,general,diagnostic,Отраслевая карточка,pain_action,5
как учитывать шлам автомойки,industry,IND-001,Автомойки,PAIN_ACTION,шлам автомойки,waste,diagnostic,Отраслевая карточка,pain_action,4
как хранить осадок очистных,industry,IND-001,Автомойки,PAIN_ACTION,осадок очистных,waste,diagnostic,Вода,pain_action,4
как хранить шлам автомойки,industry,IND-001,Автомойки,PAIN_ACTION,шлам автомойки,waste,diagnostic,Отраслевая карточка,pain_action,4
какие документы на нефтеловушка,industry,IND-001,Автомойки,PAIN_ACTION,нефтеловушка,equipment,diagnostic,Отраслевая карточка,pain_action,4
какой класс опасности осадок очистных,industry,IND-001,Автомойки,PAIN_ACTION,осадок очистных,waste,mixed,Вода,pain_action,5
какой класс опасности шлам автомойки,industry,IND-001,Автомойки,PAIN_ACTION,шлам автомойки,waste,mixed,Отраслевая карточка,pain_action,5
контроль сточные воды,industry,IND-001,Автомойки,PAIN_ACTION,сточные воды,water,mixed,Вода,pain_action,3
кто забирает осадок очистных,industry,IND-001,Автомойки,PAIN_ACTION,осадок очистных,waste,mixed,Вода,pain_action,4
кто забирает шлам автомойки,industry,IND-001,Автомойки,PAIN_ACTION,шлам автомойки,waste,mixed,Отраслевая карточка,pain_action,4
кто принимает осадок очистных,industry,IND-001,Автомойки,PAIN_ACTION,осадок очистных,waste,diagnostic,Вода,pain_action,4
кто принимает шлам автомойки,industry,IND-001,Автомойки,PAIN_ACTION,шлам автомойки,waste,diagnostic,Отраслевая карточка,pain_action,4
куда девать осадок очистных,industry,IND-001,Автомойки,PAIN_ACTION,осадок очистных,waste,diagnostic,Вода,pain_action,4
куда девать шлам автомойки,industry,IND-001,Автомойки,PAIN_ACTION,шлам автомойки,waste,diagnostic,Отраслевая карточка,pain_action,4
куда отводить сточные воды,industry,IND-001,Автомойки,PAIN_ACTION,сточные воды,water,diagnostic,Вода,pain_action,4
куда передавать осадок очистных,industry,IND-001,Автомойки,PAIN_ACTION,осадок очистных,waste,diagnostic,Вода,pain_action,4
куда передавать шлам автомойки,industry,IND-001,Автомойки,PAIN_ACTION,шлам автомойки,waste,diagnostic,Отраслевая карточка,pain_action,4
куда сдавать осадок очистных,industry,IND-001,Автомойки,PAIN_ACTION,осадок очистных,waste,diagnostic,Вода,pain_action,4
куда сдавать шлам автомойки,industry,IND-001,Автомойки,PAIN_ACTION,шлам автомойки,waste,diagnostic,Отраслевая карточка,pain_action,4
куда сливать сточные воды,industry,IND-001,Автомойки,PAIN_ACTION,сточные воды,water,diagnostic,Вода,pain_action,4
можно ли выбрасывать осадок очистных,industry,IND-001,Автомойки,PAIN_ACTION,осадок очистных,waste,mixed,Вода,pain_action,5
можно ли выбрасывать шлам автомойки,industry,IND-001,Автомойки,PAIN_ACTION,шлам автомойки,waste,mixed,Отраслевая карточка,pain_action,5
можно ли сбрасывать сточные воды,industry,IND-001,Автомойки,PAIN_ACTION,сточные воды,water,mixed,Вода,pain_action,5
можно ли хранить осадок очистных на улице,industry,IND-001,Автомойки,PAIN_ACTION,осадок очистных,waste,mixed,Вода,pain_action,7
можно ли хранить шлам автомойки на улице,industry,IND-001,Автомойки,PAIN_ACTION,шлам автомойки,waste,mixed,Отраслевая карточка,pain_action,7
нормативы сточные воды,industry,IND-001,Автомойки,PAIN_ACTION,сточные воды,water,mixed,Вода,pain_action,3
нужен ли договор на осадок очистных,industry,IND-001,Автомойки,PAIN_ACTION,осадок очистных,waste,diagnostic,Вода,pain_action,6
нужен ли договор на шлам автомойки,industry,IND-001,Автомойки,PAIN_ACTION,шлам автомойки,waste,diagnostic,Отраслевая карточка,pain_action,6
нужен ли контроль нефтеловушка,industry,IND-001,Автомойки,PAIN_ACTION,нефтеловушка,equipment,diagnostic,Отраслевая карточка,pain_action,4
нужен ли паспорт на осадок очистных,industry,IND-001,Автомойки,PAIN_ACTION,осадок очистных,waste,diagnostic,Вода,pain_action,6
нужен ли паспорт на шлам автомойки,industry,IND-001,Автомойки,PAIN_ACTION,шлам автомойки,waste,diagnostic,Отраслевая карточка,pain_action,6
нужна ли нефтеловушка,industry,IND-001,Автомойки,PAIN_ACTION,нефтеловушка,equipment,mixed,Отраслевая карточка,pain_action,3
нужны ли документы на моющие средства,industry,IND-001,Автомойки,PAIN_ACTION,моющие средства,general,mixed,Отраслевая карточка,pain_action,6
нужны ли документы на песок из отстойника,industry,IND-001,Автомойки,PAIN_ACTION,песок из отстойника,general,mixed,Отраслевая карточка,pain_action,7
нужны ли очистные для сточные воды,industry,IND-001,Автомойки,PAIN_ACTION,сточные воды,water,mixed,Вода,pain_action,6
обезвреживание осадок очистных,industry,IND-001,Автомойки,PAIN_ACTION,осадок очистных,waste,commercial,Вода,pain_action,3
обезвреживание шлам автомойки,industry,IND-001,Автомойки,PAIN_ACTION,шлам автомойки,waste,commercial,Отраслевая карточка,pain_action,3
переработка осадок очистных,industry,IND-001,Автомойки,PAIN_ACTION,осадок очистных,waste,mixed,Вода,pain_action,3
переработка шлам автомойки,industry,IND-001,Автомойки,PAIN_ACTION,шлам автомойки,waste,mixed,Отраслевая карточка,pain_action,3
прием осадок очистных,industry,IND-001,Автомойки,PAIN_ACTION,осадок очистных,waste,mixed,Вода,pain_action,3
прием шлам автомойки,industry,IND-001,Автомойки,PAIN_ACTION,шлам автомойки,waste,mixed,Отраслевая карточка,pain_action,3
проверка нефтеловушка,industry,IND-001,Автомойки,PAIN_ACTION,нефтеловушка,equipment,urgent,Отраслевая карточка,pain_action,2
размещение осадок очистных,industry,IND-001,Автомойки,PAIN_ACTION,осадок очистных,waste,commercial,Вода,pain_action,3
размещение шлам автомойки,industry,IND-001,Автомойки,PAIN_ACTION,шлам автомойки,waste,commercial,Отраслевая карточка,pain_action,3
стоимость утилизации осадок очистных,industry,IND-001,Автомойки,PAIN_ACTION,осадок очистных,waste,commercial,Вода,pain_action,4
стоимость утилизации шлам автомойки,industry,IND-001,Автомойки,PAIN_ACTION,шлам автомойки,waste,commercial,Отраслевая карточка,pain_action,4
требования к моющие средства,industry,IND-001,Автомойки,PAIN_ACTION,моющие средства,general,mixed,Отраслевая карточка,pain_action,4
требования к нефтеловушка,industry,IND-001,Автомойки,PAIN_ACTION,нефтеловушка,equipment,mixed,Отраслевая карточка,pain_action,3
требования к песок из отстойника,industry,IND-001,Автомойки,PAIN_ACTION,песок из отстойника,general,mixed,Отраслевая карточка,pain_action,5
требования к сточные воды,industry,IND-001,Автомойки,PAIN_ACTION,сточные воды,water,mixed,Вода,pain_action,4
утилизация осадок очистных,industry,IND-001,Автомойки,PAIN_ACTION,осадок очистных,waste,commercial,Вода,pain_action,3
утилизация шлам автомойки,industry,IND-001,Автомойки,PAIN_ACTION,шлам автомойки,waste,commercial,Отраслевая карточка,pain_action,3
учет сточные воды,industry,IND-001,Автомойки,PAIN_ACTION,сточные воды,water,mixed,Вода,pain_action,3
цена вывоза осадок очистных,industry,IND-001,Автомойки,PAIN_ACTION,осадок очистных,waste,commercial,Вода,pain_action,4
цена вывоза шлам автомойки,industry,IND-001,Автомойки,PAIN_ACTION,шлам автомойки,waste,commercial,Отраслевая карточка,pain_action,4
что делать если есть нефтеловушка,industry,IND-001,Автомойки,PAIN_ACTION,нефтеловушка,equipment,diagnostic,Отраслевая карточка,pain_action,5
что делать с моющие средства,industry,IND-001,Автомойки,PAIN_ACTION,моющие средства,general,diagnostic,Отраслевая карточка,pain_action,5
что делать с осадок очистных,industry,IND-001,Автомойки,PAIN_ACTION,осадок очистных,waste,diagnostic,Вода,pain_action,5
что делать с песок из отстойника,industry,IND-001,Автомойки,PAIN_ACTION,песок из отстойника,general,diagnostic,Отраслевая карточка,pain_action,6
что делать с сточные воды,industry,IND-001,Автомойки,PAIN_ACTION,сточные воды,water,diagnostic,Вода,pain_action,5
что делать с шлам автомойки,industry,IND-001,Автомойки,PAIN_ACTION,шлам автомойки,waste,diagnostic,Отраслевая карточка,pain_action,5
вывоз моющие средства автомойки,industry,IND-001,Автомойки,PAIN_X_INDUSTRY,моющие средства,general,commercial,Отраслевая карточка,pain_x_industry,4
вывоз нефтеловушка автомойки,industry,IND-001,Автомойки,PAIN_X_INDUSTRY,нефтеловушка,equipment,commercial,Отраслевая карточка,pain_x_industry,3
вывоз осадок очистных автомойки,industry,IND-001,Автомойки,PAIN_X_INDUSTRY,осадок очистных,waste,commercial,Вода,pain_x_industry,4
вывоз песок из отстойника автомойки,industry,IND-001,Автомойки,PAIN_X_INDUSTRY,песок из отстойника,general,commercial,Отраслевая карточка,pain_x_industry,5
вывоз сточные воды автомойки,industry,IND-001,Автомойки,PAIN_X_INDUSTRY,сточные воды,water,commercial,Вода,pain_x_industry,4
вывоз шлам автомойки автомойки,industry,IND-001,Автомойки,PAIN_X_INDUSTRY,шлам автомойки,waste,commercial,Отраслевая карточка,pain_x_industry,4
как учитывать моющие средства автомойки,industry,IND-001,Автомойки,PAIN_X_INDUSTRY,моющие средства,general,diagnostic,Отраслевая карточка,pain_x_industry,5
как учитывать нефтеловушка автомойки,industry,IND-001,Автомойки,PAIN_X_INDUSTRY,нефтеловушка,equipment,diagnostic,Отраслевая карточка,pain_x_industry,4
как учитывать осадок очистных автомойки,industry,IND-001,Автомойки,PAIN_X_INDUSTRY,осадок очистных,waste,diagnostic,Вода,pain_x_industry,5
как учитывать песок из отстойника автомойки,industry,IND-001,Автомойки,PAIN_X_INDUSTRY,песок из отстойника,general,diagnostic,Отраслевая карточка,pain_x_industry,6
как учитывать сточные воды автомойки,industry,IND-001,Автомойки,PAIN_X_INDUSTRY,сточные воды,water,diagnostic,Вода,pain_x_industry,5
как учитывать шлам автомойки автомойки,industry,IND-001,Автомойки,PAIN_X_INDUSTRY,шлам автомойки,waste,diagnostic,Отраслевая карточка,pain_x_industry,5
как хранить моющие средства автомойки,industry,IND-001,Автомойки,PAIN_X_INDUSTRY,моющие средства,general,diagnostic,Отраслевая карточка,pain_x_industry,5
как хранить нефтеловушка автомойки,industry,IND-001,Автомойки,PAIN_X_INDUSTRY,нефтеловушка,equipment,diagnostic,Отраслевая карточка,pain_x_industry,4
как хранить осадок очистных автомойки,industry,IND-001,Автомойки,PAIN_X_INDUSTRY,осадок очистных,waste,diagnostic,Вода,pain_x_industry,5
как хранить песок из отстойника автомойки,industry,IND-001,Автомойки,PAIN_X_INDUSTRY,песок из отстойника,general,diagnostic,Отраслевая карточка,pain_x_industry,6
как хранить сточные воды автомойки,industry,IND-001,Автомойки,PAIN_X_INDUSTRY,сточные воды,water,diagnostic,Вода,pain_x_industry,5
как хранить шлам автомойки автомойки,industry,IND-001,Автомойки,PAIN_X_INDUSTRY,шлам автомойки,waste,diagnostic,Отраслевая карточка,pain_x_industry,5
кто принимает моющие средства автомойки,industry,IND-001,Автомойки,PAIN_X_INDUSTRY,моющие средства,general,diagnostic,Отраслевая карточка,pain_x_industry,5
кто принимает нефтеловушка автомойки,industry,IND-001,Автомойки,PAIN_X_INDUSTRY,нефтеловушка,equipment,diagnostic,Отраслевая карточка,pain_x_industry,4
кто принимает осадок очистных автомойки,industry,IND-001,Автомойки,PAIN_X_INDUSTRY,осадок очистных,waste,diagnostic,Вода,pain_x_industry,5
кто принимает песок из отстойника автомойки,industry,IND-001,Автомойки,PAIN_X_INDUSTRY,песок из отстойника,general,diagnostic,Отраслевая карточка,pain_x_industry,6
кто принимает сточные воды автомойки,industry,IND-001,Автомойки,PAIN_X_INDUSTRY,сточные воды,water,diagnostic,Вода,pain_x_industry,5
кто принимает шлам автомойки автомойки,industry,IND-001,Автомойки,PAIN_X_INDUSTRY,шлам автомойки,waste,diagnostic,Отраслевая карточка,pain_x_industry,5
куда девать моющие средства автомойки,industry,IND-001,Автомойки,PAIN_X_INDUSTRY,моющие средства,general,diagnostic,Отраслевая карточка,pain_x_industry,5
куда девать нефтеловушка автомойки,industry,IND-001,Автомойки,PAIN_X_INDUSTRY,нефтеловушка,equipment,diagnostic,Отраслевая карточка,pain_x_industry,4
куда девать осадок очистных автомойки,industry,IND-001,Автомойки,PAIN_X_INDUSTRY,осадок очистных,waste,diagnostic,Вода,pain_x_industry,5
куда девать песок из отстойника автомойки,industry,IND-001,Автомойки,PAIN_X_INDUSTRY,песок из отстойника,general,diagnostic,Отраслевая карточка,pain_x_industry,6
куда девать сточные воды автомойки,industry,IND-001,Автомойки,PAIN_X_INDUSTRY,сточные воды,water,diagnostic,Вода,pain_x_industry,5
куда девать шлам автомойки автомойки,industry,IND-001,Автомойки,PAIN_X_INDUSTRY,шлам автомойки,waste,diagnostic,Отраслевая карточка,pain_x_industry,5
куда сдавать моющие средства автомойки,industry,IND-001,Автомойки,PAIN_X_INDUSTRY,моющие средства,general,diagnostic,Отраслевая карточка,pain_x_industry,5
куда сдавать нефтеловушка автомойки,industry,IND-001,Автомойки,PAIN_X_INDUSTRY,нефтеловушка,equipment,diagnostic,Отраслевая карточка,pain_x_industry,4
куда сдавать осадок очистных автомойки,industry,IND-001,Автомойки,PAIN_X_INDUSTRY,осадок очистных,waste,diagnostic,Вода,pain_x_industry,5
куда сдавать песок из отстойника автомойки,industry,IND-001,Автомойки,PAIN_X_INDUSTRY,песок из отстойника,general,diagnostic,Отраслевая карточка,pain_x_industry,6
куда сдавать сточные воды автомойки,industry,IND-001,Автомойки,PAIN_X_INDUSTRY,сточные воды,water,diagnostic,Вода,pain_x_industry,5
куда сдавать шлам автомойки автомойки,industry,IND-001,Автомойки,PAIN_X_INDUSTRY,шлам автомойки,waste,diagnostic,Отраслевая карточка,pain_x_industry,5
моющие средства автомойки,industry,IND-001,Автомойки,PAIN_X_INDUSTRY,моющие средства,general,mixed,Отраслевая карточка,pain_x_industry,3
моющие средства для автомойки,industry,IND-001,Автомойки,PAIN_X_INDUSTRY,моющие средства,general,mixed,Отраслевая карточка,pain_x_industry,4
моющие средства на автомойки,industry,IND-001,Автомойки,PAIN_X_INDUSTRY,моющие средства,general,mixed,Отраслевая карточка,pain_x_industry,4
нефтеловушка автомойки,industry,IND-001,Автомойки,PAIN_X_INDUSTRY,нефтеловушка,equipment,mixed,Отраслевая карточка,pain_x_industry,2
нефтеловушка для автомойки,industry,IND-001,Автомойки,PAIN_X_INDUSTRY,нефтеловушка,equipment,mixed,Отраслевая карточка,pain_x_industry,3
нефтеловушка на автомойки,industry,IND-001,Автомойки,PAIN_X_INDUSTRY,нефтеловушка,equipment,mixed,Отраслевая карточка,pain_x_industry,3
нужен ли договор на моющие средства автомойки,industry,IND-001,Автомойки,PAIN_X_INDUSTRY,моющие средства,general,diagnostic,Отраслевая карточка,pain_x_industry,7
нужен ли договор на нефтеловушка автомойки,industry,IND-001,Автомойки,PAIN_X_INDUSTRY,нефтеловушка,equipment,diagnostic,Отраслевая карточка,pain_x_industry,6
нужен ли договор на осадок очистных автомойки,industry,IND-001,Автомойки,PAIN_X_INDUSTRY,осадок очистных,waste,diagnostic,Вода,pain_x_industry,7
нужен ли договор на песок из отстойника автомойки,industry,IND-001,Автомойки,PAIN_X_INDUSTRY,песок из отстойника,general,diagnostic,Отраслевая карточка,pain_x_industry,8
нужен ли договор на сточные воды автомойки,industry,IND-001,Автомойки,PAIN_X_INDUSTRY,сточные воды,water,diagnostic,Вода,pain_x_industry,7
нужен ли договор на шлам автомойки автомойки,industry,IND-001,Автомойки,PAIN_X_INDUSTRY,шлам автомойки,waste,diagnostic,Отраслевая карточка,pain_x_industry,7
нужен ли паспорт на моющие средства автомойки,industry,IND-001,Автомойки,PAIN_X_INDUSTRY,моющие средства,general,diagnostic,Отраслевая карточка,pain_x_industry,7
нужен ли паспорт на нефтеловушка автомойки,industry,IND-001,Автомойки,PAIN_X_INDUSTRY,нефтеловушка,equipment,diagnostic,Отраслевая карточка,pain_x_industry,6
нужен ли паспорт на осадок очистных автомойки,industry,IND-001,Автомойки,PAIN_X_INDUSTRY,осадок очистных,waste,diagnostic,Вода,pain_x_industry,7
нужен ли паспорт на песок из отстойника автомойки,industry,IND-001,Автомойки,PAIN_X_INDUSTRY,песок из отстойника,general,diagnostic,Отраслевая карточка,pain_x_industry,8
нужен ли паспорт на сточные воды автомойки,industry,IND-001,Автомойки,PAIN_X_INDUSTRY,сточные воды,water,diagnostic,Вода,pain_x_industry,7
нужен ли паспорт на шлам автомойки автомойки,industry,IND-001,Автомойки,PAIN_X_INDUSTRY,шлам автомойки,waste,diagnostic,Отраслевая карточка,pain_x_industry,7
осадок очистных автомойки,industry,IND-001,Автомойки,PAIN_X_INDUSTRY,осадок очистных,waste,mixed,Вода,pain_x_industry,3
осадок очистных для автомойки,industry,IND-001,Автомойки,PAIN_X_INDUSTRY,осадок очистных,waste,mixed,Вода,pain_x_industry,4
осадок очистных на автомойки,industry,IND-001,Автомойки,PAIN_X_INDUSTRY,осадок очистных,waste,mixed,Вода,pain_x_industry,4
песок из отстойника автомойки,industry,IND-001,Автомойки,PAIN_X_INDUSTRY,песок из отстойника,general,mixed,Отраслевая карточка,pain_x_industry,4
песок из отстойника для автомойки,industry,IND-001,Автомойки,PAIN_X_INDUSTRY,песок из отстойника,general,mixed,Отраслевая карточка,pain_x_industry,5
песок из отстойника на автомойки,industry,IND-001,Автомойки,PAIN_X_INDUSTRY,песок из отстойника,general,mixed,Отраслевая карточка,pain_x_industry,5
сточные воды для автомойки,industry,IND-001,Автомойки,PAIN_X_INDUSTRY,сточные воды,water,mixed,Вода,pain_x_industry,4
сточные воды на автомойки,industry,IND-001,Автомойки,PAIN_X_INDUSTRY,сточные воды,water,mixed,Вода,pain_x_industry,4
утилизация моющие средства автомойки,industry,IND-001,Автомойки,PAIN_X_INDUSTRY,моющие средства,general,commercial,Отраслевая карточка,pain_x_industry,4
утилизация нефтеловушка автомойки,industry,IND-001,Автомойки,PAIN_X_INDUSTRY,нефтеловушка,equipment,commercial,Отраслевая карточка,pain_x_industry,3
утилизация осадок очистных автомойки,industry,IND-001,Автомойки,PAIN_X_INDUSTRY,осадок очистных,waste,commercial,Вода,pain_x_industry,4
утилизация песок из отстойника автомойки,industry,IND-001,Автомойки,PAIN_X_INDUSTRY,песок из отстойника,general,commercial,Отраслевая карточка,pain_x_industry,5
утилизация сточные воды автомойки,industry,IND-001,Автомойки,PAIN_X_INDUSTRY,сточные воды,water,commercial,Вода,pain_x_industry,4
утилизация шлам автомойки автомойки,industry,IND-001,Автомойки,PAIN_X_INDUSTRY,шлам автомойки,waste,commercial,Отраслевая карточка,pain_x_industry,4
цена утилизации моющие средства автомойки,industry,IND-001,Автомойки,PAIN_X_INDUSTRY,моющие средства,general,commercial,Отраслевая карточка,pain_x_industry,5
цена утилизации нефтеловушка автомойки,industry,IND-001,Автомойки,PAIN_X_INDUSTRY,нефтеловушка,equipment,commercial,Отраслевая карточка,pain_x_industry,4
цена утилизации осадок очистных автомойки,industry,IND-001,Автомойки,PAIN_X_INDUSTRY,осадок очистных,waste,commercial,Вода,pain_x_industry,5
цена утилизации песок из отстойника автомойки,industry,IND-001,Автомойки,PAIN_X_INDUSTRY,песок из отстойника,general,commercial,Отраслевая карточка,pain_x_industry,6
цена утилизации сточные воды автомойки,industry,IND-001,Автомойки,PAIN_X_INDUSTRY,сточные воды,water,commercial,Вода,pain_x_industry,5
цена утилизации шлам автомойки автомойки,industry,IND-001,Автомойки,PAIN_X_INDUSTRY,шлам автомойки,waste,commercial,Отраслевая карточка,pain_x_industry,5
что делать с моющие средства автомойки,industry,IND-001,Автомойки,PAIN_X_INDUSTRY,моющие средства,general,diagnostic,Отраслевая карточка,pain_x_industry,6
что делать с нефтеловушка автомойки,industry,IND-001,Автомойки,PAIN_X_INDUSTRY,нефтеловушка,equipment,diagnostic,Отраслевая карточка,pain_x_industry,5
что делать с осадок очистных автомойки,industry,IND-001,Автомойки,PAIN_X_INDUSTRY,осадок очистных,waste,diagnostic,Вода,pain_x_industry,6
что делать с песок из отстойника автомойки,industry,IND-001,Автомойки,PAIN_X_INDUSTRY,песок из отстойника,general,diagnostic,Отраслевая карточка,pain_x_industry,7
что делать с сточные воды автомойки,industry,IND-001,Автомойки,PAIN_X_INDUSTRY,сточные воды,water,diagnostic,Вода,pain_x_industry,6
что делать с шлам автомойки автомойки,industry,IND-001,Автомойки,PAIN_X_INDUSTRY,шлам автомойки,waste,diagnostic,Отраслевая карточка,pain_x_industry,6
шлам автомойки автомойки,industry,IND-001,Автомойки,PAIN_X_INDUSTRY,шлам автомойки,waste,mixed,Отраслевая карточка,pain_x_industry,3
шлам автомойки для автомойки,industry,IND-001,Автомойки,PAIN_X_INDUSTRY,шлам автомойки,waste,mixed,Отраслевая карточка,pain_x_industry,4
шлам автомойки на автомойки,industry,IND-001,Автомойки,PAIN_X_INDUSTRY,шлам автомойки,waste,mixed,Отраслевая карточка,pain_x_industry,4
2 тп отходы автосервисы / сто / шиномонтаж,industry,IND-002,Автосервисы / СТО / шиномонтаж,INDUSTRY_DIRECT,,,mixed,Отходы / учёт и отчётность,industry_template,8
ПЭК автосервисы / сто / шиномонтаж,industry,IND-002,Автосервисы / СТО / шиномонтаж,INDUSTRY_DIRECT,,,mixed,Отраслевая карточка,industry_template,6
выбросы автосервисы / сто / шиномонтаж,industry,IND-002,Автосервисы / СТО / шиномонтаж,INDUSTRY_DIRECT,,,mixed,Воздух,industry_template,6
запуск автосервисы / сто / шиномонтаж экологические документы,industry,IND-002,Автосервисы / СТО / шиномонтаж,INDUSTRY_DIRECT,,,urgent,Отраслевая карточка,industry_template,8
какая экологическая отчетность у автосервисы / сто / шиномонтаж,industry,IND-002,Автосервисы / СТО / шиномонтаж,INDUSTRY_DIRECT,,,mixed,Отходы / учёт и отчётность,industry_template,9
какие требования по экологии автосервисы / сто / шиномонтаж,industry,IND-002,Автосервисы / СТО / шиномонтаж,INDUSTRY_DIRECT,,,diagnostic,Отраслевая карточка,industry_template,9
какие экологические документы нужны автосервисы / сто / шиномонтаж,industry,IND-002,Автосервисы / СТО / шиномонтаж,INDUSTRY_DIRECT,,,mixed,Отраслевая карточка,industry_template,9
категория НВОС автосервисы / сто / шиномонтаж,industry,IND-002,Автосервисы / СТО / шиномонтаж,INDUSTRY_DIRECT,,,mixed,НВОС,industry_template,7
ливневые воды автосервисы / сто / шиномонтаж,industry,IND-002,Автосервисы / СТО / шиномонтаж,INDUSTRY_DIRECT,,,mixed,Вода,industry_template,7
нужен ли эколог автосервисы / сто / шиномонтаж,industry,IND-002,Автосервисы / СТО / шиномонтаж,INDUSTRY_DIRECT,,,diagnostic,Отраслевая карточка,industry_template,8
нужно ли ставить на учет НВОС автосервисы / сто / шиномонтаж,industry,IND-002,Автосервисы / СТО / шиномонтаж,INDUSTRY_DIRECT,,,mixed,НВОС,industry_template,11
отходы автосервисы / сто / шиномонтаж,industry,IND-002,Автосервисы / СТО / шиномонтаж,INDUSTRY_DIRECT,,,mixed,Отраслевая карточка,industry_template,6
очистные автосервисы / сто / шиномонтаж,industry,IND-002,Автосервисы / СТО / шиномонтаж,INDUSTRY_DIRECT,,,mixed,Вода,industry_template,6
предписание экология автосервисы / сто / шиномонтаж,industry,IND-002,Автосервисы / СТО / шиномонтаж,INDUSTRY_DIRECT,,,urgent,Отраслевая карточка,industry_template,7
проверка экология автосервисы / сто / шиномонтаж,industry,IND-002,Автосервисы / СТО / шиномонтаж,INDUSTRY_DIRECT,,,urgent,Отраслевая карточка,industry_template,7
сточные воды автосервисы / сто / шиномонтаж,industry,IND-002,Автосервисы / СТО / шиномонтаж,INDUSTRY_DIRECT,,,mixed,Вода,industry_template,7
учет отходов автосервисы / сто / шиномонтаж,industry,IND-002,Автосервисы / СТО / шиномонтаж,INDUSTRY_DIRECT,,,mixed,Отходы / учёт и отчётность,industry_template,7
что нужно по экологии автосервисы / сто / шиномонтаж,industry,IND-002,Автосервисы / СТО / шиномонтаж,INDUSTRY_DIRECT,,,mixed,Отраслевая карточка,industry_template,9
что сдавать по экологии автосервисы / сто / шиномонтаж,industry,IND-002,Автосервисы / СТО / шиномонтаж,INDUSTRY_DIRECT,,,mixed,Отраслевая карточка,industry_template,9
штраф экология автосервисы / сто / шиномонтаж,industry,IND-002,Автосервисы / СТО / шиномонтаж,INDUSTRY_DIRECT,,,urgent,Отраслевая карточка,industry_template,7
вывоз СОЖ,industry,IND-002,Автосервисы / СТО / шиномонтаж,PAIN_ACTION,СОЖ,waste,commercial,Отраслевая карточка,pain_action,2
вывоз аккумуляторы,industry,IND-002,Автосервисы / СТО / шиномонтаж,PAIN_ACTION,аккумуляторы,waste,commercial,Отраслевая карточка,pain_action,2
вывоз антифриз,industry,IND-002,Автосервисы / СТО / шиномонтаж,PAIN_ACTION,антифриз,waste,commercial,Отраслевая карточка,pain_action,2
вывоз ветошь,industry,IND-002,Автосервисы / СТО / шиномонтаж,PAIN_ACTION,ветошь,waste,commercial,Отраслевая карточка,pain_action,2
вывоз масляные фильтры,industry,IND-002,Автосервисы / СТО / шиномонтаж,PAIN_ACTION,масляные фильтры,waste,commercial,Отраслевая карточка,pain_action,3
вывоз отработанное масло,industry,IND-002,Автосервисы / СТО / шиномонтаж,PAIN_ACTION,отработанное масло,waste,commercial,Отраслевая карточка,pain_action,3
вывоз шины,industry,IND-002,Автосервисы / СТО / шиномонтаж,PAIN_ACTION,шины,waste,commercial,Отраслевая карточка,pain_action,2
как накапливать СОЖ,industry,IND-002,Автосервисы / СТО / шиномонтаж,PAIN_ACTION,СОЖ,waste,mixed,Отраслевая карточка,pain_action,3
как накапливать аккумуляторы,industry,IND-002,Автосервисы / СТО / шиномонтаж,PAIN_ACTION,аккумуляторы,waste,mixed,Отраслевая карточка,pain_action,3
как накапливать антифриз,industry,IND-002,Автосервисы / СТО / шиномонтаж,PAIN_ACTION,антифриз,waste,mixed,Отраслевая карточка,pain_action,3
как накапливать ветошь,industry,IND-002,Автосервисы / СТО / шиномонтаж,PAIN_ACTION,ветошь,waste,mixed,Отраслевая карточка,pain_action,3
как накапливать масляные фильтры,industry,IND-002,Автосервисы / СТО / шиномонтаж,PAIN_ACTION,масляные фильтры,waste,mixed,Отраслевая карточка,pain_action,4
как накапливать отработанное масло,industry,IND-002,Автосервисы / СТО / шиномонтаж,PAIN_ACTION,отработанное масло,waste,mixed,Отраслевая карточка,pain_action,4
как накапливать шины,industry,IND-002,Автосервисы / СТО / шиномонтаж,PAIN_ACTION,шины,waste,mixed,Отраслевая карточка,pain_action,3
как обслуживать покрасочная камера,industry,IND-002,Автосервисы / СТО / шиномонтаж,PAIN_ACTION,покрасочная камера,equipment,mixed,Отраслевая карточка,pain_action,4
как учитывать СОЖ,industry,IND-002,Автосервисы / СТО / шиномонтаж,PAIN_ACTION,СОЖ,waste,diagnostic,Отраслевая карточка,pain_action,3
как учитывать аккумуляторы,industry,IND-002,Автосервисы / СТО / шиномонтаж,PAIN_ACTION,аккумуляторы,waste,diagnostic,Отраслевая карточка,pain_action,3
как учитывать антифриз,industry,IND-002,Автосервисы / СТО / шиномонтаж,PAIN_ACTION,антифриз,waste,diagnostic,Отраслевая карточка,pain_action,3
как учитывать ветошь,industry,IND-002,Автосервисы / СТО / шиномонтаж,PAIN_ACTION,ветошь,waste,diagnostic,Отраслевая карточка,pain_action,3
как учитывать масляные фильтры,industry,IND-002,Автосервисы / СТО / шиномонтаж,PAIN_ACTION,масляные фильтры,waste,diagnostic,Отраслевая карточка,pain_action,4
как учитывать отработанное масло,industry,IND-002,Автосервисы / СТО / шиномонтаж,PAIN_ACTION,отработанное масло,waste,diagnostic,Отраслевая карточка,pain_action,4
как учитывать шины,industry,IND-002,Автосервисы / СТО / шиномонтаж,PAIN_ACTION,шины,waste,diagnostic,Отраслевая карточка,pain_action,3
как хранить СОЖ,industry,IND-002,Автосервисы / СТО / шиномонтаж,PAIN_ACTION,СОЖ,waste,diagnostic,Отраслевая карточка,pain_action,3
как хранить аккумуляторы,industry,IND-002,Автосервисы / СТО / шиномонтаж,PAIN_ACTION,аккумуляторы,waste,diagnostic,Отраслевая карточка,pain_action,3
как хранить антифриз,industry,IND-002,Автосервисы / СТО / шиномонтаж,PAIN_ACTION,антифриз,waste,diagnostic,Отраслевая карточка,pain_action,3
как хранить ветошь,industry,IND-002,Автосервисы / СТО / шиномонтаж,PAIN_ACTION,ветошь,waste,diagnostic,Отраслевая карточка,pain_action,3
как хранить масляные фильтры,industry,IND-002,Автосервисы / СТО / шиномонтаж,PAIN_ACTION,масляные фильтры,waste,diagnostic,Отраслевая карточка,pain_action,4
как хранить отработанное масло,industry,IND-002,Автосервисы / СТО / шиномонтаж,PAIN_ACTION,отработанное масло,waste,diagnostic,Отраслевая карточка,pain_action,4
как хранить шины,industry,IND-002,Автосервисы / СТО / шиномонтаж,PAIN_ACTION,шины,waste,diagnostic,Отраслевая карточка,pain_action,3
какие документы на покрасочная камера,industry,IND-002,Автосервисы / СТО / шиномонтаж,PAIN_ACTION,покрасочная камера,equipment,diagnostic,Отраслевая карточка,pain_action,5
какой класс опасности СОЖ,industry,IND-002,Автосервисы / СТО / шиномонтаж,PAIN_ACTION,СОЖ,waste,mixed,Отраслевая карточка,pain_action,4
какой класс опасности аккумуляторы,industry,IND-002,Автосервисы / СТО / шиномонтаж,PAIN_ACTION,аккумуляторы,waste,mixed,Отраслевая карточка,pain_action,4
какой класс опасности антифриз,industry,IND-002,Автосервисы / СТО / шиномонтаж,PAIN_ACTION,антифриз,waste,mixed,Отраслевая карточка,pain_action,4
какой класс опасности ветошь,industry,IND-002,Автосервисы / СТО / шиномонтаж,PAIN_ACTION,ветошь,waste,mixed,Отраслевая карточка,pain_action,4
какой класс опасности масляные фильтры,industry,IND-002,Автосервисы / СТО / шиномонтаж,PAIN_ACTION,масляные фильтры,waste,mixed,Отраслевая карточка,pain_action,5
какой класс опасности отработанное масло,industry,IND-002,Автосервисы / СТО / шиномонтаж,PAIN_ACTION,отработанное масло,waste,mixed,Отраслевая карточка,pain_action,5
какой класс опасности шины,industry,IND-002,Автосервисы / СТО / шиномонтаж,PAIN_ACTION,шины,waste,mixed,Отраслевая карточка,pain_action,4
кто забирает СОЖ,industry,IND-002,Автосервисы / СТО / шиномонтаж,PAIN_ACTION,СОЖ,waste,mixed,Отраслевая карточка,pain_action,3
кто забирает аккумуляторы,industry,IND-002,Автосервисы / СТО / шиномонтаж,PAIN_ACTION,аккумуляторы,waste,mixed,Отраслевая карточка,pain_action,3
кто забирает антифриз,industry,IND-002,Автосервисы / СТО / шиномонтаж,PAIN_ACTION,антифриз,waste,mixed,Отраслевая карточка,pain_action,3
кто забирает ветошь,industry,IND-002,Автосервисы / СТО / шиномонтаж,PAIN_ACTION,ветошь,waste,mixed,Отраслевая карточка,pain_action,3
кто забирает масляные фильтры,industry,IND-002,Автосервисы / СТО / шиномонтаж,PAIN_ACTION,масляные фильтры,waste,mixed,Отраслевая карточка,pain_action,4
кто забирает отработанное масло,industry,IND-002,Автосервисы / СТО / шиномонтаж,PAIN_ACTION,отработанное масло,waste,mixed,Отраслевая карточка,pain_action,4
кто забирает шины,industry,IND-002,Автосервисы / СТО / шиномонтаж,PAIN_ACTION,шины,waste,mixed,Отраслевая карточка,pain_action,3
кто принимает СОЖ,industry,IND-002,Автосервисы / СТО / шиномонтаж,PAIN_ACTION,СОЖ,waste,diagnostic,Отраслевая карточка,pain_action,3
кто принимает аккумуляторы,industry,IND-002,Автосервисы / СТО / шиномонтаж,PAIN_ACTION,аккумуляторы,waste,diagnostic,Отраслевая карточка,pain_action,3
кто принимает антифриз,industry,IND-002,Автосервисы / СТО / шиномонтаж,PAIN_ACTION,антифриз,waste,diagnostic,Отраслевая карточка,pain_action,3
кто принимает ветошь,industry,IND-002,Автосервисы / СТО / шиномонтаж,PAIN_ACTION,ветошь,waste,diagnostic,Отраслевая карточка,pain_action,3
кто принимает масляные фильтры,industry,IND-002,Автосервисы / СТО / шиномонтаж,PAIN_ACTION,масляные фильтры,waste,diagnostic,Отраслевая карточка,pain_action,4
кто принимает отработанное масло,industry,IND-002,Автосервисы / СТО / шиномонтаж,PAIN_ACTION,отработанное масло,waste,diagnostic,Отраслевая карточка,pain_action,4
кто принимает шины,industry,IND-002,Автосервисы / СТО / шиномонтаж,PAIN_ACTION,шины,waste,diagnostic,Отраслевая карточка,pain_action,3
куда девать СОЖ,industry,IND-002,Автосервисы / СТО / шиномонтаж,PAIN_ACTION,СОЖ,waste,diagnostic,Отраслевая карточка,pain_action,3
куда девать аккумуляторы,industry,IND-002,Автосервисы / СТО / шиномонтаж,PAIN_ACTION,аккумуляторы,waste,diagnostic,Отраслевая карточка,pain_action,3
куда девать антифриз,industry,IND-002,Автосервисы / СТО / шиномонтаж,PAIN_ACTION,антифриз,waste,diagnostic,Отраслевая карточка,pain_action,3
куда девать ветошь,industry,IND-002,Автосервисы / СТО / шиномонтаж,PAIN_ACTION,ветошь,waste,diagnostic,Отраслевая карточка,pain_action,3
куда девать масляные фильтры,industry,IND-002,Автосервисы / СТО / шиномонтаж,PAIN_ACTION,масляные фильтры,waste,diagnostic,Отраслевая карточка,pain_action,4
куда девать отработанное масло,industry,IND-002,Автосервисы / СТО / шиномонтаж,PAIN_ACTION,отработанное масло,waste,diagnostic,Отраслевая карточка,pain_action,4
куда девать шины,industry,IND-002,Автосервисы / СТО / шиномонтаж,PAIN_ACTION,шины,waste,diagnostic,Отраслевая карточка,pain_action,3
куда передавать СОЖ,industry,IND-002,Автосервисы / СТО / шиномонтаж,PAIN_ACTION,СОЖ,waste,diagnostic,Отраслевая карточка,pain_action,3
куда передавать аккумуляторы,industry,IND-002,Автосервисы / СТО / шиномонтаж,PAIN_ACTION,аккумуляторы,waste,diagnostic,Отраслевая карточка,pain_action,3
куда передавать антифриз,industry,IND-002,Автосервисы / СТО / шиномонтаж,PAIN_ACTION,антифриз,waste,diagnostic,Отраслевая карточка,pain_action,3
куда передавать ветошь,industry,IND-002,Автосервисы / СТО / шиномонтаж,PAIN_ACTION,ветошь,waste,diagnostic,Отраслевая карточка,pain_action,3
куда передавать масляные фильтры,industry,IND-002,Автосервисы / СТО / шиномонтаж,PAIN_ACTION,масляные фильтры,waste,diagnostic,Отраслевая карточка,pain_action,4
куда передавать отработанное масло,industry,IND-002,Автосервисы / СТО / шиномонтаж,PAIN_ACTION,отработанное масло,waste,diagnostic,Отраслевая карточка,pain_action,4
куда передавать шины,industry,IND-002,Автосервисы / СТО / шиномонтаж,PAIN_ACTION,шины,waste,diagnostic,Отраслевая карточка,pain_action,3
куда сдавать СОЖ,industry,IND-002,Автосервисы / СТО / шиномонтаж,PAIN_ACTION,СОЖ,waste,diagnostic,Отраслевая карточка,pain_action,3
куда сдавать аккумуляторы,industry,IND-002,Автосервисы / СТО / шиномонтаж,PAIN_ACTION,аккумуляторы,waste,diagnostic,Отраслевая карточка,pain_action,3
куда сдавать антифриз,industry,IND-002,Автосервисы / СТО / шиномонтаж,PAIN_ACTION,антифриз,waste,diagnostic,Отраслевая карточка,pain_action,3
куда сдавать ветошь,industry,IND-002,Автосервисы / СТО / шиномонтаж,PAIN_ACTION,ветошь,waste,diagnostic,Отраслевая карточка,pain_action,3
куда сдавать масляные фильтры,industry,IND-002,Автосервисы / СТО / шиномонтаж,PAIN_ACTION,масляные фильтры,waste,diagnostic,Отраслевая карточка,pain_action,4
куда сдавать отработанное масло,industry,IND-002,Автосервисы / СТО / шиномонтаж,PAIN_ACTION,отработанное масло,waste,diagnostic,Отраслевая карточка,pain_action,4
куда сдавать шины,industry,IND-002,Автосервисы / СТО / шиномонтаж,PAIN_ACTION,шины,waste,diagnostic,Отраслевая карточка,pain_action,3
можно ли выбрасывать СОЖ,industry,IND-002,Автосервисы / СТО / шиномонтаж,PAIN_ACTION,СОЖ,waste,mixed,Отраслевая карточка,pain_action,4
можно ли выбрасывать аккумуляторы,industry,IND-002,Автосервисы / СТО / шиномонтаж,PAIN_ACTION,аккумуляторы,waste,mixed,Отраслевая карточка,pain_action,4
можно ли выбрасывать антифриз,industry,IND-002,Автосервисы / СТО / шиномонтаж,PAIN_ACTION,антифриз,waste,mixed,Отраслевая карточка,pain_action,4
можно ли выбрасывать ветошь,industry,IND-002,Автосервисы / СТО / шиномонтаж,PAIN_ACTION,ветошь,waste,mixed,Отраслевая карточка,pain_action,4
можно ли выбрасывать масляные фильтры,industry,IND-002,Автосервисы / СТО / шиномонтаж,PAIN_ACTION,масляные фильтры,waste,mixed,Отраслевая карточка,pain_action,5
можно ли выбрасывать отработанное масло,industry,IND-002,Автосервисы / СТО / шиномонтаж,PAIN_ACTION,отработанное масло,waste,mixed,Отраслевая карточка,pain_action,5
можно ли выбрасывать шины,industry,IND-002,Автосервисы / СТО / шиномонтаж,PAIN_ACTION,шины,waste,mixed,Отраслевая карточка,pain_action,4
можно ли хранить СОЖ на улице,industry,IND-002,Автосервисы / СТО / шиномонтаж,PAIN_ACTION,СОЖ,waste,mixed,Отраслевая карточка,pain_action,6
можно ли хранить аккумуляторы на улице,industry,IND-002,Автосервисы / СТО / шиномонтаж,PAIN_ACTION,аккумуляторы,waste,mixed,Отраслевая карточка,pain_action,6
можно ли хранить антифриз на улице,industry,IND-002,Автосервисы / СТО / шиномонтаж,PAIN_ACTION,антифриз,waste,mixed,Отраслевая карточка,pain_action,6
можно ли хранить ветошь на улице,industry,IND-002,Автосервисы / СТО / шиномонтаж,PAIN_ACTION,ветошь,waste,mixed,Отраслевая карточка,pain_action,6
можно ли хранить масляные фильтры на улице,industry,IND-002,Автосервисы / СТО / шиномонтаж,PAIN_ACTION,масляные фильтры,waste,mixed,Отраслевая карточка,pain_action,7
можно ли хранить отработанное масло на улице,industry,IND-002,Автосервисы / СТО / шиномонтаж,PAIN_ACTION,отработанное масло,waste,mixed,Отраслевая карточка,pain_action,7
можно ли хранить шины на улице,industry,IND-002,Автосервисы / СТО / шиномонтаж,PAIN_ACTION,шины,waste,mixed,Отраслевая карточка,pain_action,6
нужен ли договор на СОЖ,industry,IND-002,Автосервисы / СТО / шиномонтаж,PAIN_ACTION,СОЖ,waste,diagnostic,Отраслевая карточка,pain_action,5
нужен ли договор на аккумуляторы,industry,IND-002,Автосервисы / СТО / шиномонтаж,PAIN_ACTION,аккумуляторы,waste,diagnostic,Отраслевая карточка,pain_action,5
нужен ли договор на антифриз,industry,IND-002,Автосервисы / СТО / шиномонтаж,PAIN_ACTION,антифриз,waste,diagnostic,Отраслевая карточка,pain_action,5
нужен ли договор на ветошь,industry,IND-002,Автосервисы / СТО / шиномонтаж,PAIN_ACTION,ветошь,waste,diagnostic,Отраслевая карточка,pain_action,5
нужен ли договор на масляные фильтры,industry,IND-002,Автосервисы / СТО / шиномонтаж,PAIN_ACTION,масляные фильтры,waste,diagnostic,Отраслевая карточка,pain_action,6
нужен ли договор на отработанное масло,industry,IND-002,Автосервисы / СТО / шиномонтаж,PAIN_ACTION,отработанное масло,waste,diagnostic,Отраслевая карточка,pain_action,6
нужен ли договор на шины,industry,IND-002,Автосервисы / СТО / шиномонтаж,PAIN_ACTION,шины,waste,diagnostic,Отраслевая карточка,pain_action,5
нужен ли контроль покрасочная камера,industry,IND-002,Автосервисы / СТО / шиномонтаж,PAIN_ACTION,покрасочная камера,equipment,diagnostic,Отраслевая карточка,pain_action,5
нужен ли паспорт на СОЖ,industry,IND-002,Автосервисы / СТО / шиномонтаж,PAIN_ACTION,СОЖ,waste,diagnostic,Отраслевая карточка,pain_action,5
нужен ли паспорт на аккумуляторы,industry,IND-002,Автосервисы / СТО / шиномонтаж,PAIN_ACTION,аккумуляторы,waste,diagnostic,Отраслевая карточка,pain_action,5
нужен ли паспорт на антифриз,industry,IND-002,Автосервисы / СТО / шиномонтаж,PAIN_ACTION,антифриз,waste,diagnostic,Отраслевая карточка,pain_action,5
нужен ли паспорт на ветошь,industry,IND-002,Автосервисы / СТО / шиномонтаж,PAIN_ACTION,ветошь,waste,diagnostic,Отраслевая карточка,pain_action,5
нужен ли паспорт на масляные фильтры,industry,IND-002,Автосервисы / СТО / шиномонтаж,PAIN_ACTION,масляные фильтры,waste,diagnostic,Отраслевая карточка,pain_action,6
нужен ли паспорт на отработанное масло,industry,IND-002,Автосервисы / СТО / шиномонтаж,PAIN_ACTION,отработанное масло,waste,diagnostic,Отраслевая карточка,pain_action,6
нужен ли паспорт на шины,industry,IND-002,Автосервисы / СТО / шиномонтаж,PAIN_ACTION,шины,waste,diagnostic,Отраслевая карточка,pain_action,5
нужна ли покрасочная камера,industry,IND-002,Автосервисы / СТО / шиномонтаж,PAIN_ACTION,покрасочная камера,equipment,mixed,Отраслевая карточка,pain_action,4
обезвреживание СОЖ,industry,IND-002,Автосервисы / СТО / шиномонтаж,PAIN_ACTION,СОЖ,waste,commercial,Отраслевая карточка,pain_action,2
обезвреживание аккумуляторы,industry,IND-002,Автосервисы / СТО / шиномонтаж,PAIN_ACTION,аккумуляторы,waste,commercial,Отраслевая карточка,pain_action,2
обезвреживание антифриз,industry,IND-002,Автосервисы / СТО / шиномонтаж,PAIN_ACTION,антифриз,waste,commercial,Отраслевая карточка,pain_action,2
обезвреживание ветошь,industry,IND-002,Автосервисы / СТО / шиномонтаж,PAIN_ACTION,ветошь,waste,commercial,Отраслевая карточка,pain_action,2
обезвреживание масляные фильтры,industry,IND-002,Автосервисы / СТО / шиномонтаж,PAIN_ACTION,масляные фильтры,waste,commercial,Отраслевая карточка,pain_action,3
обезвреживание отработанное масло,industry,IND-002,Автосервисы / СТО / шиномонтаж,PAIN_ACTION,отработанное масло,waste,commercial,Отраслевая карточка,pain_action,3
обезвреживание шины,industry,IND-002,Автосервисы / СТО / шиномонтаж,PAIN_ACTION,шины,waste,commercial,Отраслевая карточка,pain_action,2
переработка СОЖ,industry,IND-002,Автосервисы / СТО / шиномонтаж,PAIN_ACTION,СОЖ,waste,mixed,Отраслевая карточка,pain_action,2
переработка аккумуляторы,industry,IND-002,Автосервисы / СТО / шиномонтаж,PAIN_ACTION,аккумуляторы,waste,mixed,Отраслевая карточка,pain_action,2
переработка антифриз,industry,IND-002,Автосервисы / СТО / шиномонтаж,PAIN_ACTION,антифриз,waste,mixed,Отраслевая карточка,pain_action,2
переработка ветошь,industry,IND-002,Автосервисы / СТО / шиномонтаж,PAIN_ACTION,ветошь,waste,mixed,Отраслевая карточка,pain_action,2
переработка масляные фильтры,industry,IND-002,Автосервисы / СТО / шиномонтаж,PAIN_ACTION,масляные фильтры,waste,mixed,Отраслевая карточка,pain_action,3
переработка отработанное масло,industry,IND-002,Автосервисы / СТО / шиномонтаж,PAIN_ACTION,отработанное масло,waste,mixed,Отраслевая карточка,pain_action,3
переработка шины,industry,IND-002,Автосервисы / СТО / шиномонтаж,PAIN_ACTION,шины,waste,mixed,Отраслевая карточка,pain_action,2
прием СОЖ,industry,IND-002,Автосервисы / СТО / шиномонтаж,PAIN_ACTION,СОЖ,waste,mixed,Отраслевая карточка,pain_action,2
прием аккумуляторы,industry,IND-002,Автосервисы / СТО / шиномонтаж,PAIN_ACTION,аккумуляторы,waste,mixed,Отраслевая карточка,pain_action,2
прием антифриз,industry,IND-002,Автосервисы / СТО / шиномонтаж,PAIN_ACTION,антифриз,waste,mixed,Отраслевая карточка,pain_action,2
прием ветошь,industry,IND-002,Автосервисы / СТО / шиномонтаж,PAIN_ACTION,ветошь,waste,mixed,Отраслевая карточка,pain_action,2
прием масляные фильтры,industry,IND-002,Автосервисы / СТО / шиномонтаж,PAIN_ACTION,масляные фильтры,waste,mixed,Отраслевая карточка,pain_action,3
прием отработанное масло,industry,IND-002,Автосервисы / СТО / шиномонтаж,PAIN_ACTION,отработанное масло,waste,mixed,Отраслевая карточка,pain_action,3
прием шины,industry,IND-002,Автосервисы / СТО / шиномонтаж,PAIN_ACTION,шины,waste,mixed,Отраслевая карточка,pain_action,2
проверка покрасочная камера,industry,IND-002,Автосервисы / СТО / шиномонтаж,PAIN_ACTION,покрасочная камера,equipment,urgent,Отраслевая карточка,pain_action,3
размещение СОЖ,industry,IND-002,Автосервисы / СТО / шиномонтаж,PAIN_ACTION,СОЖ,waste,commercial,Отраслевая карточка,pain_action,2
размещение аккумуляторы,industry,IND-002,Автосервисы / СТО / шиномонтаж,PAIN_ACTION,аккумуляторы,waste,commercial,Отраслевая карточка,pain_action,2
размещение антифриз,industry,IND-002,Автосервисы / СТО / шиномонтаж,PAIN_ACTION,антифриз,waste,commercial,Отраслевая карточка,pain_action,2
размещение ветошь,industry,IND-002,Автосервисы / СТО / шиномонтаж,PAIN_ACTION,ветошь,waste,commercial,Отраслевая карточка,pain_action,2
размещение масляные фильтры,industry,IND-002,Автосервисы / СТО / шиномонтаж,PAIN_ACTION,масляные фильтры,waste,commercial,Отраслевая карточка,pain_action,3
размещение отработанное масло,industry,IND-002,Автосервисы / СТО / шиномонтаж,PAIN_ACTION,отработанное масло,waste,commercial,Отраслевая карточка,pain_action,3
размещение шины,industry,IND-002,Автосервисы / СТО / шиномонтаж,PAIN_ACTION,шины,waste,commercial,Отраслевая карточка,pain_action,2
стоимость утилизации СОЖ,industry,IND-002,Автосервисы / СТО / шиномонтаж,PAIN_ACTION,СОЖ,waste,commercial,Отраслевая карточка,pain_action,3
стоимость утилизации аккумуляторы,industry,IND-002,Автосервисы / СТО / шиномонтаж,PAIN_ACTION,аккумуляторы,waste,commercial,Отраслевая карточка,pain_action,3
стоимость утилизации антифриз,industry,IND-002,Автосервисы / СТО / шиномонтаж,PAIN_ACTION,антифриз,waste,commercial,Отраслевая карточка,pain_action,3
стоимость утилизации ветошь,industry,IND-002,Автосервисы / СТО / шиномонтаж,PAIN_ACTION,ветошь,waste,commercial,Отраслевая карточка,pain_action,3
стоимость утилизации масляные фильтры,industry,IND-002,Автосервисы / СТО / шиномонтаж,PAIN_ACTION,масляные фильтры,waste,commercial,Отраслевая карточка,pain_action,4
стоимость утилизации отработанное масло,industry,IND-002,Автосервисы / СТО / шиномонтаж,PAIN_ACTION,отработанное масло,waste,commercial,Отраслевая карточка,pain_action,4
стоимость утилизации шины,industry,IND-002,Автосервисы / СТО / шиномонтаж,PAIN_ACTION,шины,waste,commercial,Отраслевая карточка,pain_action,3
требования к покрасочная камера,industry,IND-002,Автосервисы / СТО / шиномонтаж,PAIN_ACTION,покрасочная камера,equipment,mixed,Отраслевая карточка,pain_action,4
утилизация СОЖ,industry,IND-002,Автосервисы / СТО / шиномонтаж,PAIN_ACTION,СОЖ,waste,commercial,Отраслевая карточка,pain_action,2
утилизация аккумуляторы,industry,IND-002,Автосервисы / СТО / шиномонтаж,PAIN_ACTION,аккумуляторы,waste,commercial,Отраслевая карточка,pain_action,2
утилизация антифриз,industry,IND-002,Автосервисы / СТО / шиномонтаж,PAIN_ACTION,антифриз,waste,commercial,Отраслевая карточка,pain_action,2
утилизация ветошь,industry,IND-002,Автосервисы / СТО / шиномонтаж,PAIN_ACTION,ветошь,waste,commercial,Отраслевая карточка,pain_action,2
утилизация масляные фильтры,industry,IND-002,Автосервисы / СТО / шиномонтаж,PAIN_ACTION,масляные фильтры,waste,commercial,Отраслевая карточка,pain_action,3
утилизация отработанное масло,industry,IND-002,Автосервисы / СТО / шиномонтаж,PAIN_ACTION,отработанное масло,waste,commercial,Отраслевая карточка,pain_action,3
утилизация шины,industry,IND-002,Автосервисы / СТО / шиномонтаж,PAIN_ACTION,шины,waste,commercial,Отраслевая карточка,pain_action,2
цена вывоза СОЖ,industry,IND-002,Автосервисы / СТО / шиномонтаж,PAIN_ACTION,СОЖ,waste,commercial,Отраслевая карточка,pain_action,3
цена вывоза аккумуляторы,industry,IND-002,Автосервисы / СТО / шиномонтаж,PAIN_ACTION,аккумуляторы,waste,commercial,Отраслевая карточка,pain_action,3
цена вывоза антифриз,industry,IND-002,Автосервисы / СТО / шиномонтаж,PAIN_ACTION,антифриз,waste,commercial,Отраслевая карточка,pain_action,3
цена вывоза ветошь,industry,IND-002,Автосервисы / СТО / шиномонтаж,PAIN_ACTION,ветошь,waste,commercial,Отраслевая карточка,pain_action,3
цена вывоза масляные фильтры,industry,IND-002,Автосервисы / СТО / шиномонтаж,PAIN_ACTION,масляные фильтры,waste,commercial,Отраслевая карточка,pain_action,4
цена вывоза отработанное масло,industry,IND-002,Автосервисы / СТО / шиномонтаж,PAIN_ACTION,отработанное масло,waste,commercial,Отраслевая карточка,pain_action,4
цена вывоза шины,industry,IND-002,Автосервисы / СТО / шиномонтаж,PAIN_ACTION,шины,waste,commercial,Отраслевая карточка,pain_action,3
что делать если есть покрасочная камера,industry,IND-002,Автосервисы / СТО / шиномонтаж,PAIN_ACTION,покрасочная камера,equipment,diagnostic,Отраслевая карточка,pain_action,6
что делать с СОЖ,industry,IND-002,Автосервисы / СТО / шиномонтаж,PAIN_ACTION,СОЖ,waste,diagnostic,Отраслевая карточка,pain_action,4
что делать с аккумуляторы,industry,IND-002,Автосервисы / СТО / шиномонтаж,PAIN_ACTION,аккумуляторы,waste,diagnostic,Отраслевая карточка,pain_action,4
что делать с антифриз,industry,IND-002,Автосервисы / СТО / шиномонтаж,PAIN_ACTION,антифриз,waste,diagnostic,Отраслевая карточка,pain_action,4
что делать с ветошь,industry,IND-002,Автосервисы / СТО / шиномонтаж,PAIN_ACTION,ветошь,waste,diagnostic,Отраслевая карточка,pain_action,4
что делать с масляные фильтры,industry,IND-002,Автосервисы / СТО / шиномонтаж,PAIN_ACTION,масляные фильтры,waste,diagnostic,Отраслевая карточка,pain_action,5
что делать с отработанное масло,industry,IND-002,Автосервисы / СТО / шиномонтаж,PAIN_ACTION,отработанное масло,waste,diagnostic,Отраслевая карточка,pain_action,5
что делать с шины,industry,IND-002,Автосервисы / СТО / шиномонтаж,PAIN_ACTION,шины,waste,diagnostic,Отраслевая карточка,pain_action,4
СОЖ автосервисы / сто / шиномонтаж,industry,IND-002,Автосервисы / СТО / шиномонтаж,PAIN_X_INDUSTRY,СОЖ,waste,mixed,Отраслевая карточка,pain_x_industry,6
СОЖ для автосервисы / сто / шиномонтаж,industry,IND-002,Автосервисы / СТО / шиномонтаж,PAIN_X_INDUSTRY,СОЖ,waste,mixed,Отраслевая карточка,pain_x_industry,7
СОЖ на автосервисы / сто / шиномонтаж,industry,IND-002,Автосервисы / СТО / шиномонтаж,PAIN_X_INDUSTRY,СОЖ,waste,mixed,Отраслевая карточка,pain_x_industry,7
аккумуляторы автосервисы / сто / шиномонтаж,industry,IND-002,Автосервисы / СТО / шиномонтаж,PAIN_X_INDUSTRY,аккумуляторы,waste,mixed,Отраслевая карточка,pain_x_industry,6
аккумуляторы для автосервисы / сто / шиномонтаж,industry,IND-002,Автосервисы / СТО / шиномонтаж,PAIN_X_INDUSTRY,аккумуляторы,waste,mixed,Отраслевая карточка,pain_x_industry,7
аккумуляторы на автосервисы / сто / шиномонтаж,industry,IND-002,Автосервисы / СТО / шиномонтаж,PAIN_X_INDUSTRY,аккумуляторы,waste,mixed,Отраслевая карточка,pain_x_industry,7
антифриз автосервисы / сто / шиномонтаж,industry,IND-002,Автосервисы / СТО / шиномонтаж,PAIN_X_INDUSTRY,антифриз,waste,mixed,Отраслевая карточка,pain_x_industry,6
антифриз для автосервисы / сто / шиномонтаж,industry,IND-002,Автосервисы / СТО / шиномонтаж,PAIN_X_INDUSTRY,антифриз,waste,mixed,Отраслевая карточка,pain_x_industry,7
антифриз на автосервисы / сто / шиномонтаж,industry,IND-002,Автосервисы / СТО / шиномонтаж,PAIN_X_INDUSTRY,антифриз,waste,mixed,Отраслевая карточка,pain_x_industry,7
ветошь автосервисы / сто / шиномонтаж,industry,IND-002,Автосервисы / СТО / шиномонтаж,PAIN_X_INDUSTRY,ветошь,waste,mixed,Отраслевая карточка,pain_x_industry,6
ветошь для автосервисы / сто / шиномонтаж,industry,IND-002,Автосервисы / СТО / шиномонтаж,PAIN_X_INDUSTRY,ветошь,waste,mixed,Отраслевая карточка,pain_x_industry,7
ветошь на автосервисы / сто / шиномонтаж,industry,IND-002,Автосервисы / СТО / шиномонтаж,PAIN_X_INDUSTRY,ветошь,waste,mixed,Отраслевая карточка,pain_x_industry,7
вывоз СОЖ автосервисы / сто / шиномонтаж,industry,IND-002,Автосервисы / СТО / шиномонтаж,PAIN_X_INDUSTRY,СОЖ,waste,commercial,Отраслевая карточка,pain_x_industry,7
вывоз аккумуляторы автосервисы / сто / шиномонтаж,industry,IND-002,Автосервисы / СТО / шиномонтаж,PAIN_X_INDUSTRY,аккумуляторы,waste,commercial,Отраслевая карточка,pain_x_industry,7
вывоз антифриз автосервисы / сто / шиномонтаж,industry,IND-002,Автосервисы / СТО / шиномонтаж,PAIN_X_INDUSTRY,антифриз,waste,commercial,Отраслевая карточка,pain_x_industry,7
вывоз ветошь автосервисы / сто / шиномонтаж,industry,IND-002,Автосервисы / СТО / шиномонтаж,PAIN_X_INDUSTRY,ветошь,waste,commercial,Отраслевая карточка,pain_x_industry,7
вывоз масляные фильтры автосервисы / сто / шиномонтаж,industry,IND-002,Автосервисы / СТО / шиномонтаж,PAIN_X_INDUSTRY,масляные фильтры,waste,commercial,Отраслевая карточка,pain_x_industry,8
вывоз отработанное масло автосервисы / сто / шиномонтаж,industry,IND-002,Автосервисы / СТО / шиномонтаж,PAIN_X_INDUSTRY,отработанное масло,waste,commercial,Отраслевая карточка,pain_x_industry,8
вывоз покрасочная камера автосервисы / сто / шиномонтаж,industry,IND-002,Автосервисы / СТО / шиномонтаж,PAIN_X_INDUSTRY,покрасочная камера,equipment,commercial,Отраслевая карточка,pain_x_industry,8
вывоз шины автосервисы / сто / шиномонтаж,industry,IND-002,Автосервисы / СТО / шиномонтаж,PAIN_X_INDUSTRY,шины,waste,commercial,Отраслевая карточка,pain_x_industry,7
как учитывать СОЖ автосервисы / сто / шиномонтаж,industry,IND-002,Автосервисы / СТО / шиномонтаж,PAIN_X_INDUSTRY,СОЖ,waste,diagnostic,Отраслевая карточка,pain_x_industry,8
как учитывать аккумуляторы автосервисы / сто / шиномонтаж,industry,IND-002,Автосервисы / СТО / шиномонтаж,PAIN_X_INDUSTRY,аккумуляторы,waste,diagnostic,Отраслевая карточка,pain_x_industry,8
как учитывать антифриз автосервисы / сто / шиномонтаж,industry,IND-002,Автосервисы / СТО / шиномонтаж,PAIN_X_INDUSTRY,антифриз,waste,diagnostic,Отраслевая карточка,pain_x_industry,8
как учитывать ветошь автосервисы / сто / шиномонтаж,industry,IND-002,Автосервисы / СТО / шиномонтаж,PAIN_X_INDUSTRY,ветошь,waste,diagnostic,Отраслевая карточка,pain_x_industry,8
как учитывать масляные фильтры автосервисы / сто / шиномонтаж,industry,IND-002,Автосервисы / СТО / шиномонтаж,PAIN_X_INDUSTRY,масляные фильтры,waste,diagnostic,Отраслевая карточка,pain_x_industry,9
как учитывать отработанное масло автосервисы / сто / шиномонтаж,industry,IND-002,Автосервисы / СТО / шиномонтаж,PAIN_X_INDUSTRY,отработанное масло,waste,diagnostic,Отраслевая карточка,pain_x_industry,9
как учитывать покрасочная камера автосервисы / сто / шиномонтаж,industry,IND-002,Автосервисы / СТО / шиномонтаж,PAIN_X_INDUSTRY,покрасочная камера,equipment,diagnostic,Отраслевая карточка,pain_x_industry,9
как учитывать шины автосервисы / сто / шиномонтаж,industry,IND-002,Автосервисы / СТО / шиномонтаж,PAIN_X_INDUSTRY,шины,waste,diagnostic,Отраслевая карточка,pain_x_industry,8
как хранить СОЖ автосервисы / сто / шиномонтаж,industry,IND-002,Автосервисы / СТО / шиномонтаж,PAIN_X_INDUSTRY,СОЖ,waste,diagnostic,Отраслевая карточка,pain_x_industry,8
как хранить аккумуляторы автосервисы / сто / шиномонтаж,industry,IND-002,Автосервисы / СТО / шиномонтаж,PAIN_X_INDUSTRY,аккумуляторы,waste,diagnostic,Отраслевая карточка,pain_x_industry,8
как хранить антифриз автосервисы / сто / шиномонтаж,industry,IND-002,Автосервисы / СТО / шиномонтаж,PAIN_X_INDUSTRY,антифриз,waste,diagnostic,Отраслевая карточка,pain_x_industry,8
как хранить ветошь автосервисы / сто / шиномонтаж,industry,IND-002,Автосервисы / СТО / шиномонтаж,PAIN_X_INDUSTRY,ветошь,waste,diagnostic,Отраслевая карточка,pain_x_industry,8
как хранить масляные фильтры автосервисы / сто / шиномонтаж,industry,IND-002,Автосервисы / СТО / шиномонтаж,PAIN_X_INDUSTRY,масляные фильтры,waste,diagnostic,Отраслевая карточка,pain_x_industry,9
как хранить отработанное масло автосервисы / сто / шиномонтаж,industry,IND-002,Автосервисы / СТО / шиномонтаж,PAIN_X_INDUSTRY,отработанное масло,waste,diagnostic,Отраслевая карточка,pain_x_industry,9
как хранить покрасочная камера автосервисы / сто / шиномонтаж,industry,IND-002,Автосервисы / СТО / шиномонтаж,PAIN_X_INDUSTRY,покрасочная камера,equipment,diagnostic,Отраслевая карточка,pain_x_industry,9
как хранить шины автосервисы / сто / шиномонтаж,industry,IND-002,Автосервисы / СТО / шиномонтаж,PAIN_X_INDUSTRY,шины,waste,diagnostic,Отраслевая карточка,pain_x_industry,8
кто принимает СОЖ автосервисы / сто / шиномонтаж,industry,IND-002,Автосервисы / СТО / шиномонтаж,PAIN_X_INDUSTRY,СОЖ,waste,diagnostic,Отраслевая карточка,pain_x_industry,8
кто принимает аккумуляторы автосервисы / сто / шиномонтаж,industry,IND-002,Автосервисы / СТО / шиномонтаж,PAIN_X_INDUSTRY,аккумуляторы,waste,diagnostic,Отраслевая карточка,pain_x_industry,8
кто принимает антифриз автосервисы / сто / шиномонтаж,industry,IND-002,Автосервисы / СТО / шиномонтаж,PAIN_X_INDUSTRY,антифриз,waste,diagnostic,Отраслевая карточка,pain_x_industry,8
кто принимает ветошь автосервисы / сто / шиномонтаж,industry,IND-002,Автосервисы / СТО / шиномонтаж,PAIN_X_INDUSTRY,ветошь,waste,diagnostic,Отраслевая карточка,pain_x_industry,8
кто принимает масляные фильтры автосервисы / сто / шиномонтаж,industry,IND-002,Автосервисы / СТО / шиномонтаж,PAIN_X_INDUSTRY,масляные фильтры,waste,diagnostic,Отраслевая карточка,pain_x_industry,9
кто принимает отработанное масло автосервисы / сто / шиномонтаж,industry,IND-002,Автосервисы / СТО / шиномонтаж,PAIN_X_INDUSTRY,отработанное масло,waste,diagnostic,Отраслевая карточка,pain_x_industry,9
кто принимает покрасочная камера автосервисы / сто / шиномонтаж,industry,IND-002,Автосервисы / СТО / шиномонтаж,PAIN_X_INDUSTRY,покрасочная камера,equipment,diagnostic,Отраслевая карточка,pain_x_industry,9
кто принимает шины автосервисы / сто / шиномонтаж,industry,IND-002,Автосервисы / СТО / шиномонтаж,PAIN_X_INDUSTRY,шины,waste,diagnostic,Отраслевая карточка,pain_x_industry,8
куда девать СОЖ автосервисы / сто / шиномонтаж,industry,IND-002,Автосервисы / СТО / шиномонтаж,PAIN_X_INDUSTRY,СОЖ,waste,diagnostic,Отраслевая карточка,pain_x_industry,8
куда девать аккумуляторы автосервисы / сто / шиномонтаж,industry,IND-002,Автосервисы / СТО / шиномонтаж,PAIN_X_INDUSTRY,аккумуляторы,waste,diagnostic,Отраслевая карточка,pain_x_industry,8
куда девать антифриз автосервисы / сто / шиномонтаж,industry,IND-002,Автосервисы / СТО / шиномонтаж,PAIN_X_INDUSTRY,антифриз,waste,diagnostic,Отраслевая карточка,pain_x_industry,8
куда девать ветошь автосервисы / сто / шиномонтаж,industry,IND-002,Автосервисы / СТО / шиномонтаж,PAIN_X_INDUSTRY,ветошь,waste,diagnostic,Отраслевая карточка,pain_x_industry,8
куда девать масляные фильтры автосервисы / сто / шиномонтаж,industry,IND-002,Автосервисы / СТО / шиномонтаж,PAIN_X_INDUSTRY,масляные фильтры,waste,diagnostic,Отраслевая карточка,pain_x_industry,9
куда девать отработанное масло автосервисы / сто / шиномонтаж,industry,IND-002,Автосервисы / СТО / шиномонтаж,PAIN_X_INDUSTRY,отработанное масло,waste,diagnostic,Отраслевая карточка,pain_x_industry,9
куда девать покрасочная камера автосервисы / сто / шиномонтаж,industry,IND-002,Автосервисы / СТО / шиномонтаж,PAIN_X_INDUSTRY,покрасочная камера,equipment,diagnostic,Отраслевая карточка,pain_x_industry,9
куда девать шины автосервисы / сто / шиномонтаж,industry,IND-002,Автосервисы / СТО / шиномонтаж,PAIN_X_INDUSTRY,шины,waste,diagnostic,Отраслевая карточка,pain_x_industry,8
куда сдавать СОЖ автосервисы / сто / шиномонтаж,industry,IND-002,Автосервисы / СТО / шиномонтаж,PAIN_X_INDUSTRY,СОЖ,waste,diagnostic,Отраслевая карточка,pain_x_industry,8
куда сдавать аккумуляторы автосервисы / сто / шиномонтаж,industry,IND-002,Автосервисы / СТО / шиномонтаж,PAIN_X_INDUSTRY,аккумуляторы,waste,diagnostic,Отраслевая карточка,pain_x_industry,8
куда сдавать антифриз автосервисы / сто / шиномонтаж,industry,IND-002,Автосервисы / СТО / шиномонтаж,PAIN_X_INDUSTRY,антифриз,waste,diagnostic,Отраслевая карточка,pain_x_industry,8
куда сдавать ветошь автосервисы / сто / шиномонтаж,industry,IND-002,Автосервисы / СТО / шиномонтаж,PAIN_X_INDUSTRY,ветошь,waste,diagnostic,Отраслевая карточка,pain_x_industry,8
куда сдавать масляные фильтры автосервисы / сто / шиномонтаж,industry,IND-002,Автосервисы / СТО / шиномонтаж,PAIN_X_INDUSTRY,масляные фильтры,waste,diagnostic,Отраслевая карточка,pain_x_industry,9
куда сдавать отработанное масло автосервисы / сто / шиномонтаж,industry,IND-002,Автосервисы / СТО / шиномонтаж,PAIN_X_INDUSTRY,отработанное масло,waste,diagnostic,Отраслевая карточка,pain_x_industry,9
куда сдавать покрасочная камера автосервисы / сто / шиномонтаж,industry,IND-002,Автосервисы / СТО / шиномонтаж,PAIN_X_INDUSTRY,покрасочная камера,equipment,diagnostic,Отраслевая карточка,pain_x_industry,9
куда сдавать шины автосервисы / сто / шиномонтаж,industry,IND-002,Автосервисы / СТО / шиномонтаж,PAIN_X_INDUSTRY,шины,waste,diagnostic,Отраслевая карточка,pain_x_industry,8
масляные фильтры автосервисы / сто / шиномонтаж,industry,IND-002,Автосервисы / СТО / шиномонтаж,PAIN_X_INDUSTRY,масляные фильтры,waste,mixed,Отраслевая карточка,pain_x_industry,7
масляные фильтры для автосервисы / сто / шиномонтаж,industry,IND-002,Автосервисы / СТО / шиномонтаж,PAIN_X_INDUSTRY,масляные фильтры,waste,mixed,Отраслевая карточка,pain_x_industry,8
масляные фильтры на автосервисы / сто / шиномонтаж,industry,IND-002,Автосервисы / СТО / шиномонтаж,PAIN_X_INDUSTRY,масляные фильтры,waste,mixed,Отраслевая карточка,pain_x_industry,8
нужен ли договор на СОЖ автосервисы / сто / шиномонтаж,industry,IND-002,Автосервисы / СТО / шиномонтаж,PAIN_X_INDUSTRY,СОЖ,waste,diagnostic,Отраслевая карточка,pain_x_industry,10
нужен ли договор на аккумуляторы автосервисы / сто / шиномонтаж,industry,IND-002,Автосервисы / СТО / шиномонтаж,PAIN_X_INDUSTRY,аккумуляторы,waste,diagnostic,Отраслевая карточка,pain_x_industry,10
нужен ли договор на антифриз автосервисы / сто / шиномонтаж,industry,IND-002,Автосервисы / СТО / шиномонтаж,PAIN_X_INDUSTRY,антифриз,waste,diagnostic,Отраслевая карточка,pain_x_industry,10
нужен ли договор на ветошь автосервисы / сто / шиномонтаж,industry,IND-002,Автосервисы / СТО / шиномонтаж,PAIN_X_INDUSTRY,ветошь,waste,diagnostic,Отраслевая карточка,pain_x_industry,10
нужен ли договор на масляные фильтры автосервисы / сто / шиномонтаж,industry,IND-002,Автосервисы / СТО / шиномонтаж,PAIN_X_INDUSTRY,масляные фильтры,waste,diagnostic,Отраслевая карточка,pain_x_industry,11
нужен ли договор на отработанное масло автосервисы / сто / шиномонтаж,industry,IND-002,Автосервисы / СТО / шиномонтаж,PAIN_X_INDUSTRY,отработанное масло,waste,diagnostic,Отраслевая карточка,pain_x_industry,11
нужен ли договор на покрасочная камера автосервисы / сто / шиномонтаж,industry,IND-002,Автосервисы / СТО / шиномонтаж,PAIN_X_INDUSTRY,покрасочная камера,equipment,diagnostic,Отраслевая карточка,pain_x_industry,11
нужен ли договор на шины автосервисы / сто / шиномонтаж,industry,IND-002,Автосервисы / СТО / шиномонтаж,PAIN_X_INDUSTRY,шины,waste,diagnostic,Отраслевая карточка,pain_x_industry,10
нужен ли паспорт на СОЖ автосервисы / сто / шиномонтаж,industry,IND-002,Автосервисы / СТО / шиномонтаж,PAIN_X_INDUSTRY,СОЖ,waste,diagnostic,Отраслевая карточка,pain_x_industry,10
нужен ли паспорт на аккумуляторы автосервисы / сто / шиномонтаж,industry,IND-002,Автосервисы / СТО / шиномонтаж,PAIN_X_INDUSTRY,аккумуляторы,waste,diagnostic,Отраслевая карточка,pain_x_industry,10
нужен ли паспорт на антифриз автосервисы / сто / шиномонтаж,industry,IND-002,Автосервисы / СТО / шиномонтаж,PAIN_X_INDUSTRY,антифриз,waste,diagnostic,Отраслевая карточка,pain_x_industry,10
нужен ли паспорт на ветошь автосервисы / сто / шиномонтаж,industry,IND-002,Автосервисы / СТО / шиномонтаж,PAIN_X_INDUSTRY,ветошь,waste,diagnostic,Отраслевая карточка,pain_x_industry,10
нужен ли паспорт на масляные фильтры автосервисы / сто / шиномонтаж,industry,IND-002,Автосервисы / СТО / шиномонтаж,PAIN_X_INDUSTRY,масляные фильтры,waste,diagnostic,Отраслевая карточка,pain_x_industry,11
нужен ли паспорт на отработанное масло автосервисы / сто / шиномонтаж,industry,IND-002,Автосервисы / СТО / шиномонтаж,PAIN_X_INDUSTRY,отработанное масло,waste,diagnostic,Отраслевая карточка,pain_x_industry,11
нужен ли паспорт на покрасочная камера автосервисы / сто / шиномонтаж,industry,IND-002,Автосервисы / СТО / шиномонтаж,PAIN_X_INDUSTRY,покрасочная камера,equipment,diagnostic,Отраслевая карточка,pain_x_industry,11
нужен ли паспорт на шины автосервисы / сто / шиномонтаж,industry,IND-002,Автосервисы / СТО / шиномонтаж,PAIN_X_INDUSTRY,шины,waste,diagnostic,Отраслевая карточка,pain_x_industry,10
отработанное масло автосервисы / сто / шиномонтаж,industry,IND-002,Автосервисы / СТО / шиномонтаж,PAIN_X_INDUSTRY,отработанное масло,waste,mixed,Отраслевая карточка,pain_x_industry,7
отработанное масло для автосервисы / сто / шиномонтаж,industry,IND-002,Автосервисы / СТО / шиномонтаж,PAIN_X_INDUSTRY,отработанное масло,waste,mixed,Отраслевая карточка,pain_x_industry,8
отработанное масло на автосервисы / сто / шиномонтаж,industry,IND-002,Автосервисы / СТО / шиномонтаж,PAIN_X_INDUSTRY,отработанное масло,waste,mixed,Отраслевая карточка,pain_x_industry,8
покрасочная камера автосервисы / сто / шиномонтаж,industry,IND-002,Автосервисы / СТО / шиномонтаж,PAIN_X_INDUSTRY,покрасочная камера,equipment,mixed,Отраслевая карточка,pain_x_industry,7
покрасочная камера для автосервисы / сто / шиномонтаж,industry,IND-002,Автосервисы / СТО / шиномонтаж,PAIN_X_INDUSTRY,покрасочная камера,equipment,mixed,Отраслевая карточка,pain_x_industry,8
покрасочная камера на автосервисы / сто / шиномонтаж,industry,IND-002,Автосервисы / СТО / шиномонтаж,PAIN_X_INDUSTRY,покрасочная камера,equipment,mixed,Отраслевая карточка,pain_x_industry,8
утилизация СОЖ автосервисы / сто / шиномонтаж,industry,IND-002,Автосервисы / СТО / шиномонтаж,PAIN_X_INDUSTRY,СОЖ,waste,commercial,Отраслевая карточка,pain_x_industry,7
утилизация аккумуляторы автосервисы / сто / шиномонтаж,industry,IND-002,Автосервисы / СТО / шиномонтаж,PAIN_X_INDUSTRY,аккумуляторы,waste,commercial,Отраслевая карточка,pain_x_industry,7
утилизация антифриз автосервисы / сто / шиномонтаж,industry,IND-002,Автосервисы / СТО / шиномонтаж,PAIN_X_INDUSTRY,антифриз,waste,commercial,Отраслевая карточка,pain_x_industry,7
утилизация ветошь автосервисы / сто / шиномонтаж,industry,IND-002,Автосервисы / СТО / шиномонтаж,PAIN_X_INDUSTRY,ветошь,waste,commercial,Отраслевая карточка,pain_x_industry,7
утилизация масляные фильтры автосервисы / сто / шиномонтаж,industry,IND-002,Автосервисы / СТО / шиномонтаж,PAIN_X_INDUSTRY,масляные фильтры,waste,commercial,Отраслевая карточка,pain_x_industry,8
утилизация отработанное масло автосервисы / сто / шиномонтаж,industry,IND-002,Автосервисы / СТО / шиномонтаж,PAIN_X_INDUSTRY,отработанное масло,waste,commercial,Отраслевая карточка,pain_x_industry,8
утилизация покрасочная камера автосервисы / сто / шиномонтаж,industry,IND-002,Автосервисы / СТО / шиномонтаж,PAIN_X_INDUSTRY,покрасочная камера,equipment,commercial,Отраслевая карточка,pain_x_industry,8
утилизация шины автосервисы / сто / шиномонтаж,industry,IND-002,Автосервисы / СТО / шиномонтаж,PAIN_X_INDUSTRY,шины,waste,commercial,Отраслевая карточка,pain_x_industry,7
цена утилизации СОЖ автосервисы / сто / шиномонтаж,industry,IND-002,Автосервисы / СТО / шиномонтаж,PAIN_X_INDUSTRY,СОЖ,waste,commercial,Отраслевая карточка,pain_x_industry,8
цена утилизации аккумуляторы автосервисы / сто / шиномонтаж,industry,IND-002,Автосервисы / СТО / шиномонтаж,PAIN_X_INDUSTRY,аккумуляторы,waste,commercial,Отраслевая карточка,pain_x_industry,8
цена утилизации антифриз автосервисы / сто / шиномонтаж,industry,IND-002,Автосервисы / СТО / шиномонтаж,PAIN_X_INDUSTRY,антифриз,waste,commercial,Отраслевая карточка,pain_x_industry,8
цена утилизации ветошь автосервисы / сто / шиномонтаж,industry,IND-002,Автосервисы / СТО / шиномонтаж,PAIN_X_INDUSTRY,ветошь,waste,commercial,Отраслевая карточка,pain_x_industry,8
цена утилизации масляные фильтры автосервисы / сто / шиномонтаж,industry,IND-002,Автосервисы / СТО / шиномонтаж,PAIN_X_INDUSTRY,масляные фильтры,waste,commercial,Отраслевая карточка,pain_x_industry,9
цена утилизации отработанное масло автосервисы / сто / шиномонтаж,industry,IND-002,Автосервисы / СТО / шиномонтаж,PAIN_X_INDUSTRY,отработанное масло,waste,commercial,Отраслевая карточка,pain_x_industry,9
цена утилизации покрасочная камера автосервисы / сто / шиномонтаж,industry,IND-002,Автосервисы / СТО / шиномонтаж,PAIN_X_INDUSTRY,покрасочная камера,equipment,commercial,Отраслевая карточка,pain_x_industry,9
цена утилизации шины автосервисы / сто / шиномонтаж,industry,IND-002,Автосервисы / СТО / шиномонтаж,PAIN_X_INDUSTRY,шины,waste,commercial,Отраслевая карточка,pain_x_industry,8
что делать с СОЖ автосервисы / сто / шиномонтаж,industry,IND-002,Автосервисы / СТО / шиномонтаж,PAIN_X_INDUSTRY,СОЖ,waste,diagnostic,Отраслевая карточка,pain_x_industry,9
что делать с аккумуляторы автосервисы / сто / шиномонтаж,industry,IND-002,Автосервисы / СТО / шиномонтаж,PAIN_X_INDUSTRY,аккумуляторы,waste,diagnostic,Отраслевая карточка,pain_x_industry,9
что делать с антифриз автосервисы / сто / шиномонтаж,industry,IND-002,Автосервисы / СТО / шиномонтаж,PAIN_X_INDUSTRY,антифриз,waste,diagnostic,Отраслевая карточка,pain_x_industry,9
что делать с ветошь автосервисы / сто / шиномонтаж,industry,IND-002,Автосервисы / СТО / шиномонтаж,PAIN_X_INDUSTRY,ветошь,waste,diagnostic,Отраслевая карточка,pain_x_industry,9
что делать с масляные фильтры автосервисы / сто / шиномонтаж,industry,IND-002,Автосервисы / СТО / шиномонтаж,PAIN_X_INDUSTRY,масляные фильтры,waste,diagnostic,Отраслевая карточка,pain_x_industry,10
что делать с отработанное масло автосервисы / сто / шиномонтаж,industry,IND-002,Автосервисы / СТО / шиномонтаж,PAIN_X_INDUSTRY,отработанное масло,waste,diagnostic,Отраслевая карточка,pain_x_industry,10
что делать с покрасочная камера автосервисы / сто / шиномонтаж,industry,IND-002,Автосервисы / СТО / шиномонтаж,PAIN_X_INDUSTRY,покрасочная камера,equipment,diagnostic,Отраслевая карточка,pain_x_industry,10
что делать с шины автосервисы / сто / шиномонтаж,industry,IND-002,Автосервисы / СТО / шиномонтаж,PAIN_X_INDUSTRY,шины,waste,diagnostic,Отраслевая карточка,pain_x_industry,9
шины автосервисы / сто / шиномонтаж,industry,IND-002,Автосервисы / СТО / шиномонтаж,PAIN_X_INDUSTRY,шины,waste,mixed,Отраслевая карточка,pain_x_industry,6
шины для автосервисы / сто / шиномонтаж,industry,IND-002,Автосервисы / СТО / шиномонтаж,PAIN_X_INDUSTRY,шины,waste,mixed,Отраслевая карточка,pain_x_industry,7
шины на автосервисы / сто / шиномонтаж,industry,IND-002,Автосервисы / СТО / шиномонтаж,PAIN_X_INDUSTRY,шины,waste,mixed,Отраслевая карточка,pain_x_industry,7
2 тп отходы автостоянки / парковки / автотранспортные предприятия,industry,IND-003,Автостоянки / парковки / автотранспортные предприятия,INDUSTRY_DIRECT,,,mixed,Отходы / учёт и отчётность,industry_template,9
ПЭК автостоянки / парковки / автотранспортные предприятия,industry,IND-003,Автостоянки / парковки / автотранспортные предприятия,INDUSTRY_DIRECT,,,mixed,Отраслевая карточка,industry_template,7
выбросы автостоянки / парковки / автотранспортные предприятия,industry,IND-003,Автостоянки / парковки / автотранспортные предприятия,INDUSTRY_DIRECT,,,mixed,Воздух,industry_template,7
запуск автостоянки / парковки / автотранспортные предприятия экологические документы,industry,IND-003,Автостоянки / парковки / автотранспортные предприятия,INDUSTRY_DIRECT,,,urgent,Отраслевая карточка,industry_template,9
какая экологическая отчетность у автостоянки / парковки / автотранспортные предприятия,industry,IND-003,Автостоянки / парковки / автотранспортные предприятия,INDUSTRY_DIRECT,,,mixed,Отходы / учёт и отчётность,industry_template,10
какие требования по экологии автостоянки / парковки / автотранспортные предприятия,industry,IND-003,Автостоянки / парковки / автотранспортные предприятия,INDUSTRY_DIRECT,,,diagnostic,Отраслевая карточка,industry_template,10
какие экологические документы нужны автостоянки / парковки / автотранспортные предприятия,industry,IND-003,Автостоянки / парковки / автотранспортные предприятия,INDUSTRY_DIRECT,,,mixed,Отраслевая карточка,industry_template,10
категория НВОС автостоянки / парковки / автотранспортные предприятия,industry,IND-003,Автостоянки / парковки / автотранспортные предприятия,INDUSTRY_DIRECT,,,mixed,НВОС,industry_template,8
ливневые воды автостоянки / парковки / автотранспортные предприятия,industry,IND-003,Автостоянки / парковки / автотранспортные предприятия,INDUSTRY_DIRECT,,,mixed,Вода,industry_template,8
нужен ли эколог автостоянки / парковки / автотранспортные предприятия,industry,IND-003,Автостоянки / парковки / автотранспортные предприятия,INDUSTRY_DIRECT,,,diagnostic,Отраслевая карточка,industry_template,9
нужно ли ставить на учет НВОС автостоянки / парковки / автотранспортные предприятия,industry,IND-003,Автостоянки / парковки / автотранспортные предприятия,INDUSTRY_DIRECT,,,mixed,НВОС,industry_template,12
отходы автостоянки / парковки / автотранспортные предприятия,industry,IND-003,Автостоянки / парковки / автотранспортные предприятия,INDUSTRY_DIRECT,,,mixed,Отраслевая карточка,industry_template,7
очистные автостоянки / парковки / автотранспортные предприятия,industry,IND-003,Автостоянки / парковки / автотранспортные предприятия,INDUSTRY_DIRECT,,,mixed,Вода,industry_template,7
предписание экология автостоянки / парковки / автотранспортные предприятия,industry,IND-003,Автостоянки / парковки / автотранспортные предприятия,INDUSTRY_DIRECT,,,urgent,Отраслевая карточка,industry_template,8
проверка экология автостоянки / парковки / автотранспортные предприятия,industry,IND-003,Автостоянки / парковки / автотранспортные предприятия,INDUSTRY_DIRECT,,,urgent,Отраслевая карточка,industry_template,8
сточные воды автостоянки / парковки / автотранспортные предприятия,industry,IND-003,Автостоянки / парковки / автотранспортные предприятия,INDUSTRY_DIRECT,,,mixed,Вода,industry_template,8
учет отходов автостоянки / парковки / автотранспортные предприятия,industry,IND-003,Автостоянки / парковки / автотранспортные предприятия,INDUSTRY_DIRECT,,,mixed,Отходы / учёт и отчётность,industry_template,8
что нужно по экологии автостоянки / парковки / автотранспортные предприятия,industry,IND-003,Автостоянки / парковки / автотранспортные предприятия,INDUSTRY_DIRECT,,,mixed,Отраслевая карточка,industry_template,10
что сдавать по экологии автостоянки / парковки / автотранспортные предприятия,industry,IND-003,Автостоянки / парковки / автотранспортные предприятия,INDUSTRY_DIRECT,,,mixed,Отраслевая карточка,industry_template,10
штраф экология автостоянки / парковки / автотранспортные предприятия,industry,IND-003,Автостоянки / парковки / автотранспортные предприятия,INDUSTRY_DIRECT,,,urgent,Отраслевая карточка,industry_template,8
2 тп отходы асфальтобетонные заводы,industry,IND-020,Асфальтобетонные заводы,INDUSTRY_DIRECT,,,mixed,Отходы / учёт и отчётность,industry_template,5
ПЭК асфальтобетонные заводы,industry,IND-020,Асфальтобетонные заводы,INDUSTRY_DIRECT,,,mixed,Отраслевая карточка,industry_template,3
выбросы асфальтобетонные заводы,industry,IND-020,Асфальтобетонные заводы,INDUSTRY_DIRECT,,,mixed,Воздух,industry_template,3
запуск асфальтобетонные заводы экологические документы,industry,IND-020,Асфальтобетонные заводы,INDUSTRY_DIRECT,,,urgent,Отраслевая карточка,industry_template,5
какая экологическая отчетность у асфальтобетонные заводы,industry,IND-020,Асфальтобетонные заводы,INDUSTRY_DIRECT,,,mixed,Отходы / учёт и отчётность,industry_template,6
какие требования по экологии асфальтобетонные заводы,industry,IND-020,Асфальтобетонные заводы,INDUSTRY_DIRECT,,,diagnostic,Отраслевая карточка,industry_template,6
какие экологические документы нужны асфальтобетонные заводы,industry,IND-020,Асфальтобетонные заводы,INDUSTRY_DIRECT,,,mixed,Отраслевая карточка,industry_template,6
категория НВОС асфальтобетонные заводы,industry,IND-020,Асфальтобетонные заводы,INDUSTRY_DIRECT,,,mixed,НВОС,industry_template,4
ливневые воды асфальтобетонные заводы,industry,IND-020,Асфальтобетонные заводы,INDUSTRY_DIRECT,,,mixed,Вода,industry_template,4
нужен ли эколог асфальтобетонные заводы,industry,IND-020,Асфальтобетонные заводы,INDUSTRY_DIRECT,,,diagnostic,Отраслевая карточка,industry_template,5
нужно ли ставить на учет НВОС асфальтобетонные заводы,industry,IND-020,Асфальтобетонные заводы,INDUSTRY_DIRECT,,,mixed,НВОС,industry_template,8
отходы асфальтобетонные заводы,industry,IND-020,Асфальтобетонные заводы,INDUSTRY_DIRECT,,,mixed,Отраслевая карточка,industry_template,3
очистные асфальтобетонные заводы,industry,IND-020,Асфальтобетонные заводы,INDUSTRY_DIRECT,,,mixed,Вода,industry_template,3
предписание экология асфальтобетонные заводы,industry,IND-020,Асфальтобетонные заводы,INDUSTRY_DIRECT,,,urgent,Отраслевая карточка,industry_template,4
проверка экология асфальтобетонные заводы,industry,IND-020,Асфальтобетонные заводы,INDUSTRY_DIRECT,,,urgent,Отраслевая карточка,industry_template,4
сточные воды асфальтобетонные заводы,industry,IND-020,Асфальтобетонные заводы,INDUSTRY_DIRECT,,,mixed,Вода,industry_template,4
учет отходов асфальтобетонные заводы,industry,IND-020,Асфальтобетонные заводы,INDUSTRY_DIRECT,,,mixed,Отходы / учёт и отчётность,industry_template,4
что нужно по экологии асфальтобетонные заводы,industry,IND-020,Асфальтобетонные заводы,INDUSTRY_DIRECT,,,mixed,Отраслевая карточка,industry_template,6
что сдавать по экологии асфальтобетонные заводы,industry,IND-020,Асфальтобетонные заводы,INDUSTRY_DIRECT,,,mixed,Отраслевая карточка,industry_template,6
штраф экология асфальтобетонные заводы,industry,IND-020,Асфальтобетонные заводы,INDUSTRY_DIRECT,,,urgent,Отраслевая карточка,industry_template,4
вывоз асфальтовый лом,industry,IND-020,Асфальтобетонные заводы,PAIN_ACTION,асфальтовый лом,waste,commercial,Отраслевая карточка,pain_action,3
жалобы на выбросы,industry,IND-020,Асфальтобетонные заводы,PAIN_ACTION,выбросы,air,mixed,Воздух,pain_action,3
жалобы на запах,industry,IND-020,Асфальтобетонные заводы,PAIN_ACTION,запах,air,mixed,Воздух,pain_action,3
жалобы на минеральная пыль,industry,IND-020,Асфальтобетонные заводы,PAIN_ACTION,минеральная пыль,air,mixed,Воздух,pain_action,4
как накапливать асфальтовый лом,industry,IND-020,Асфальтобетонные заводы,PAIN_ACTION,асфальтовый лом,waste,mixed,Отраслевая карточка,pain_action,4
как уменьшить выбросы,industry,IND-020,Асфальтобетонные заводы,PAIN_ACTION,выбросы,air,mixed,Воздух,pain_action,3
как уменьшить запах,industry,IND-020,Асфальтобетонные заводы,PAIN_ACTION,запах,air,mixed,Воздух,pain_action,3
как уменьшить минеральная пыль,industry,IND-020,Асфальтобетонные заводы,PAIN_ACTION,минеральная пыль,air,mixed,Воздух,pain_action,4
как учитывать асфальтовый лом,industry,IND-020,Асфальтобетонные заводы,PAIN_ACTION,асфальтовый лом,waste,diagnostic,Отраслевая карточка,pain_action,4
как учитывать битум,industry,IND-020,Асфальтобетонные заводы,PAIN_ACTION,битум,general,diagnostic,Отраслевая карточка,pain_action,3
как хранить асфальтовый лом,industry,IND-020,Асфальтобетонные заводы,PAIN_ACTION,асфальтовый лом,waste,diagnostic,Отраслевая карточка,pain_action,4
какой класс опасности асфальтовый лом,industry,IND-020,Асфальтобетонные заводы,PAIN_ACTION,асфальтовый лом,waste,mixed,Отраслевая карточка,pain_action,5
контроль выбросы,industry,IND-020,Асфальтобетонные заводы,PAIN_ACTION,выбросы,air,mixed,Воздух,pain_action,2
контроль запах,industry,IND-020,Асфальтобетонные заводы,PAIN_ACTION,запах,air,mixed,Воздух,pain_action,2
контроль минеральная пыль,industry,IND-020,Асфальтобетонные заводы,PAIN_ACTION,минеральная пыль,air,mixed,Воздух,pain_action,3
кто забирает асфальтовый лом,industry,IND-020,Асфальтобетонные заводы,PAIN_ACTION,асфальтовый лом,waste,mixed,Отраслевая карточка,pain_action,4
кто принимает асфальтовый лом,industry,IND-020,Асфальтобетонные заводы,PAIN_ACTION,асфальтовый лом,waste,diagnostic,Отраслевая карточка,pain_action,4
куда девать асфальтовый лом,industry,IND-020,Асфальтобетонные заводы,PAIN_ACTION,асфальтовый лом,waste,diagnostic,Отраслевая карточка,pain_action,4
куда передавать асфальтовый лом,industry,IND-020,Асфальтобетонные заводы,PAIN_ACTION,асфальтовый лом,waste,diagnostic,Отраслевая карточка,pain_action,4
куда сдавать асфальтовый лом,industry,IND-020,Асфальтобетонные заводы,PAIN_ACTION,асфальтовый лом,waste,diagnostic,Отраслевая карточка,pain_action,4
можно ли выбрасывать асфальтовый лом,industry,IND-020,Асфальтобетонные заводы,PAIN_ACTION,асфальтовый лом,waste,mixed,Отраслевая карточка,pain_action,5
можно ли хранить асфальтовый лом на улице,industry,IND-020,Асфальтобетонные заводы,PAIN_ACTION,асфальтовый лом,waste,mixed,Отраслевая карточка,pain_action,7
нормативы выбросы,industry,IND-020,Асфальтобетонные заводы,PAIN_ACTION,выбросы,air,mixed,Воздух,pain_action,2
нормативы запах,industry,IND-020,Асфальтобетонные заводы,PAIN_ACTION,запах,air,mixed,Воздух,pain_action,2
нормативы минеральная пыль,industry,IND-020,Асфальтобетонные заводы,PAIN_ACTION,минеральная пыль,air,mixed,Воздух,pain_action,3
нужен ли договор на асфальтовый лом,industry,IND-020,Асфальтобетонные заводы,PAIN_ACTION,асфальтовый лом,waste,diagnostic,Отраслевая карточка,pain_action,6
нужен ли паспорт на асфальтовый лом,industry,IND-020,Асфальтобетонные заводы,PAIN_ACTION,асфальтовый лом,waste,diagnostic,Отраслевая карточка,pain_action,6
нужна ли инвентаризация выбросы,industry,IND-020,Асфальтобетонные заводы,PAIN_ACTION,выбросы,air,mixed,Воздух,pain_action,4
нужна ли инвентаризация запах,industry,IND-020,Асфальтобетонные заводы,PAIN_ACTION,запах,air,mixed,Воздух,pain_action,4
нужна ли инвентаризация минеральная пыль,industry,IND-020,Асфальтобетонные заводы,PAIN_ACTION,минеральная пыль,air,mixed,Воздух,pain_action,5
нужно ли учитывать выбросы,industry,IND-020,Асфальтобетонные заводы,PAIN_ACTION,выбросы,air,mixed,Воздух,pain_action,4
нужно ли учитывать запах,industry,IND-020,Асфальтобетонные заводы,PAIN_ACTION,запах,air,mixed,Воздух,pain_action,4
нужно ли учитывать минеральная пыль,industry,IND-020,Асфальтобетонные заводы,PAIN_ACTION,минеральная пыль,air,mixed,Воздух,pain_action,5
нужны ли документы на битум,industry,IND-020,Асфальтобетонные заводы,PAIN_ACTION,битум,general,mixed,Отраслевая карточка,pain_action,5
обезвреживание асфальтовый лом,industry,IND-020,Асфальтобетонные заводы,PAIN_ACTION,асфальтовый лом,waste,commercial,Отраслевая карточка,pain_action,3
переработка асфальтовый лом,industry,IND-020,Асфальтобетонные заводы,PAIN_ACTION,асфальтовый лом,waste,mixed,Отраслевая карточка,pain_action,3
прием асфальтовый лом,industry,IND-020,Асфальтобетонные заводы,PAIN_ACTION,асфальтовый лом,waste,mixed,Отраслевая карточка,pain_action,3
размещение асфальтовый лом,industry,IND-020,Асфальтобетонные заводы,PAIN_ACTION,асфальтовый лом,waste,commercial,Отраслевая карточка,pain_action,3
стоимость утилизации асфальтовый лом,industry,IND-020,Асфальтобетонные заводы,PAIN_ACTION,асфальтовый лом,waste,commercial,Отраслевая карточка,pain_action,4
требования к битум,industry,IND-020,Асфальтобетонные заводы,PAIN_ACTION,битум,general,mixed,Отраслевая карточка,pain_action,3
требования к выбросы,industry,IND-020,Асфальтобетонные заводы,PAIN_ACTION,выбросы,air,mixed,Воздух,pain_action,3
требования к запах,industry,IND-020,Асфальтобетонные заводы,PAIN_ACTION,запах,air,mixed,Воздух,pain_action,3
требования к минеральная пыль,industry,IND-020,Асфальтобетонные заводы,PAIN_ACTION,минеральная пыль,air,mixed,Воздух,pain_action,4
утилизация асфальтовый лом,industry,IND-020,Асфальтобетонные заводы,PAIN_ACTION,асфальтовый лом,waste,commercial,Отраслевая карточка,pain_action,3
цена вывоза асфальтовый лом,industry,IND-020,Асфальтобетонные заводы,PAIN_ACTION,асфальтовый лом,waste,commercial,Отраслевая карточка,pain_action,4
что делать с асфальтовый лом,industry,IND-020,Асфальтобетонные заводы,PAIN_ACTION,асфальтовый лом,waste,diagnostic,Отраслевая карточка,pain_action,5
что делать с битум,industry,IND-020,Асфальтобетонные заводы,PAIN_ACTION,битум,general,diagnostic,Отраслевая карточка,pain_action,4
что делать с выбросы,industry,IND-020,Асфальтобетонные заводы,PAIN_ACTION,выбросы,air,diagnostic,Воздух,pain_action,4
что делать с запах,industry,IND-020,Асфальтобетонные заводы,PAIN_ACTION,запах,air,diagnostic,Воздух,pain_action,4
что делать с минеральная пыль,industry,IND-020,Асфальтобетонные заводы,PAIN_ACTION,минеральная пыль,air,diagnostic,Воздух,pain_action,5
асфальтовый лом асфальтобетонные заводы,industry,IND-020,Асфальтобетонные заводы,PAIN_X_INDUSTRY,асфальтовый лом,waste,mixed,Отраслевая карточка,pain_x_industry,4
асфальтовый лом для асфальтобетонные заводы,industry,IND-020,Асфальтобетонные заводы,PAIN_X_INDUSTRY,асфальтовый лом,waste,mixed,Отраслевая карточка,pain_x_industry,5
асфальтовый лом на асфальтобетонные заводы,industry,IND-020,Асфальтобетонные заводы,PAIN_X_INDUSTRY,асфальтовый лом,waste,mixed,Отраслевая карточка,pain_x_industry,5
битум асфальтобетонные заводы,industry,IND-020,Асфальтобетонные заводы,PAIN_X_INDUSTRY,битум,general,mixed,Отраслевая карточка,pain_x_industry,3
битум для асфальтобетонные заводы,industry,IND-020,Асфальтобетонные заводы,PAIN_X_INDUSTRY,битум,general,mixed,Отраслевая карточка,pain_x_industry,4
битум на асфальтобетонные заводы,industry,IND-020,Асфальтобетонные заводы,PAIN_X_INDUSTRY,битум,general,mixed,Отраслевая карточка,pain_x_industry,4
выбросы для асфальтобетонные заводы,industry,IND-020,Асфальтобетонные заводы,PAIN_X_INDUSTRY,выбросы,air,mixed,Воздух,pain_x_industry,4
выбросы на асфальтобетонные заводы,industry,IND-020,Асфальтобетонные заводы,PAIN_X_INDUSTRY,выбросы,air,mixed,Воздух,pain_x_industry,4
вывоз асфальтовый лом асфальтобетонные заводы,industry,IND-020,Асфальтобетонные заводы,PAIN_X_INDUSTRY,асфальтовый лом,waste,commercial,Отраслевая карточка,pain_x_industry,5
вывоз битум асфальтобетонные заводы,industry,IND-020,Асфальтобетонные заводы,PAIN_X_INDUSTRY,битум,general,commercial,Отраслевая карточка,pain_x_industry,4
вывоз выбросы асфальтобетонные заводы,industry,IND-020,Асфальтобетонные заводы,PAIN_X_INDUSTRY,выбросы,air,commercial,Воздух,pain_x_industry,4
вывоз запах асфальтобетонные заводы,industry,IND-020,Асфальтобетонные заводы,PAIN_X_INDUSTRY,запах,air,commercial,Воздух,pain_x_industry,4
вывоз минеральная пыль асфальтобетонные заводы,industry,IND-020,Асфальтобетонные заводы,PAIN_X_INDUSTRY,минеральная пыль,air,commercial,Воздух,pain_x_industry,5
запах асфальтобетонные заводы,industry,IND-020,Асфальтобетонные заводы,PAIN_X_INDUSTRY,запах,air,mixed,Воздух,pain_x_industry,3
запах для асфальтобетонные заводы,industry,IND-020,Асфальтобетонные заводы,PAIN_X_INDUSTRY,запах,air,mixed,Воздух,pain_x_industry,4
запах на асфальтобетонные заводы,industry,IND-020,Асфальтобетонные заводы,PAIN_X_INDUSTRY,запах,air,mixed,Воздух,pain_x_industry,4
как учитывать асфальтовый лом асфальтобетонные заводы,industry,IND-020,Асфальтобетонные заводы,PAIN_X_INDUSTRY,асфальтовый лом,waste,diagnostic,Отраслевая карточка,pain_x_industry,6
как учитывать битум асфальтобетонные заводы,industry,IND-020,Асфальтобетонные заводы,PAIN_X_INDUSTRY,битум,general,diagnostic,Отраслевая карточка,pain_x_industry,5
как учитывать выбросы асфальтобетонные заводы,industry,IND-020,Асфальтобетонные заводы,PAIN_X_INDUSTRY,выбросы,air,diagnostic,Воздух,pain_x_industry,5
как учитывать запах асфальтобетонные заводы,industry,IND-020,Асфальтобетонные заводы,PAIN_X_INDUSTRY,запах,air,diagnostic,Воздух,pain_x_industry,5
как учитывать минеральная пыль асфальтобетонные заводы,industry,IND-020,Асфальтобетонные заводы,PAIN_X_INDUSTRY,минеральная пыль,air,diagnostic,Воздух,pain_x_industry,6
как хранить асфальтовый лом асфальтобетонные заводы,industry,IND-020,Асфальтобетонные заводы,PAIN_X_INDUSTRY,асфальтовый лом,waste,diagnostic,Отраслевая карточка,pain_x_industry,6
как хранить битум асфальтобетонные заводы,industry,IND-020,Асфальтобетонные заводы,PAIN_X_INDUSTRY,битум,general,diagnostic,Отраслевая карточка,pain_x_industry,5
как хранить выбросы асфальтобетонные заводы,industry,IND-020,Асфальтобетонные заводы,PAIN_X_INDUSTRY,выбросы,air,diagnostic,Воздух,pain_x_industry,5
как хранить запах асфальтобетонные заводы,industry,IND-020,Асфальтобетонные заводы,PAIN_X_INDUSTRY,запах,air,diagnostic,Воздух,pain_x_industry,5
как хранить минеральная пыль асфальтобетонные заводы,industry,IND-020,Асфальтобетонные заводы,PAIN_X_INDUSTRY,минеральная пыль,air,diagnostic,Воздух,pain_x_industry,6
кто принимает асфальтовый лом асфальтобетонные заводы,industry,IND-020,Асфальтобетонные заводы,PAIN_X_INDUSTRY,асфальтовый лом,waste,diagnostic,Отраслевая карточка,pain_x_industry,6
кто принимает битум асфальтобетонные заводы,industry,IND-020,Асфальтобетонные заводы,PAIN_X_INDUSTRY,битум,general,diagnostic,Отраслевая карточка,pain_x_industry,5
кто принимает выбросы асфальтобетонные заводы,industry,IND-020,Асфальтобетонные заводы,PAIN_X_INDUSTRY,выбросы,air,diagnostic,Воздух,pain_x_industry,5
кто принимает запах асфальтобетонные заводы,industry,IND-020,Асфальтобетонные заводы,PAIN_X_INDUSTRY,запах,air,diagnostic,Воздух,pain_x_industry,5
кто принимает минеральная пыль асфальтобетонные заводы,industry,IND-020,Асфальтобетонные заводы,PAIN_X_INDUSTRY,минеральная пыль,air,diagnostic,Воздух,pain_x_industry,6
куда девать асфальтовый лом асфальтобетонные заводы,industry,IND-020,Асфальтобетонные заводы,PAIN_X_INDUSTRY,асфальтовый лом,waste,diagnostic,Отраслевая карточка,pain_x_industry,6
куда девать битум асфальтобетонные заводы,industry,IND-020,Асфальтобетонные заводы,PAIN_X_INDUSTRY,битум,general,diagnostic,Отраслевая карточка,pain_x_industry,5
куда девать выбросы асфальтобетонные заводы,industry,IND-020,Асфальтобетонные заводы,PAIN_X_INDUSTRY,выбросы,air,diagnostic,Воздух,pain_x_industry,5
куда девать запах асфальтобетонные заводы,industry,IND-020,Асфальтобетонные заводы,PAIN_X_INDUSTRY,запах,air,diagnostic,Воздух,pain_x_industry,5
куда девать минеральная пыль асфальтобетонные заводы,industry,IND-020,Асфальтобетонные заводы,PAIN_X_INDUSTRY,минеральная пыль,air,diagnostic,Воздух,pain_x_industry,6
куда сдавать асфальтовый лом асфальтобетонные заводы,industry,IND-020,Асфальтобетонные заводы,PAIN_X_INDUSTRY,асфальтовый лом,waste,diagnostic,Отраслевая карточка,pain_x_industry,6
куда сдавать битум асфальтобетонные заводы,industry,IND-020,Асфальтобетонные заводы,PAIN_X_INDUSTRY,битум,general,diagnostic,Отраслевая карточка,pain_x_industry,5
куда сдавать выбросы асфальтобетонные заводы,industry,IND-020,Асфальтобетонные заводы,PAIN_X_INDUSTRY,выбросы,air,diagnostic,Воздух,pain_x_industry,5
куда сдавать запах асфальтобетонные заводы,industry,IND-020,Асфальтобетонные заводы,PAIN_X_INDUSTRY,запах,air,diagnostic,Воздух,pain_x_industry,5
куда сдавать минеральная пыль асфальтобетонные заводы,industry,IND-020,Асфальтобетонные заводы,PAIN_X_INDUSTRY,минеральная пыль,air,diagnostic,Воздух,pain_x_industry,6
минеральная пыль асфальтобетонные заводы,industry,IND-020,Асфальтобетонные заводы,PAIN_X_INDUSTRY,минеральная пыль,air,mixed,Воздух,pain_x_industry,4
минеральная пыль для асфальтобетонные заводы,industry,IND-020,Асфальтобетонные заводы,PAIN_X_INDUSTRY,минеральная пыль,air,mixed,Воздух,pain_x_industry,5
минеральная пыль на асфальтобетонные заводы,industry,IND-020,Асфальтобетонные заводы,PAIN_X_INDUSTRY,минеральная пыль,air,mixed,Воздух,pain_x_industry,5
нужен ли договор на асфальтовый лом асфальтобетонные заводы,industry,IND-020,Асфальтобетонные заводы,PAIN_X_INDUSTRY,асфальтовый лом,waste,diagnostic,Отраслевая карточка,pain_x_industry,8
нужен ли договор на битум асфальтобетонные заводы,industry,IND-020,Асфальтобетонные заводы,PAIN_X_INDUSTRY,битум,general,diagnostic,Отраслевая карточка,pain_x_industry,7
нужен ли договор на выбросы асфальтобетонные заводы,industry,IND-020,Асфальтобетонные заводы,PAIN_X_INDUSTRY,выбросы,air,diagnostic,Воздух,pain_x_industry,7
нужен ли договор на запах асфальтобетонные заводы,industry,IND-020,Асфальтобетонные заводы,PAIN_X_INDUSTRY,запах,air,diagnostic,Воздух,pain_x_industry,7
нужен ли договор на минеральная пыль асфальтобетонные заводы,industry,IND-020,Асфальтобетонные заводы,PAIN_X_INDUSTRY,минеральная пыль,air,diagnostic,Воздух,pain_x_industry,8
нужен ли паспорт на асфальтовый лом асфальтобетонные заводы,industry,IND-020,Асфальтобетонные заводы,PAIN_X_INDUSTRY,асфальтовый лом,waste,diagnostic,Отраслевая карточка,pain_x_industry,8
нужен ли паспорт на битум асфальтобетонные заводы,industry,IND-020,Асфальтобетонные заводы,PAIN_X_INDUSTRY,битум,general,diagnostic,Отраслевая карточка,pain_x_industry,7
нужен ли паспорт на выбросы асфальтобетонные заводы,industry,IND-020,Асфальтобетонные заводы,PAIN_X_INDUSTRY,выбросы,air,diagnostic,Воздух,pain_x_industry,7
нужен ли паспорт на запах асфальтобетонные заводы,industry,IND-020,Асфальтобетонные заводы,PAIN_X_INDUSTRY,запах,air,diagnostic,Воздух,pain_x_industry,7
нужен ли паспорт на минеральная пыль асфальтобетонные заводы,industry,IND-020,Асфальтобетонные заводы,PAIN_X_INDUSTRY,минеральная пыль,air,diagnostic,Воздух,pain_x_industry,8
утилизация асфальтовый лом асфальтобетонные заводы,industry,IND-020,Асфальтобетонные заводы,PAIN_X_INDUSTRY,асфальтовый лом,waste,commercial,Отраслевая карточка,pain_x_industry,5
утилизация битум асфальтобетонные заводы,industry,IND-020,Асфальтобетонные заводы,PAIN_X_INDUSTRY,битум,general,commercial,Отраслевая карточка,pain_x_industry,4
утилизация выбросы асфальтобетонные заводы,industry,IND-020,Асфальтобетонные заводы,PAIN_X_INDUSTRY,выбросы,air,commercial,Воздух,pain_x_industry,4
утилизация запах асфальтобетонные заводы,industry,IND-020,Асфальтобетонные заводы,PAIN_X_INDUSTRY,запах,air,commercial,Воздух,pain_x_industry,4
утилизация минеральная пыль асфальтобетонные заводы,industry,IND-020,Асфальтобетонные заводы,PAIN_X_INDUSTRY,минеральная пыль,air,commercial,Воздух,pain_x_industry,5
цена утилизации асфальтовый лом асфальтобетонные заводы,industry,IND-020,Асфальтобетонные заводы,PAIN_X_INDUSTRY,асфальтовый лом,waste,commercial,Отраслевая карточка,pain_x_industry,6
цена утилизации битум асфальтобетонные заводы,industry,IND-020,Асфальтобетонные заводы,PAIN_X_INDUSTRY,битум,general,commercial,Отраслевая карточка,pain_x_industry,5
цена утилизации выбросы асфальтобетонные заводы,industry,IND-020,Асфальтобетонные заводы,PAIN_X_INDUSTRY,выбросы,air,commercial,Воздух,pain_x_industry,5
цена утилизации запах асфальтобетонные заводы,industry,IND-020,Асфальтобетонные заводы,PAIN_X_INDUSTRY,запах,air,commercial,Воздух,pain_x_industry,5
цена утилизации минеральная пыль асфальтобетонные заводы,industry,IND-020,Асфальтобетонные заводы,PAIN_X_INDUSTRY,минеральная пыль,air,commercial,Воздух,pain_x_industry,6
что делать с асфальтовый лом асфальтобетонные заводы,industry,IND-020,Асфальтобетонные заводы,PAIN_X_INDUSTRY,асфальтовый лом,waste,diagnostic,Отраслевая карточка,pain_x_industry,7
что делать с битум асфальтобетонные заводы,industry,IND-020,Асфальтобетонные заводы,PAIN_X_INDUSTRY,битум,general,diagnostic,Отраслевая карточка,pain_x_industry,6
что делать с выбросы асфальтобетонные заводы,industry,IND-020,Асфальтобетонные заводы,PAIN_X_INDUSTRY,выбросы,air,diagnostic,Воздух,pain_x_industry,6
что делать с запах асфальтобетонные заводы,industry,IND-020,Асфальтобетонные заводы,PAIN_X_INDUSTRY,запах,air,diagnostic,Воздух,pain_x_industry,6
что делать с минеральная пыль асфальтобетонные заводы,industry,IND-020,Асфальтобетонные заводы,PAIN_X_INDUSTRY,минеральная пыль,air,diagnostic,Воздух,pain_x_industry,7
2 тп отходы барбершопы,industry,IND-055,Барбершопы,INDUSTRY_DIRECT,,,mixed,Отходы / учёт и отчётность,industry_template,4
ПЭК барбершопы,industry,IND-055,Барбершопы,INDUSTRY_DIRECT,,,mixed,Отраслевая карточка,industry_template,2
выбросы барбершопы,industry,IND-055,Барбершопы,INDUSTRY_DIRECT,,,mixed,Воздух,industry_template,2
запуск барбершопы экологические документы,industry,IND-055,Барбершопы,INDUSTRY_DIRECT,,,urgent,Отраслевая карточка,industry_template,4
какая экологическая отчетность у барбершопы,industry,IND-055,Барбершопы,INDUSTRY_DIRECT,,,mixed,Отходы / учёт и отчётность,industry_template,5
какие требования по экологии барбершопы,industry,IND-055,Барбершопы,INDUSTRY_DIRECT,,,diagnostic,Отраслевая карточка,industry_template,5
какие экологические документы нужны барбершопы,industry,IND-055,Барбершопы,INDUSTRY_DIRECT,,,mixed,Отраслевая карточка,industry_template,5
категория НВОС барбершопы,industry,IND-055,Барбершопы,INDUSTRY_DIRECT,,,mixed,НВОС,industry_template,3
ливневые воды барбершопы,industry,IND-055,Барбершопы,INDUSTRY_DIRECT,,,mixed,Вода,industry_template,3
нужен ли эколог барбершопы,industry,IND-055,Барбершопы,INDUSTRY_DIRECT,,,diagnostic,Отраслевая карточка,industry_template,4
нужно ли ставить на учет НВОС барбершопы,industry,IND-055,Барбершопы,INDUSTRY_DIRECT,,,mixed,НВОС,industry_template,7
отходы барбершопы,industry,IND-055,Барбершопы,INDUSTRY_DIRECT,,,mixed,Отраслевая карточка,industry_template,2
очистные барбершопы,industry,IND-055,Барбершопы,INDUSTRY_DIRECT,,,mixed,Вода,industry_template,2
предписание экология барбершопы,industry,IND-055,Барбершопы,INDUSTRY_DIRECT,,,urgent,Отраслевая карточка,industry_template,3
проверка экология барбершопы,industry,IND-055,Барбершопы,INDUSTRY_DIRECT,,,urgent,Отраслевая карточка,industry_template,3
сточные воды барбершопы,industry,IND-055,Барбершопы,INDUSTRY_DIRECT,,,mixed,Вода,industry_template,3
учет отходов барбершопы,industry,IND-055,Барбершопы,INDUSTRY_DIRECT,,,mixed,Отходы / учёт и отчётность,industry_template,3
что нужно по экологии барбершопы,industry,IND-055,Барбершопы,INDUSTRY_DIRECT,,,mixed,Отраслевая карточка,industry_template,5
что сдавать по экологии барбершопы,industry,IND-055,Барбершопы,INDUSTRY_DIRECT,,,mixed,Отраслевая карточка,industry_template,5
штраф экология барбершопы,industry,IND-055,Барбершопы,INDUSTRY_DIRECT,,,urgent,Отраслевая карточка,industry_template,3
2 тп отходы водоканалы / очистные сооружения,industry,IND-040,Водоканалы / очистные сооружения,INDUSTRY_DIRECT,,,mixed,Отходы / учёт и отчётность,industry_template,7
ПЭК водоканалы / очистные сооружения,industry,IND-040,Водоканалы / очистные сооружения,INDUSTRY_DIRECT,,,mixed,Вода,industry_template,5
выбросы водоканалы / очистные сооружения,industry,IND-040,Водоканалы / очистные сооружения,INDUSTRY_DIRECT,,,mixed,Вода,industry_template,5
запуск водоканалы / очистные сооружения экологические документы,industry,IND-040,Водоканалы / очистные сооружения,INDUSTRY_DIRECT,,,urgent,Вода,industry_template,7
какая экологическая отчетность у водоканалы / очистные сооружения,industry,IND-040,Водоканалы / очистные сооружения,INDUSTRY_DIRECT,,,mixed,Отходы / учёт и отчётность,industry_template,8
какие требования по экологии водоканалы / очистные сооружения,industry,IND-040,Водоканалы / очистные сооружения,INDUSTRY_DIRECT,,,diagnostic,Вода,industry_template,8
какие экологические документы нужны водоканалы / очистные сооружения,industry,IND-040,Водоканалы / очистные сооружения,INDUSTRY_DIRECT,,,mixed,Вода,industry_template,8
категория НВОС водоканалы / очистные сооружения,industry,IND-040,Водоканалы / очистные сооружения,INDUSTRY_DIRECT,,,mixed,НВОС,industry_template,6
ливневые воды водоканалы / очистные сооружения,industry,IND-040,Водоканалы / очистные сооружения,INDUSTRY_DIRECT,,,mixed,Вода,industry_template,6
нужен ли эколог водоканалы / очистные сооружения,industry,IND-040,Водоканалы / очистные сооружения,INDUSTRY_DIRECT,,,diagnostic,Вода,industry_template,7
нужно ли ставить на учет НВОС водоканалы / очистные сооружения,industry,IND-040,Водоканалы / очистные сооружения,INDUSTRY_DIRECT,,,mixed,НВОС,industry_template,10
отходы водоканалы / очистные сооружения,industry,IND-040,Водоканалы / очистные сооружения,INDUSTRY_DIRECT,,,mixed,Вода,industry_template,5
очистные водоканалы / очистные сооружения,industry,IND-040,Водоканалы / очистные сооружения,INDUSTRY_DIRECT,,,mixed,Вода,industry_template,5
предписание экология водоканалы / очистные сооружения,industry,IND-040,Водоканалы / очистные сооружения,INDUSTRY_DIRECT,,,urgent,Вода,industry_template,6
проверка экология водоканалы / очистные сооружения,industry,IND-040,Водоканалы / очистные сооружения,INDUSTRY_DIRECT,,,urgent,Вода,industry_template,6
сточные воды водоканалы / очистные сооружения,industry,IND-040,Водоканалы / очистные сооружения,INDUSTRY_DIRECT,,,mixed,Вода,industry_template,6
учет отходов водоканалы / очистные сооружения,industry,IND-040,Водоканалы / очистные сооружения,INDUSTRY_DIRECT,,,mixed,Отходы / учёт и отчётность,industry_template,6
что нужно по экологии водоканалы / очистные сооружения,industry,IND-040,Водоканалы / очистные сооружения,INDUSTRY_DIRECT,,,mixed,Вода,industry_template,8
что сдавать по экологии водоканалы / очистные сооружения,industry,IND-040,Водоканалы / очистные сооружения,INDUSTRY_DIRECT,,,mixed,Вода,industry_template,8
штраф экология водоканалы / очистные сооружения,industry,IND-040,Водоканалы / очистные сооружения,INDUSTRY_DIRECT,,,urgent,Вода,industry_template,6
2 тп отходы гальванические производства,industry,IND-037,Гальванические производства,INDUSTRY_DIRECT,,,mixed,Отходы / учёт и отчётность,industry_template,5
ПЭК гальванические производства,industry,IND-037,Гальванические производства,INDUSTRY_DIRECT,,,mixed,Отраслевая карточка,industry_template,3
выбросы гальванические производства,industry,IND-037,Гальванические производства,INDUSTRY_DIRECT,,,mixed,Воздух,industry_template,3
запуск гальванические производства экологические документы,industry,IND-037,Гальванические производства,INDUSTRY_DIRECT,,,urgent,Отраслевая карточка,industry_template,5
какая экологическая отчетность у гальванические производства,industry,IND-037,Гальванические производства,INDUSTRY_DIRECT,,,mixed,Отходы / учёт и отчётность,industry_template,6
какие требования по экологии гальванические производства,industry,IND-037,Гальванические производства,INDUSTRY_DIRECT,,,diagnostic,Отраслевая карточка,industry_template,6
какие экологические документы нужны гальванические производства,industry,IND-037,Гальванические производства,INDUSTRY_DIRECT,,,mixed,Отраслевая карточка,industry_template,6
категория НВОС гальванические производства,industry,IND-037,Гальванические производства,INDUSTRY_DIRECT,,,mixed,НВОС,industry_template,4
ливневые воды гальванические производства,industry,IND-037,Гальванические производства,INDUSTRY_DIRECT,,,mixed,Вода,industry_template,4
нужен ли эколог гальванические производства,industry,IND-037,Гальванические производства,INDUSTRY_DIRECT,,,diagnostic,Отраслевая карточка,industry_template,5
нужно ли ставить на учет НВОС гальванические производства,industry,IND-037,Гальванические производства,INDUSTRY_DIRECT,,,mixed,НВОС,industry_template,8
отходы гальванические производства,industry,IND-037,Гальванические производства,INDUSTRY_DIRECT,,,mixed,Отраслевая карточка,industry_template,3
очистные гальванические производства,industry,IND-037,Гальванические производства,INDUSTRY_DIRECT,,,mixed,Вода,industry_template,3
предписание экология гальванические производства,industry,IND-037,Гальванические производства,INDUSTRY_DIRECT,,,urgent,Отраслевая карточка,industry_template,4
проверка экология гальванические производства,industry,IND-037,Гальванические производства,INDUSTRY_DIRECT,,,urgent,Отраслевая карточка,industry_template,4
сточные воды гальванические производства,industry,IND-037,Гальванические производства,INDUSTRY_DIRECT,,,mixed,Вода,industry_template,4
учет отходов гальванические производства,industry,IND-037,Гальванические производства,INDUSTRY_DIRECT,,,mixed,Отходы / учёт и отчётность,industry_template,4
что нужно по экологии гальванические производства,industry,IND-037,Гальванические производства,INDUSTRY_DIRECT,,,mixed,Отраслевая карточка,industry_template,6
что сдавать по экологии гальванические производства,industry,IND-037,Гальванические производства,INDUSTRY_DIRECT,,,mixed,Отраслевая карточка,industry_template,6
штраф экология гальванические производства,industry,IND-037,Гальванические производства,INDUSTRY_DIRECT,,,urgent,Отраслевая карточка,industry_template,4
анализ промывные воды,industry,IND-037,Гальванические производства,PAIN_ACTION,промывные воды,water,mixed,Отраслевая карточка,pain_action,3
вывоз гальванический шлам,industry,IND-037,Гальванические производства,PAIN_ACTION,гальванический шлам,waste,commercial,Отраслевая карточка,pain_action,3
как накапливать гальванический шлам,industry,IND-037,Гальванические производства,PAIN_ACTION,гальванический шлам,waste,mixed,Отраслевая карточка,pain_action,4
как очищать промывные воды,industry,IND-037,Гальванические производства,PAIN_ACTION,промывные воды,water,mixed,Отраслевая карточка,pain_action,4
как учитывать гальванический шлам,industry,IND-037,Гальванические производства,PAIN_ACTION,гальванический шлам,waste,diagnostic,Отраслевая карточка,pain_action,4
как учитывать кислоты,industry,IND-037,Гальванические производства,PAIN_ACTION,кислоты,general,diagnostic,Отраслевая карточка,pain_action,3
как учитывать тяжелые металлы,industry,IND-037,Гальванические производства,PAIN_ACTION,тяжелые металлы,general,diagnostic,Отраслевая карточка,pain_action,4
как учитывать щелочи,industry,IND-037,Гальванические производства,PAIN_ACTION,щелочи,general,diagnostic,Отраслевая карточка,pain_action,3
как хранить гальванический шлам,industry,IND-037,Гальванические производства,PAIN_ACTION,гальванический шлам,waste,diagnostic,Отраслевая карточка,pain_action,4
какой класс опасности гальванический шлам,industry,IND-037,Гальванические производства,PAIN_ACTION,гальванический шлам,waste,mixed,Отраслевая карточка,pain_action,5
контроль промывные воды,industry,IND-037,Гальванические производства,PAIN_ACTION,промывные воды,water,mixed,Отраслевая карточка,pain_action,3
кто забирает гальванический шлам,industry,IND-037,Гальванические производства,PAIN_ACTION,гальванический шлам,waste,mixed,Отраслевая карточка,pain_action,4
кто принимает гальванический шлам,industry,IND-037,Гальванические производства,PAIN_ACTION,гальванический шлам,waste,diagnostic,Отраслевая карточка,pain_action,4
куда девать гальванический шлам,industry,IND-037,Гальванические производства,PAIN_ACTION,гальванический шлам,waste,diagnostic,Отраслевая карточка,pain_action,4
куда отводить промывные воды,industry,IND-037,Гальванические производства,PAIN_ACTION,промывные воды,water,diagnostic,Отраслевая карточка,pain_action,4
куда передавать гальванический шлам,industry,IND-037,Гальванические производства,PAIN_ACTION,гальванический шлам,waste,diagnostic,Отраслевая карточка,pain_action,4
куда сдавать гальванический шлам,industry,IND-037,Гальванические производства,PAIN_ACTION,гальванический шлам,waste,diagnostic,Отраслевая карточка,pain_action,4
куда сливать промывные воды,industry,IND-037,Гальванические производства,PAIN_ACTION,промывные воды,water,diagnostic,Отраслевая карточка,pain_action,4
можно ли выбрасывать гальванический шлам,industry,IND-037,Гальванические производства,PAIN_ACTION,гальванический шлам,waste,mixed,Отраслевая карточка,pain_action,5
можно ли сбрасывать промывные воды,industry,IND-037,Гальванические производства,PAIN_ACTION,промывные воды,water,mixed,Отраслевая карточка,pain_action,5
можно ли хранить гальванический шлам на улице,industry,IND-037,Гальванические производства,PAIN_ACTION,гальванический шлам,waste,mixed,Отраслевая карточка,pain_action,7
нормативы промывные воды,industry,IND-037,Гальванические производства,PAIN_ACTION,промывные воды,water,mixed,Отраслевая карточка,pain_action,3
нужен ли договор на гальванический шлам,industry,IND-037,Гальванические производства,PAIN_ACTION,гальванический шлам,waste,diagnostic,Отраслевая карточка,pain_action,6
нужен ли паспорт на гальванический шлам,industry,IND-037,Гальванические производства,PAIN_ACTION,гальванический шлам,waste,diagnostic,Отраслевая карточка,pain_action,6
нужны ли документы на кислоты,industry,IND-037,Гальванические производства,PAIN_ACTION,кислоты,general,mixed,Отраслевая карточка,pain_action,5
нужны ли документы на тяжелые металлы,industry,IND-037,Гальванические производства,PAIN_ACTION,тяжелые металлы,general,mixed,Отраслевая карточка,pain_action,6
нужны ли документы на щелочи,industry,IND-037,Гальванические производства,PAIN_ACTION,щелочи,general,mixed,Отраслевая карточка,pain_action,5
нужны ли очистные для промывные воды,industry,IND-037,Гальванические производства,PAIN_ACTION,промывные воды,water,mixed,Вода,pain_action,6
обезвреживание гальванический шлам,industry,IND-037,Гальванические производства,PAIN_ACTION,гальванический шлам,waste,commercial,Отраслевая карточка,pain_action,3
переработка гальванический шлам,industry,IND-037,Гальванические производства,PAIN_ACTION,гальванический шлам,waste,mixed,Отраслевая карточка,pain_action,3
прием гальванический шлам,industry,IND-037,Гальванические производства,PAIN_ACTION,гальванический шлам,waste,mixed,Отраслевая карточка,pain_action,3
размещение гальванический шлам,industry,IND-037,Гальванические производства,PAIN_ACTION,гальванический шлам,waste,commercial,Отраслевая карточка,pain_action,3
стоимость утилизации гальванический шлам,industry,IND-037,Гальванические производства,PAIN_ACTION,гальванический шлам,waste,commercial,Отраслевая карточка,pain_action,4
требования к кислоты,industry,IND-037,Гальванические производства,PAIN_ACTION,кислоты,general,mixed,Отраслевая карточка,pain_action,3
требования к промывные воды,industry,IND-037,Гальванические производства,PAIN_ACTION,промывные воды,water,mixed,Отраслевая карточка,pain_action,4
требования к тяжелые металлы,industry,IND-037,Гальванические производства,PAIN_ACTION,тяжелые металлы,general,mixed,Отраслевая карточка,pain_action,4
требования к щелочи,industry,IND-037,Гальванические производства,PAIN_ACTION,щелочи,general,mixed,Отраслевая карточка,pain_action,3
утилизация гальванический шлам,industry,IND-037,Гальванические производства,PAIN_ACTION,гальванический шлам,waste,commercial,Отраслевая карточка,pain_action,3
учет промывные воды,industry,IND-037,Гальванические производства,PAIN_ACTION,промывные воды,water,mixed,Отраслевая карточка,pain_action,3
цена вывоза гальванический шлам,industry,IND-037,Гальванические производства,PAIN_ACTION,гальванический шлам,waste,commercial,Отраслевая карточка,pain_action,4
что делать с гальванический шлам,industry,IND-037,Гальванические производства,PAIN_ACTION,гальванический шлам,waste,diagnostic,Отраслевая карточка,pain_action,5
что делать с кислоты,industry,IND-037,Гальванические производства,PAIN_ACTION,кислоты,general,diagnostic,Отраслевая карточка,pain_action,4
что делать с промывные воды,industry,IND-037,Гальванические производства,PAIN_ACTION,промывные воды,water,diagnostic,Отраслевая карточка,pain_action,5
что делать с тяжелые металлы,industry,IND-037,Гальванические производства,PAIN_ACTION,тяжелые металлы,general,diagnostic,Отраслевая карточка,pain_action,5
что делать с щелочи,industry,IND-037,Гальванические производства,PAIN_ACTION,щелочи,general,diagnostic,Отраслевая карточка,pain_action,4
вывоз гальванический шлам гальванические производства,industry,IND-037,Гальванические производства,PAIN_X_INDUSTRY,гальванический шлам,waste,commercial,Отраслевая карточка,pain_x_industry,5
вывоз кислоты гальванические производства,industry,IND-037,Гальванические производства,PAIN_X_INDUSTRY,кислоты,general,commercial,Отраслевая карточка,pain_x_industry,4
вывоз промывные воды гальванические производства,industry,IND-037,Гальванические производства,PAIN_X_INDUSTRY,промывные воды,water,commercial,Отраслевая карточка,pain_x_industry,5
вывоз тяжелые металлы гальванические производства,industry,IND-037,Гальванические производства,PAIN_X_INDUSTRY,тяжелые металлы,general,commercial,Отраслевая карточка,pain_x_industry,5
вывоз щелочи гальванические производства,industry,IND-037,Гальванические производства,PAIN_X_INDUSTRY,щелочи,general,commercial,Отраслевая карточка,pain_x_industry,4
гальванический шлам гальванические производства,industry,IND-037,Гальванические производства,PAIN_X_INDUSTRY,гальванический шлам,waste,mixed,Отраслевая карточка,pain_x_industry,4
гальванический шлам для гальванические производства,industry,IND-037,Гальванические производства,PAIN_X_INDUSTRY,гальванический шлам,waste,mixed,Отраслевая карточка,pain_x_industry,5
гальванический шлам на гальванические производства,industry,IND-037,Гальванические производства,PAIN_X_INDUSTRY,гальванический шлам,waste,mixed,Отраслевая карточка,pain_x_industry,5
как учитывать гальванический шлам гальванические производства,industry,IND-037,Гальванические производства,PAIN_X_INDUSTRY,гальванический шлам,waste,diagnostic,Отраслевая карточка,pain_x_industry,6
как учитывать кислоты гальванические производства,industry,IND-037,Гальванические производства,PAIN_X_INDUSTRY,кислоты,general,diagnostic,Отраслевая карточка,pain_x_industry,5
как учитывать промывные воды гальванические производства,industry,IND-037,Гальванические производства,PAIN_X_INDUSTRY,промывные воды,water,diagnostic,Отраслевая карточка,pain_x_industry,6
как учитывать тяжелые металлы гальванические производства,industry,IND-037,Гальванические производства,PAIN_X_INDUSTRY,тяжелые металлы,general,diagnostic,Отраслевая карточка,pain_x_industry,6
как учитывать щелочи гальванические производства,industry,IND-037,Гальванические производства,PAIN_X_INDUSTRY,щелочи,general,diagnostic,Отраслевая карточка,pain_x_industry,5
как хранить гальванический шлам гальванические производства,industry,IND-037,Гальванические производства,PAIN_X_INDUSTRY,гальванический шлам,waste,diagnostic,Отраслевая карточка,pain_x_industry,6
как хранить кислоты гальванические производства,industry,IND-037,Гальванические производства,PAIN_X_INDUSTRY,кислоты,general,diagnostic,Отраслевая карточка,pain_x_industry,5
как хранить промывные воды гальванические производства,industry,IND-037,Гальванические производства,PAIN_X_INDUSTRY,промывные воды,water,diagnostic,Отраслевая карточка,pain_x_industry,6
как хранить тяжелые металлы гальванические производства,industry,IND-037,Гальванические производства,PAIN_X_INDUSTRY,тяжелые металлы,general,diagnostic,Отраслевая карточка,pain_x_industry,6
как хранить щелочи гальванические производства,industry,IND-037,Гальванические производства,PAIN_X_INDUSTRY,щелочи,general,diagnostic,Отраслевая карточка,pain_x_industry,5
кислоты гальванические производства,industry,IND-037,Гальванические производства,PAIN_X_INDUSTRY,кислоты,general,mixed,Отраслевая карточка,pain_x_industry,3
кислоты для гальванические производства,industry,IND-037,Гальванические производства,PAIN_X_INDUSTRY,кислоты,general,mixed,Отраслевая карточка,pain_x_industry,4
кислоты на гальванические производства,industry,IND-037,Гальванические производства,PAIN_X_INDUSTRY,кислоты,general,mixed,Отраслевая карточка,pain_x_industry,4
кто принимает гальванический шлам гальванические производства,industry,IND-037,Гальванические производства,PAIN_X_INDUSTRY,гальванический шлам,waste,diagnostic,Отраслевая карточка,pain_x_industry,6
кто принимает кислоты гальванические производства,industry,IND-037,Гальванические производства,PAIN_X_INDUSTRY,кислоты,general,diagnostic,Отраслевая карточка,pain_x_industry,5
кто принимает промывные воды гальванические производства,industry,IND-037,Гальванические производства,PAIN_X_INDUSTRY,промывные воды,water,diagnostic,Отраслевая карточка,pain_x_industry,6
кто принимает тяжелые металлы гальванические производства,industry,IND-037,Гальванические производства,PAIN_X_INDUSTRY,тяжелые металлы,general,diagnostic,Отраслевая карточка,pain_x_industry,6
кто принимает щелочи гальванические производства,industry,IND-037,Гальванические производства,PAIN_X_INDUSTRY,щелочи,general,diagnostic,Отраслевая карточка,pain_x_industry,5
куда девать гальванический шлам гальванические производства,industry,IND-037,Гальванические производства,PAIN_X_INDUSTRY,гальванический шлам,waste,diagnostic,Отраслевая карточка,pain_x_industry,6
куда девать кислоты гальванические производства,industry,IND-037,Гальванические производства,PAIN_X_INDUSTRY,кислоты,general,diagnostic,Отраслевая карточка,pain_x_industry,5
куда девать промывные воды гальванические производства,industry,IND-037,Гальванические производства,PAIN_X_INDUSTRY,промывные воды,water,diagnostic,Отраслевая карточка,pain_x_industry,6
куда девать тяжелые металлы гальванические производства,industry,IND-037,Гальванические производства,PAIN_X_INDUSTRY,тяжелые металлы,general,diagnostic,Отраслевая карточка,pain_x_industry,6
куда девать щелочи гальванические производства,industry,IND-037,Гальванические производства,PAIN_X_INDUSTRY,щелочи,general,diagnostic,Отраслевая карточка,pain_x_industry,5
куда сдавать гальванический шлам гальванические производства,industry,IND-037,Гальванические производства,PAIN_X_INDUSTRY,гальванический шлам,waste,diagnostic,Отраслевая карточка,pain_x_industry,6
куда сдавать кислоты гальванические производства,industry,IND-037,Гальванические производства,PAIN_X_INDUSTRY,кислоты,general,diagnostic,Отраслевая карточка,pain_x_industry,5
куда сдавать промывные воды гальванические производства,industry,IND-037,Гальванические производства,PAIN_X_INDUSTRY,промывные воды,water,diagnostic,Отраслевая карточка,pain_x_industry,6
куда сдавать тяжелые металлы гальванические производства,industry,IND-037,Гальванические производства,PAIN_X_INDUSTRY,тяжелые металлы,general,diagnostic,Отраслевая карточка,pain_x_industry,6
куда сдавать щелочи гальванические производства,industry,IND-037,Гальванические производства,PAIN_X_INDUSTRY,щелочи,general,diagnostic,Отраслевая карточка,pain_x_industry,5
нужен ли договор на гальванический шлам гальванические производства,industry,IND-037,Гальванические производства,PAIN_X_INDUSTRY,гальванический шлам,waste,diagnostic,Отраслевая карточка,pain_x_industry,8
нужен ли договор на кислоты гальванические производства,industry,IND-037,Гальванические производства,PAIN_X_INDUSTRY,кислоты,general,diagnostic,Отраслевая карточка,pain_x_industry,7
нужен ли договор на промывные воды гальванические производства,industry,IND-037,Гальванические производства,PAIN_X_INDUSTRY,промывные воды,water,diagnostic,Отраслевая карточка,pain_x_industry,8
нужен ли договор на тяжелые металлы гальванические производства,industry,IND-037,Гальванические производства,PAIN_X_INDUSTRY,тяжелые металлы,general,diagnostic,Отраслевая карточка,pain_x_industry,8
нужен ли договор на щелочи гальванические производства,industry,IND-037,Гальванические производства,PAIN_X_INDUSTRY,щелочи,general,diagnostic,Отраслевая карточка,pain_x_industry,7
нужен ли паспорт на гальванический шлам гальванические производства,industry,IND-037,Гальванические производства,PAIN_X_INDUSTRY,гальванический шлам,waste,diagnostic,Отраслевая карточка,pain_x_industry,8
нужен ли паспорт на кислоты гальванические производства,industry,IND-037,Гальванические производства,PAIN_X_INDUSTRY,кислоты,general,diagnostic,Отраслевая карточка,pain_x_industry,7
нужен ли паспорт на промывные воды гальванические производства,industry,IND-037,Гальванические производства,PAIN_X_INDUSTRY,промывные воды,water,diagnostic,Отраслевая карточка,pain_x_industry,8
нужен ли паспорт на тяжелые металлы гальванические производства,industry,IND-037,Гальванические производства,PAIN_X_INDUSTRY,тяжелые металлы,general,diagnostic,Отраслевая карточка,pain_x_industry,8
нужен ли паспорт на щелочи гальванические производства,industry,IND-037,Гальванические производства,PAIN_X_INDUSTRY,щелочи,general,diagnostic,Отраслевая карточка,pain_x_industry,7
промывные воды гальванические производства,industry,IND-037,Гальванические производства,PAIN_X_INDUSTRY,промывные воды,water,mixed,Отраслевая карточка,pain_x_industry,4
промывные воды для гальванические производства,industry,IND-037,Гальванические производства,PAIN_X_INDUSTRY,промывные воды,water,mixed,Отраслевая карточка,pain_x_industry,5
промывные воды на гальванические производства,industry,IND-037,Гальванические производства,PAIN_X_INDUSTRY,промывные воды,water,mixed,Отраслевая карточка,pain_x_industry,5
тяжелые металлы гальванические производства,industry,IND-037,Гальванические производства,PAIN_X_INDUSTRY,тяжелые металлы,general,mixed,Отраслевая карточка,pain_x_industry,4
тяжелые металлы для гальванические производства,industry,IND-037,Гальванические производства,PAIN_X_INDUSTRY,тяжелые металлы,general,mixed,Отраслевая карточка,pain_x_industry,5
тяжелые металлы на гальванические производства,industry,IND-037,Гальванические производства,PAIN_X_INDUSTRY,тяжелые металлы,general,mixed,Отраслевая карточка,pain_x_industry,5
утилизация гальванический шлам гальванические производства,industry,IND-037,Гальванические производства,PAIN_X_INDUSTRY,гальванический шлам,waste,commercial,Отраслевая карточка,pain_x_industry,5
утилизация кислоты гальванические производства,industry,IND-037,Гальванические производства,PAIN_X_INDUSTRY,кислоты,general,commercial,Отраслевая карточка,pain_x_industry,4
утилизация промывные воды гальванические производства,industry,IND-037,Гальванические производства,PAIN_X_INDUSTRY,промывные воды,water,commercial,Отраслевая карточка,pain_x_industry,5
утилизация тяжелые металлы гальванические производства,industry,IND-037,Гальванические производства,PAIN_X_INDUSTRY,тяжелые металлы,general,commercial,Отраслевая карточка,pain_x_industry,5
утилизация щелочи гальванические производства,industry,IND-037,Гальванические производства,PAIN_X_INDUSTRY,щелочи,general,commercial,Отраслевая карточка,pain_x_industry,4
цена утилизации гальванический шлам гальванические производства,industry,IND-037,Гальванические производства,PAIN_X_INDUSTRY,гальванический шлам,waste,commercial,Отраслевая карточка,pain_x_industry,6
цена утилизации кислоты гальванические производства,industry,IND-037,Гальванические производства,PAIN_X_INDUSTRY,кислоты,general,commercial,Отраслевая карточка,pain_x_industry,5
цена утилизации промывные воды гальванические производства,industry,IND-037,Гальванические производства,PAIN_X_INDUSTRY,промывные воды,water,commercial,Отраслевая карточка,pain_x_industry,6
цена утилизации тяжелые металлы гальванические производства,industry,IND-037,Гальванические производства,PAIN_X_INDUSTRY,тяжелые металлы,general,commercial,Отраслевая карточка,pain_x_industry,6
цена утилизации щелочи гальванические производства,industry,IND-037,Гальванические производства,PAIN_X_INDUSTRY,щелочи,general,commercial,Отраслевая карточка,pain_x_industry,5
что делать с гальванический шлам гальванические производства,industry,IND-037,Гальванические производства,PAIN_X_INDUSTRY,гальванический шлам,waste,diagnostic,Отраслевая карточка,pain_x_industry,7
что делать с кислоты гальванические производства,industry,IND-037,Гальванические производства,PAIN_X_INDUSTRY,кислоты,general,diagnostic,Отраслевая карточка,pain_x_industry,6
что делать с промывные воды гальванические производства,industry,IND-037,Гальванические производства,PAIN_X_INDUSTRY,промывные воды,water,diagnostic,Отраслевая карточка,pain_x_industry,7
что делать с тяжелые металлы гальванические производства,industry,IND-037,Гальванические производства,PAIN_X_INDUSTRY,тяжелые металлы,general,diagnostic,Отраслевая карточка,pain_x_industry,7
что делать с щелочи гальванические производства,industry,IND-037,Гальванические производства,PAIN_X_INDUSTRY,щелочи,general,diagnostic,Отраслевая карточка,pain_x_industry,6
щелочи гальванические производства,industry,IND-037,Гальванические производства,PAIN_X_INDUSTRY,щелочи,general,mixed,Отраслевая карточка,pain_x_industry,3
щелочи для гальванические производства,industry,IND-037,Гальванические производства,PAIN_X_INDUSTRY,щелочи,general,mixed,Отраслевая карточка,pain_x_industry,4
щелочи на гальванические производства,industry,IND-037,Гальванические производства,PAIN_X_INDUSTRY,щелочи,general,mixed,Отраслевая карточка,pain_x_industry,4
2 тп отходы горнодобывающие предприятия,industry,IND-024,Горнодобывающие предприятия,INDUSTRY_DIRECT,,,mixed,Отходы / учёт и отчётность,industry_template,5
ПЭК горнодобывающие предприятия,industry,IND-024,Горнодобывающие предприятия,INDUSTRY_DIRECT,,,mixed,Отраслевая карточка,industry_template,3
выбросы горнодобывающие предприятия,industry,IND-024,Горнодобывающие предприятия,INDUSTRY_DIRECT,,,mixed,Воздух,industry_template,3
запуск горнодобывающие предприятия экологические документы,industry,IND-024,Горнодобывающие предприятия,INDUSTRY_DIRECT,,,urgent,Отраслевая карточка,industry_template,5
какая экологическая отчетность у горнодобывающие предприятия,industry,IND-024,Горнодобывающие предприятия,INDUSTRY_DIRECT,,,mixed,Отходы / учёт и отчётность,industry_template,6
какие требования по экологии горнодобывающие предприятия,industry,IND-024,Горнодобывающие предприятия,INDUSTRY_DIRECT,,,diagnostic,Отраслевая карточка,industry_template,6
какие экологические документы нужны горнодобывающие предприятия,industry,IND-024,Горнодобывающие предприятия,INDUSTRY_DIRECT,,,mixed,Отраслевая карточка,industry_template,6
категория НВОС горнодобывающие предприятия,industry,IND-024,Горнодобывающие предприятия,INDUSTRY_DIRECT,,,mixed,НВОС,industry_template,4
ливневые воды горнодобывающие предприятия,industry,IND-024,Горнодобывающие предприятия,INDUSTRY_DIRECT,,,mixed,Вода,industry_template,4
нужен ли эколог горнодобывающие предприятия,industry,IND-024,Горнодобывающие предприятия,INDUSTRY_DIRECT,,,diagnostic,Отраслевая карточка,industry_template,5
нужно ли ставить на учет НВОС горнодобывающие предприятия,industry,IND-024,Горнодобывающие предприятия,INDUSTRY_DIRECT,,,mixed,НВОС,industry_template,8
отходы горнодобывающие предприятия,industry,IND-024,Горнодобывающие предприятия,INDUSTRY_DIRECT,,,mixed,Отраслевая карточка,industry_template,3
очистные горнодобывающие предприятия,industry,IND-024,Горнодобывающие предприятия,INDUSTRY_DIRECT,,,mixed,Вода,industry_template,3
предписание экология горнодобывающие предприятия,industry,IND-024,Горнодобывающие предприятия,INDUSTRY_DIRECT,,,urgent,Отраслевая карточка,industry_template,4
проверка экология горнодобывающие предприятия,industry,IND-024,Горнодобывающие предприятия,INDUSTRY_DIRECT,,,urgent,Отраслевая карточка,industry_template,4
сточные воды горнодобывающие предприятия,industry,IND-024,Горнодобывающие предприятия,INDUSTRY_DIRECT,,,mixed,Вода,industry_template,4
учет отходов горнодобывающие предприятия,industry,IND-024,Горнодобывающие предприятия,INDUSTRY_DIRECT,,,mixed,Отходы / учёт и отчётность,industry_template,4
что нужно по экологии горнодобывающие предприятия,industry,IND-024,Горнодобывающие предприятия,INDUSTRY_DIRECT,,,mixed,Отраслевая карточка,industry_template,6
что сдавать по экологии горнодобывающие предприятия,industry,IND-024,Горнодобывающие предприятия,INDUSTRY_DIRECT,,,mixed,Отраслевая карточка,industry_template,6
штраф экология горнодобывающие предприятия,industry,IND-024,Горнодобывающие предприятия,INDUSTRY_DIRECT,,,urgent,Отраслевая карточка,industry_template,4
2 тп отходы гостиницы / базы отдыха / туристические объекты,industry,IND-048,Гостиницы / базы отдыха / туристические объекты,INDUSTRY_DIRECT,,,mixed,Отходы / учёт и отчётность,industry_template,10
ПЭК гостиницы / базы отдыха / туристические объекты,industry,IND-048,Гостиницы / базы отдыха / туристические объекты,INDUSTRY_DIRECT,,,mixed,Отраслевая карточка,industry_template,8
выбросы гостиницы / базы отдыха / туристические объекты,industry,IND-048,Гостиницы / базы отдыха / туристические объекты,INDUSTRY_DIRECT,,,mixed,Воздух,industry_template,8
запуск гостиницы / базы отдыха / туристические объекты экологические документы,industry,IND-048,Гостиницы / базы отдыха / туристические объекты,INDUSTRY_DIRECT,,,urgent,Отраслевая карточка,industry_template,10
какая экологическая отчетность у гостиницы / базы отдыха / туристические объекты,industry,IND-048,Гостиницы / базы отдыха / туристические объекты,INDUSTRY_DIRECT,,,mixed,Отходы / учёт и отчётность,industry_template,11
какие требования по экологии гостиницы / базы отдыха / туристические объекты,industry,IND-048,Гостиницы / базы отдыха / туристические объекты,INDUSTRY_DIRECT,,,diagnostic,Отраслевая карточка,industry_template,11
какие экологические документы нужны гостиницы / базы отдыха / туристические объекты,industry,IND-048,Гостиницы / базы отдыха / туристические объекты,INDUSTRY_DIRECT,,,mixed,Отраслевая карточка,industry_template,11
категория НВОС гостиницы / базы отдыха / туристические объекты,industry,IND-048,Гостиницы / базы отдыха / туристические объекты,INDUSTRY_DIRECT,,,mixed,НВОС,industry_template,9
ливневые воды гостиницы / базы отдыха / туристические объекты,industry,IND-048,Гостиницы / базы отдыха / туристические объекты,INDUSTRY_DIRECT,,,mixed,Вода,industry_template,9
нужен ли эколог гостиницы / базы отдыха / туристические объекты,industry,IND-048,Гостиницы / базы отдыха / туристические объекты,INDUSTRY_DIRECT,,,diagnostic,Отраслевая карточка,industry_template,10
отходы гостиницы / базы отдыха / туристические объекты,industry,IND-048,Гостиницы / базы отдыха / туристические объекты,INDUSTRY_DIRECT,,,mixed,Отраслевая карточка,industry_template,8
очистные гостиницы / базы отдыха / туристические объекты,industry,IND-048,Гостиницы / базы отдыха / туристические объекты,INDUSTRY_DIRECT,,,mixed,Вода,industry_template,8
предписание экология гостиницы / базы отдыха / туристические объекты,industry,IND-048,Гостиницы / базы отдыха / туристические объекты,INDUSTRY_DIRECT,,,urgent,Отраслевая карточка,industry_template,9
проверка экология гостиницы / базы отдыха / туристические объекты,industry,IND-048,Гостиницы / базы отдыха / туристические объекты,INDUSTRY_DIRECT,,,urgent,Отраслевая карточка,industry_template,9
сточные воды гостиницы / базы отдыха / туристические объекты,industry,IND-048,Гостиницы / базы отдыха / туристические объекты,INDUSTRY_DIRECT,,,mixed,Вода,industry_template,9
учет отходов гостиницы / базы отдыха / туристические объекты,industry,IND-048,Гостиницы / базы отдыха / туристические объекты,INDUSTRY_DIRECT,,,mixed,Отходы / учёт и отчётность,industry_template,9
что нужно по экологии гостиницы / базы отдыха / туристические объекты,industry,IND-048,Гостиницы / базы отдыха / туристические объекты,INDUSTRY_DIRECT,,,mixed,Отраслевая карточка,industry_template,11
что сдавать по экологии гостиницы / базы отдыха / туристические объекты,industry,IND-048,Гостиницы / базы отдыха / туристические объекты,INDUSTRY_DIRECT,,,mixed,Отраслевая карточка,industry_template,11
штраф экология гостиницы / базы отдыха / туристические объекты,industry,IND-048,Гостиницы / базы отдыха / туристические объекты,INDUSTRY_DIRECT,,,urgent,Отраслевая карточка,industry_template,9
2 тп отходы деревообработка / мебельные производства,industry,IND-025,Деревообработка / мебельные производства,INDUSTRY_DIRECT,,,mixed,Отходы / учёт и отчётность,industry_template,7
ПЭК деревообработка / мебельные производства,industry,IND-025,Деревообработка / мебельные производства,INDUSTRY_DIRECT,,,mixed,Отраслевая карточка,industry_template,5
выбросы деревообработка / мебельные производства,industry,IND-025,Деревообработка / мебельные производства,INDUSTRY_DIRECT,,,mixed,Воздух,industry_template,5
запуск деревообработка / мебельные производства экологические документы,industry,IND-025,Деревообработка / мебельные производства,INDUSTRY_DIRECT,,,urgent,Отраслевая карточка,industry_template,7
какая экологическая отчетность у деревообработка / мебельные производства,industry,IND-025,Деревообработка / мебельные производства,INDUSTRY_DIRECT,,,mixed,Отходы / учёт и отчётность,industry_template,8
какие требования по экологии деревообработка / мебельные производства,industry,IND-025,Деревообработка / мебельные производства,INDUSTRY_DIRECT,,,diagnostic,Отраслевая карточка,industry_template,8
какие экологические документы нужны деревообработка / мебельные производства,industry,IND-025,Деревообработка / мебельные производства,INDUSTRY_DIRECT,,,mixed,Отраслевая карточка,industry_template,8
категория НВОС деревообработка / мебельные производства,industry,IND-025,Деревообработка / мебельные производства,INDUSTRY_DIRECT,,,mixed,НВОС,industry_template,6
ливневые воды деревообработка / мебельные производства,industry,IND-025,Деревообработка / мебельные производства,INDUSTRY_DIRECT,,,mixed,Вода,industry_template,6
нужен ли эколог деревообработка / мебельные производства,industry,IND-025,Деревообработка / мебельные производства,INDUSTRY_DIRECT,,,diagnostic,Отраслевая карточка,industry_template,7
нужно ли ставить на учет НВОС деревообработка / мебельные производства,industry,IND-025,Деревообработка / мебельные производства,INDUSTRY_DIRECT,,,mixed,НВОС,industry_template,10
отходы деревообработка / мебельные производства,industry,IND-025,Деревообработка / мебельные производства,INDUSTRY_DIRECT,,,mixed,Отраслевая карточка,industry_template,5
очистные деревообработка / мебельные производства,industry,IND-025,Деревообработка / мебельные производства,INDUSTRY_DIRECT,,,mixed,Вода,industry_template,5
предписание экология деревообработка / мебельные производства,industry,IND-025,Деревообработка / мебельные производства,INDUSTRY_DIRECT,,,urgent,Отраслевая карточка,industry_template,6
проверка экология деревообработка / мебельные производства,industry,IND-025,Деревообработка / мебельные производства,INDUSTRY_DIRECT,,,urgent,Отраслевая карточка,industry_template,6
сточные воды деревообработка / мебельные производства,industry,IND-025,Деревообработка / мебельные производства,INDUSTRY_DIRECT,,,mixed,Вода,industry_template,6
учет отходов деревообработка / мебельные производства,industry,IND-025,Деревообработка / мебельные производства,INDUSTRY_DIRECT,,,mixed,Отходы / учёт и отчётность,industry_template,6
что нужно по экологии деревообработка / мебельные производства,industry,IND-025,Деревообработка / мебельные производства,INDUSTRY_DIRECT,,,mixed,Отраслевая карточка,industry_template,8
что сдавать по экологии деревообработка / мебельные производства,industry,IND-025,Деревообработка / мебельные производства,INDUSTRY_DIRECT,,,mixed,Отраслевая карточка,industry_template,8
штраф экология деревообработка / мебельные производства,industry,IND-025,Деревообработка / мебельные производства,INDUSTRY_DIRECT,,,urgent,Отраслевая карточка,industry_template,6
вывоз ДСП,industry,IND-025,Деревообработка / мебельные производства,PAIN_ACTION,ДСП,waste,commercial,Отраслевая карточка,pain_action,2
вывоз МДФ,industry,IND-025,Деревообработка / мебельные производства,PAIN_ACTION,МДФ,waste,commercial,Отраслевая карточка,pain_action,2
вывоз опилки,industry,IND-025,Деревообработка / мебельные производства,PAIN_ACTION,опилки,waste,commercial,Отраслевая карточка,pain_action,2
вывоз стружка,industry,IND-025,Деревообработка / мебельные производства,PAIN_ACTION,стружка,waste,commercial,Отраслевая карточка,pain_action,2
жалобы на пыль,industry,IND-025,Деревообработка / мебельные производства,PAIN_ACTION,пыль,air,mixed,Воздух,pain_action,3
как накапливать ДСП,industry,IND-025,Деревообработка / мебельные производства,PAIN_ACTION,ДСП,waste,mixed,Отраслевая карточка,pain_action,3
как накапливать МДФ,industry,IND-025,Деревообработка / мебельные производства,PAIN_ACTION,МДФ,waste,mixed,Отраслевая карточка,pain_action,3
как накапливать опилки,industry,IND-025,Деревообработка / мебельные производства,PAIN_ACTION,опилки,waste,mixed,Отраслевая карточка,pain_action,3
как накапливать стружка,industry,IND-025,Деревообработка / мебельные производства,PAIN_ACTION,стружка,waste,mixed,Отраслевая карточка,pain_action,3
как уменьшить пыль,industry,IND-025,Деревообработка / мебельные производства,PAIN_ACTION,пыль,air,mixed,Воздух,pain_action,3
как учитывать ДСП,industry,IND-025,Деревообработка / мебельные производства,PAIN_ACTION,ДСП,waste,diagnostic,Отраслевая карточка,pain_action,3
как учитывать МДФ,industry,IND-025,Деревообработка / мебельные производства,PAIN_ACTION,МДФ,waste,diagnostic,Отраслевая карточка,pain_action,3
как учитывать лакокрасочные отходы,industry,IND-025,Деревообработка / мебельные производства,PAIN_ACTION,лакокрасочные отходы,general,diagnostic,Отраслевая карточка,pain_action,4
как учитывать опилки,industry,IND-025,Деревообработка / мебельные производства,PAIN_ACTION,опилки,waste,diagnostic,Отраслевая карточка,pain_action,3
как учитывать стружка,industry,IND-025,Деревообработка / мебельные производства,PAIN_ACTION,стружка,waste,diagnostic,Отраслевая карточка,pain_action,3
как хранить ДСП,industry,IND-025,Деревообработка / мебельные производства,PAIN_ACTION,ДСП,waste,diagnostic,Отраслевая карточка,pain_action,3
как хранить МДФ,industry,IND-025,Деревообработка / мебельные производства,PAIN_ACTION,МДФ,waste,diagnostic,Отраслевая карточка,pain_action,3
как хранить опилки,industry,IND-025,Деревообработка / мебельные производства,PAIN_ACTION,опилки,waste,diagnostic,Отраслевая карточка,pain_action,3
как хранить стружка,industry,IND-025,Деревообработка / мебельные производства,PAIN_ACTION,стружка,waste,diagnostic,Отраслевая карточка,pain_action,3
какой класс опасности ДСП,industry,IND-025,Деревообработка / мебельные производства,PAIN_ACTION,ДСП,waste,mixed,Отраслевая карточка,pain_action,4
какой класс опасности МДФ,industry,IND-025,Деревообработка / мебельные производства,PAIN_ACTION,МДФ,waste,mixed,Отраслевая карточка,pain_action,4
какой класс опасности опилки,industry,IND-025,Деревообработка / мебельные производства,PAIN_ACTION,опилки,waste,mixed,Отраслевая карточка,pain_action,4
какой класс опасности стружка,industry,IND-025,Деревообработка / мебельные производства,PAIN_ACTION,стружка,waste,mixed,Отраслевая карточка,pain_action,4
контроль пыль,industry,IND-025,Деревообработка / мебельные производства,PAIN_ACTION,пыль,air,mixed,Воздух,pain_action,2
кто забирает ДСП,industry,IND-025,Деревообработка / мебельные производства,PAIN_ACTION,ДСП,waste,mixed,Отраслевая карточка,pain_action,3
кто забирает МДФ,industry,IND-025,Деревообработка / мебельные производства,PAIN_ACTION,МДФ,waste,mixed,Отраслевая карточка,pain_action,3
кто забирает опилки,industry,IND-025,Деревообработка / мебельные производства,PAIN_ACTION,опилки,waste,mixed,Отраслевая карточка,pain_action,3
кто забирает стружка,industry,IND-025,Деревообработка / мебельные производства,PAIN_ACTION,стружка,waste,mixed,Отраслевая карточка,pain_action,3
кто принимает ДСП,industry,IND-025,Деревообработка / мебельные производства,PAIN_ACTION,ДСП,waste,diagnostic,Отраслевая карточка,pain_action,3
кто принимает МДФ,industry,IND-025,Деревообработка / мебельные производства,PAIN_ACTION,МДФ,waste,diagnostic,Отраслевая карточка,pain_action,3
кто принимает опилки,industry,IND-025,Деревообработка / мебельные производства,PAIN_ACTION,опилки,waste,diagnostic,Отраслевая карточка,pain_action,3
кто принимает стружка,industry,IND-025,Деревообработка / мебельные производства,PAIN_ACTION,стружка,waste,diagnostic,Отраслевая карточка,pain_action,3
куда девать ДСП,industry,IND-025,Деревообработка / мебельные производства,PAIN_ACTION,ДСП,waste,diagnostic,Отраслевая карточка,pain_action,3
куда девать МДФ,industry,IND-025,Деревообработка / мебельные производства,PAIN_ACTION,МДФ,waste,diagnostic,Отраслевая карточка,pain_action,3
куда девать опилки,industry,IND-025,Деревообработка / мебельные производства,PAIN_ACTION,опилки,waste,diagnostic,Отраслевая карточка,pain_action,3
куда девать стружка,industry,IND-025,Деревообработка / мебельные производства,PAIN_ACTION,стружка,waste,diagnostic,Отраслевая карточка,pain_action,3
куда передавать ДСП,industry,IND-025,Деревообработка / мебельные производства,PAIN_ACTION,ДСП,waste,diagnostic,Отраслевая карточка,pain_action,3
куда передавать МДФ,industry,IND-025,Деревообработка / мебельные производства,PAIN_ACTION,МДФ,waste,diagnostic,Отраслевая карточка,pain_action,3
куда передавать опилки,industry,IND-025,Деревообработка / мебельные производства,PAIN_ACTION,опилки,waste,diagnostic,Отраслевая карточка,pain_action,3
куда передавать стружка,industry,IND-025,Деревообработка / мебельные производства,PAIN_ACTION,стружка,waste,diagnostic,Отраслевая карточка,pain_action,3
куда сдавать ДСП,industry,IND-025,Деревообработка / мебельные производства,PAIN_ACTION,ДСП,waste,diagnostic,Отраслевая карточка,pain_action,3
куда сдавать МДФ,industry,IND-025,Деревообработка / мебельные производства,PAIN_ACTION,МДФ,waste,diagnostic,Отраслевая карточка,pain_action,3
куда сдавать опилки,industry,IND-025,Деревообработка / мебельные производства,PAIN_ACTION,опилки,waste,diagnostic,Отраслевая карточка,pain_action,3
куда сдавать стружка,industry,IND-025,Деревообработка / мебельные производства,PAIN_ACTION,стружка,waste,diagnostic,Отраслевая карточка,pain_action,3
можно ли выбрасывать ДСП,industry,IND-025,Деревообработка / мебельные производства,PAIN_ACTION,ДСП,waste,mixed,Отраслевая карточка,pain_action,4
можно ли выбрасывать МДФ,industry,IND-025,Деревообработка / мебельные производства,PAIN_ACTION,МДФ,waste,mixed,Отраслевая карточка,pain_action,4
можно ли выбрасывать опилки,industry,IND-025,Деревообработка / мебельные производства,PAIN_ACTION,опилки,waste,mixed,Отраслевая карточка,pain_action,4
можно ли выбрасывать стружка,industry,IND-025,Деревообработка / мебельные производства,PAIN_ACTION,стружка,waste,mixed,Отраслевая карточка,pain_action,4
можно ли хранить ДСП на улице,industry,IND-025,Деревообработка / мебельные производства,PAIN_ACTION,ДСП,waste,mixed,Отраслевая карточка,pain_action,6
можно ли хранить МДФ на улице,industry,IND-025,Деревообработка / мебельные производства,PAIN_ACTION,МДФ,waste,mixed,Отраслевая карточка,pain_action,6
можно ли хранить опилки на улице,industry,IND-025,Деревообработка / мебельные производства,PAIN_ACTION,опилки,waste,mixed,Отраслевая карточка,pain_action,6
можно ли хранить стружка на улице,industry,IND-025,Деревообработка / мебельные производства,PAIN_ACTION,стружка,waste,mixed,Отраслевая карточка,pain_action,6
нормативы пыль,industry,IND-025,Деревообработка / мебельные производства,PAIN_ACTION,пыль,air,mixed,Воздух,pain_action,2
нужен ли договор на ДСП,industry,IND-025,Деревообработка / мебельные производства,PAIN_ACTION,ДСП,waste,diagnostic,Отраслевая карточка,pain_action,5
нужен ли договор на МДФ,industry,IND-025,Деревообработка / мебельные производства,PAIN_ACTION,МДФ,waste,diagnostic,Отраслевая карточка,pain_action,5
нужен ли договор на опилки,industry,IND-025,Деревообработка / мебельные производства,PAIN_ACTION,опилки,waste,diagnostic,Отраслевая карточка,pain_action,5
нужен ли договор на стружка,industry,IND-025,Деревообработка / мебельные производства,PAIN_ACTION,стружка,waste,diagnostic,Отраслевая карточка,pain_action,5
нужен ли паспорт на ДСП,industry,IND-025,Деревообработка / мебельные производства,PAIN_ACTION,ДСП,waste,diagnostic,Отраслевая карточка,pain_action,5
нужен ли паспорт на МДФ,industry,IND-025,Деревообработка / мебельные производства,PAIN_ACTION,МДФ,waste,diagnostic,Отраслевая карточка,pain_action,5
нужен ли паспорт на опилки,industry,IND-025,Деревообработка / мебельные производства,PAIN_ACTION,опилки,waste,diagnostic,Отраслевая карточка,pain_action,5
нужен ли паспорт на стружка,industry,IND-025,Деревообработка / мебельные производства,PAIN_ACTION,стружка,waste,diagnostic,Отраслевая карточка,pain_action,5
нужна ли инвентаризация пыль,industry,IND-025,Деревообработка / мебельные производства,PAIN_ACTION,пыль,air,mixed,Воздух,pain_action,4
нужно ли учитывать пыль,industry,IND-025,Деревообработка / мебельные производства,PAIN_ACTION,пыль,air,mixed,Воздух,pain_action,4
нужны ли документы на лакокрасочные отходы,industry,IND-025,Деревообработка / мебельные производства,PAIN_ACTION,лакокрасочные отходы,general,mixed,Отраслевая карточка,pain_action,6
обезвреживание ДСП,industry,IND-025,Деревообработка / мебельные производства,PAIN_ACTION,ДСП,waste,commercial,Отраслевая карточка,pain_action,2
обезвреживание МДФ,industry,IND-025,Деревообработка / мебельные производства,PAIN_ACTION,МДФ,waste,commercial,Отраслевая карточка,pain_action,2
обезвреживание опилки,industry,IND-025,Деревообработка / мебельные производства,PAIN_ACTION,опилки,waste,commercial,Отраслевая карточка,pain_action,2
обезвреживание стружка,industry,IND-025,Деревообработка / мебельные производства,PAIN_ACTION,стружка,waste,commercial,Отраслевая карточка,pain_action,2
переработка ДСП,industry,IND-025,Деревообработка / мебельные производства,PAIN_ACTION,ДСП,waste,mixed,Отраслевая карточка,pain_action,2
переработка МДФ,industry,IND-025,Деревообработка / мебельные производства,PAIN_ACTION,МДФ,waste,mixed,Отраслевая карточка,pain_action,2
переработка опилки,industry,IND-025,Деревообработка / мебельные производства,PAIN_ACTION,опилки,waste,mixed,Отраслевая карточка,pain_action,2
переработка стружка,industry,IND-025,Деревообработка / мебельные производства,PAIN_ACTION,стружка,waste,mixed,Отраслевая карточка,pain_action,2
прием ДСП,industry,IND-025,Деревообработка / мебельные производства,PAIN_ACTION,ДСП,waste,mixed,Отраслевая карточка,pain_action,2
прием МДФ,industry,IND-025,Деревообработка / мебельные производства,PAIN_ACTION,МДФ,waste,mixed,Отраслевая карточка,pain_action,2
прием опилки,industry,IND-025,Деревообработка / мебельные производства,PAIN_ACTION,опилки,waste,mixed,Отраслевая карточка,pain_action,2
прием стружка,industry,IND-025,Деревообработка / мебельные производства,PAIN_ACTION,стружка,waste,mixed,Отраслевая карточка,pain_action,2
размещение ДСП,industry,IND-025,Деревообработка / мебельные производства,PAIN_ACTION,ДСП,waste,commercial,Отраслевая карточка,pain_action,2
размещение МДФ,industry,IND-025,Деревообработка / мебельные производства,PAIN_ACTION,МДФ,waste,commercial,Отраслевая карточка,pain_action,2
размещение опилки,industry,IND-025,Деревообработка / мебельные производства,PAIN_ACTION,опилки,waste,commercial,Отраслевая карточка,pain_action,2
размещение стружка,industry,IND-025,Деревообработка / мебельные производства,PAIN_ACTION,стружка,waste,commercial,Отраслевая карточка,pain_action,2
стоимость утилизации ДСП,industry,IND-025,Деревообработка / мебельные производства,PAIN_ACTION,ДСП,waste,commercial,Отраслевая карточка,pain_action,3
стоимость утилизации МДФ,industry,IND-025,Деревообработка / мебельные производства,PAIN_ACTION,МДФ,waste,commercial,Отраслевая карточка,pain_action,3
стоимость утилизации опилки,industry,IND-025,Деревообработка / мебельные производства,PAIN_ACTION,опилки,waste,commercial,Отраслевая карточка,pain_action,3
стоимость утилизации стружка,industry,IND-025,Деревообработка / мебельные производства,PAIN_ACTION,стружка,waste,commercial,Отраслевая карточка,pain_action,3
требования к лакокрасочные отходы,industry,IND-025,Деревообработка / мебельные производства,PAIN_ACTION,лакокрасочные отходы,general,mixed,Отраслевая карточка,pain_action,4
требования к пыль,industry,IND-025,Деревообработка / мебельные производства,PAIN_ACTION,пыль,air,mixed,Воздух,pain_action,3
утилизация ДСП,industry,IND-025,Деревообработка / мебельные производства,PAIN_ACTION,ДСП,waste,commercial,Отраслевая карточка,pain_action,2
утилизация МДФ,industry,IND-025,Деревообработка / мебельные производства,PAIN_ACTION,МДФ,waste,commercial,Отраслевая карточка,pain_action,2
утилизация опилки,industry,IND-025,Деревообработка / мебельные производства,PAIN_ACTION,опилки,waste,commercial,Отраслевая карточка,pain_action,2
утилизация стружка,industry,IND-025,Деревообработка / мебельные производства,PAIN_ACTION,стружка,waste,commercial,Отраслевая карточка,pain_action,2
цена вывоза ДСП,industry,IND-025,Деревообработка / мебельные производства,PAIN_ACTION,ДСП,waste,commercial,Отраслевая карточка,pain_action,3
цена вывоза МДФ,industry,IND-025,Деревообработка / мебельные производства,PAIN_ACTION,МДФ,waste,commercial,Отраслевая карточка,pain_action,3
цена вывоза опилки,industry,IND-025,Деревообработка / мебельные производства,PAIN_ACTION,опилки,waste,commercial,Отраслевая карточка,pain_action,3
цена вывоза стружка,industry,IND-025,Деревообработка / мебельные производства,PAIN_ACTION,стружка,waste,commercial,Отраслевая карточка,pain_action,3
что делать с ДСП,industry,IND-025,Деревообработка / мебельные производства,PAIN_ACTION,ДСП,waste,diagnostic,Отраслевая карточка,pain_action,4
что делать с МДФ,industry,IND-025,Деревообработка / мебельные производства,PAIN_ACTION,МДФ,waste,diagnostic,Отраслевая карточка,pain_action,4
что делать с лакокрасочные отходы,industry,IND-025,Деревообработка / мебельные производства,PAIN_ACTION,лакокрасочные отходы,general,diagnostic,Отраслевая карточка,pain_action,5
что делать с опилки,industry,IND-025,Деревообработка / мебельные производства,PAIN_ACTION,опилки,waste,diagnostic,Отраслевая карточка,pain_action,4
что делать с пыль,industry,IND-025,Деревообработка / мебельные производства,PAIN_ACTION,пыль,air,diagnostic,Воздух,pain_action,4
что делать с стружка,industry,IND-025,Деревообработка / мебельные производства,PAIN_ACTION,стружка,waste,diagnostic,Отраслевая карточка,pain_action,4
ДСП деревообработка / мебельные производства,industry,IND-025,Деревообработка / мебельные производства,PAIN_X_INDUSTRY,ДСП,waste,mixed,Отраслевая карточка,pain_x_industry,5
ДСП для деревообработка / мебельные производства,industry,IND-025,Деревообработка / мебельные производства,PAIN_X_INDUSTRY,ДСП,waste,mixed,Отраслевая карточка,pain_x_industry,6
ДСП на деревообработка / мебельные производства,industry,IND-025,Деревообработка / мебельные производства,PAIN_X_INDUSTRY,ДСП,waste,mixed,Отраслевая карточка,pain_x_industry,6
МДФ деревообработка / мебельные производства,industry,IND-025,Деревообработка / мебельные производства,PAIN_X_INDUSTRY,МДФ,waste,mixed,Отраслевая карточка,pain_x_industry,5
МДФ для деревообработка / мебельные производства,industry,IND-025,Деревообработка / мебельные производства,PAIN_X_INDUSTRY,МДФ,waste,mixed,Отраслевая карточка,pain_x_industry,6
МДФ на деревообработка / мебельные производства,industry,IND-025,Деревообработка / мебельные производства,PAIN_X_INDUSTRY,МДФ,waste,mixed,Отраслевая карточка,pain_x_industry,6
вывоз ДСП деревообработка / мебельные производства,industry,IND-025,Деревообработка / мебельные производства,PAIN_X_INDUSTRY,ДСП,waste,commercial,Отраслевая карточка,pain_x_industry,6
вывоз МДФ деревообработка / мебельные производства,industry,IND-025,Деревообработка / мебельные производства,PAIN_X_INDUSTRY,МДФ,waste,commercial,Отраслевая карточка,pain_x_industry,6
вывоз лакокрасочные отходы деревообработка / мебельные производства,industry,IND-025,Деревообработка / мебельные производства,PAIN_X_INDUSTRY,лакокрасочные отходы,general,commercial,Отраслевая карточка,pain_x_industry,7
вывоз опилки деревообработка / мебельные производства,industry,IND-025,Деревообработка / мебельные производства,PAIN_X_INDUSTRY,опилки,waste,commercial,Отраслевая карточка,pain_x_industry,6
вывоз пыль деревообработка / мебельные производства,industry,IND-025,Деревообработка / мебельные производства,PAIN_X_INDUSTRY,пыль,air,commercial,Воздух,pain_x_industry,6
вывоз стружка деревообработка / мебельные производства,industry,IND-025,Деревообработка / мебельные производства,PAIN_X_INDUSTRY,стружка,waste,commercial,Отраслевая карточка,pain_x_industry,6
как учитывать ДСП деревообработка / мебельные производства,industry,IND-025,Деревообработка / мебельные производства,PAIN_X_INDUSTRY,ДСП,waste,diagnostic,Отраслевая карточка,pain_x_industry,7
как учитывать МДФ деревообработка / мебельные производства,industry,IND-025,Деревообработка / мебельные производства,PAIN_X_INDUSTRY,МДФ,waste,diagnostic,Отраслевая карточка,pain_x_industry,7
как учитывать лакокрасочные отходы деревообработка / мебельные производства,industry,IND-025,Деревообработка / мебельные производства,PAIN_X_INDUSTRY,лакокрасочные отходы,general,diagnostic,Отраслевая карточка,pain_x_industry,8
как учитывать опилки деревообработка / мебельные производства,industry,IND-025,Деревообработка / мебельные производства,PAIN_X_INDUSTRY,опилки,waste,diagnostic,Отраслевая карточка,pain_x_industry,7
как учитывать пыль деревообработка / мебельные производства,industry,IND-025,Деревообработка / мебельные производства,PAIN_X_INDUSTRY,пыль,air,diagnostic,Воздух,pain_x_industry,7
как учитывать стружка деревообработка / мебельные производства,industry,IND-025,Деревообработка / мебельные производства,PAIN_X_INDUSTRY,стружка,waste,diagnostic,Отраслевая карточка,pain_x_industry,7
как хранить ДСП деревообработка / мебельные производства,industry,IND-025,Деревообработка / мебельные производства,PAIN_X_INDUSTRY,ДСП,waste,diagnostic,Отраслевая карточка,pain_x_industry,7
как хранить МДФ деревообработка / мебельные производства,industry,IND-025,Деревообработка / мебельные производства,PAIN_X_INDUSTRY,МДФ,waste,diagnostic,Отраслевая карточка,pain_x_industry,7
как хранить лакокрасочные отходы деревообработка / мебельные производства,industry,IND-025,Деревообработка / мебельные производства,PAIN_X_INDUSTRY,лакокрасочные отходы,general,diagnostic,Отраслевая карточка,pain_x_industry,8
как хранить опилки деревообработка / мебельные производства,industry,IND-025,Деревообработка / мебельные производства,PAIN_X_INDUSTRY,опилки,waste,diagnostic,Отраслевая карточка,pain_x_industry,7
как хранить пыль деревообработка / мебельные производства,industry,IND-025,Деревообработка / мебельные производства,PAIN_X_INDUSTRY,пыль,air,diagnostic,Воздух,pain_x_industry,7
как хранить стружка деревообработка / мебельные производства,industry,IND-025,Деревообработка / мебельные производства,PAIN_X_INDUSTRY,стружка,waste,diagnostic,Отраслевая карточка,pain_x_industry,7
кто принимает ДСП деревообработка / мебельные производства,industry,IND-025,Деревообработка / мебельные производства,PAIN_X_INDUSTRY,ДСП,waste,diagnostic,Отраслевая карточка,pain_x_industry,7
кто принимает МДФ деревообработка / мебельные производства,industry,IND-025,Деревообработка / мебельные производства,PAIN_X_INDUSTRY,МДФ,waste,diagnostic,Отраслевая карточка,pain_x_industry,7
кто принимает лакокрасочные отходы деревообработка / мебельные производства,industry,IND-025,Деревообработка / мебельные производства,PAIN_X_INDUSTRY,лакокрасочные отходы,general,diagnostic,Отраслевая карточка,pain_x_industry,8
кто принимает опилки деревообработка / мебельные производства,industry,IND-025,Деревообработка / мебельные производства,PAIN_X_INDUSTRY,опилки,waste,diagnostic,Отраслевая карточка,pain_x_industry,7
кто принимает пыль деревообработка / мебельные производства,industry,IND-025,Деревообработка / мебельные производства,PAIN_X_INDUSTRY,пыль,air,diagnostic,Воздух,pain_x_industry,7
кто принимает стружка деревообработка / мебельные производства,industry,IND-025,Деревообработка / мебельные производства,PAIN_X_INDUSTRY,стружка,waste,diagnostic,Отраслевая карточка,pain_x_industry,7
куда девать ДСП деревообработка / мебельные производства,industry,IND-025,Деревообработка / мебельные производства,PAIN_X_INDUSTRY,ДСП,waste,diagnostic,Отраслевая карточка,pain_x_industry,7
куда девать МДФ деревообработка / мебельные производства,industry,IND-025,Деревообработка / мебельные производства,PAIN_X_INDUSTRY,МДФ,waste,diagnostic,Отраслевая карточка,pain_x_industry,7
куда девать лакокрасочные отходы деревообработка / мебельные производства,industry,IND-025,Деревообработка / мебельные производства,PAIN_X_INDUSTRY,лакокрасочные отходы,general,diagnostic,Отраслевая карточка,pain_x_industry,8
куда девать опилки деревообработка / мебельные производства,industry,IND-025,Деревообработка / мебельные производства,PAIN_X_INDUSTRY,опилки,waste,diagnostic,Отраслевая карточка,pain_x_industry,7
куда девать пыль деревообработка / мебельные производства,industry,IND-025,Деревообработка / мебельные производства,PAIN_X_INDUSTRY,пыль,air,diagnostic,Воздух,pain_x_industry,7
куда девать стружка деревообработка / мебельные производства,industry,IND-025,Деревообработка / мебельные производства,PAIN_X_INDUSTRY,стружка,waste,diagnostic,Отраслевая карточка,pain_x_industry,7
куда сдавать ДСП деревообработка / мебельные производства,industry,IND-025,Деревообработка / мебельные производства,PAIN_X_INDUSTRY,ДСП,waste,diagnostic,Отраслевая карточка,pain_x_industry,7
куда сдавать МДФ деревообработка / мебельные производства,industry,IND-025,Деревообработка / мебельные производства,PAIN_X_INDUSTRY,МДФ,waste,diagnostic,Отраслевая карточка,pain_x_industry,7
куда сдавать лакокрасочные отходы деревообработка / мебельные производства,industry,IND-025,Деревообработка / мебельные производства,PAIN_X_INDUSTRY,лакокрасочные отходы,general,diagnostic,Отраслевая карточка,pain_x_industry,8
куда сдавать опилки деревообработка / мебельные производства,industry,IND-025,Деревообработка / мебельные производства,PAIN_X_INDUSTRY,опилки,waste,diagnostic,Отраслевая карточка,pain_x_industry,7
куда сдавать пыль деревообработка / мебельные производства,industry,IND-025,Деревообработка / мебельные производства,PAIN_X_INDUSTRY,пыль,air,diagnostic,Воздух,pain_x_industry,7
куда сдавать стружка деревообработка / мебельные производства,industry,IND-025,Деревообработка / мебельные производства,PAIN_X_INDUSTRY,стружка,waste,diagnostic,Отраслевая карточка,pain_x_industry,7
лакокрасочные отходы деревообработка / мебельные производства,industry,IND-025,Деревообработка / мебельные производства,PAIN_X_INDUSTRY,лакокрасочные отходы,general,mixed,Отраслевая карточка,pain_x_industry,6
лакокрасочные отходы для деревообработка / мебельные производства,industry,IND-025,Деревообработка / мебельные производства,PAIN_X_INDUSTRY,лакокрасочные отходы,general,mixed,Отраслевая карточка,pain_x_industry,7
лакокрасочные отходы на деревообработка / мебельные производства,industry,IND-025,Деревообработка / мебельные производства,PAIN_X_INDUSTRY,лакокрасочные отходы,general,mixed,Отраслевая карточка,pain_x_industry,7
нужен ли договор на ДСП деревообработка / мебельные производства,industry,IND-025,Деревообработка / мебельные производства,PAIN_X_INDUSTRY,ДСП,waste,diagnostic,Отраслевая карточка,pain_x_industry,9
нужен ли договор на МДФ деревообработка / мебельные производства,industry,IND-025,Деревообработка / мебельные производства,PAIN_X_INDUSTRY,МДФ,waste,diagnostic,Отраслевая карточка,pain_x_industry,9
нужен ли договор на лакокрасочные отходы деревообработка / мебельные производства,industry,IND-025,Деревообработка / мебельные производства,PAIN_X_INDUSTRY,лакокрасочные отходы,general,diagnostic,Отраслевая карточка,pain_x_industry,10
нужен ли договор на опилки деревообработка / мебельные производства,industry,IND-025,Деревообработка / мебельные производства,PAIN_X_INDUSTRY,опилки,waste,diagnostic,Отраслевая карточка,pain_x_industry,9
нужен ли договор на пыль деревообработка / мебельные производства,industry,IND-025,Деревообработка / мебельные производства,PAIN_X_INDUSTRY,пыль,air,diagnostic,Воздух,pain_x_industry,9
нужен ли договор на стружка деревообработка / мебельные производства,industry,IND-025,Деревообработка / мебельные производства,PAIN_X_INDUSTRY,стружка,waste,diagnostic,Отраслевая карточка,pain_x_industry,9
нужен ли паспорт на ДСП деревообработка / мебельные производства,industry,IND-025,Деревообработка / мебельные производства,PAIN_X_INDUSTRY,ДСП,waste,diagnostic,Отраслевая карточка,pain_x_industry,9
нужен ли паспорт на МДФ деревообработка / мебельные производства,industry,IND-025,Деревообработка / мебельные производства,PAIN_X_INDUSTRY,МДФ,waste,diagnostic,Отраслевая карточка,pain_x_industry,9
нужен ли паспорт на лакокрасочные отходы деревообработка / мебельные производства,industry,IND-025,Деревообработка / мебельные производства,PAIN_X_INDUSTRY,лакокрасочные отходы,general,diagnostic,Паспорта отходов,pain_x_industry,10
нужен ли паспорт на опилки деревообработка / мебельные производства,industry,IND-025,Деревообработка / мебельные производства,PAIN_X_INDUSTRY,опилки,waste,diagnostic,Отраслевая карточка,pain_x_industry,9
нужен ли паспорт на пыль деревообработка / мебельные производства,industry,IND-025,Деревообработка / мебельные производства,PAIN_X_INDUSTRY,пыль,air,diagnostic,Воздух,pain_x_industry,9
нужен ли паспорт на стружка деревообработка / мебельные производства,industry,IND-025,Деревообработка / мебельные производства,PAIN_X_INDUSTRY,стружка,waste,diagnostic,Отраслевая карточка,pain_x_industry,9
опилки деревообработка / мебельные производства,industry,IND-025,Деревообработка / мебельные производства,PAIN_X_INDUSTRY,опилки,waste,mixed,Отраслевая карточка,pain_x_industry,5
опилки для деревообработка / мебельные производства,industry,IND-025,Деревообработка / мебельные производства,PAIN_X_INDUSTRY,опилки,waste,mixed,Отраслевая карточка,pain_x_industry,6
опилки на деревообработка / мебельные производства,industry,IND-025,Деревообработка / мебельные производства,PAIN_X_INDUSTRY,опилки,waste,mixed,Отраслевая карточка,pain_x_industry,6
пыль деревообработка / мебельные производства,industry,IND-025,Деревообработка / мебельные производства,PAIN_X_INDUSTRY,пыль,air,mixed,Воздух,pain_x_industry,5
пыль для деревообработка / мебельные производства,industry,IND-025,Деревообработка / мебельные производства,PAIN_X_INDUSTRY,пыль,air,mixed,Воздух,pain_x_industry,6
пыль на деревообработка / мебельные производства,industry,IND-025,Деревообработка / мебельные производства,PAIN_X_INDUSTRY,пыль,air,mixed,Воздух,pain_x_industry,6
стружка деревообработка / мебельные производства,industry,IND-025,Деревообработка / мебельные производства,PAIN_X_INDUSTRY,стружка,waste,mixed,Отраслевая карточка,pain_x_industry,5
стружка для деревообработка / мебельные производства,industry,IND-025,Деревообработка / мебельные производства,PAIN_X_INDUSTRY,стружка,waste,mixed,Отраслевая карточка,pain_x_industry,6
стружка на деревообработка / мебельные производства,industry,IND-025,Деревообработка / мебельные производства,PAIN_X_INDUSTRY,стружка,waste,mixed,Отраслевая карточка,pain_x_industry,6
утилизация ДСП деревообработка / мебельные производства,industry,IND-025,Деревообработка / мебельные производства,PAIN_X_INDUSTRY,ДСП,waste,commercial,Отраслевая карточка,pain_x_industry,6
утилизация МДФ деревообработка / мебельные производства,industry,IND-025,Деревообработка / мебельные производства,PAIN_X_INDUSTRY,МДФ,waste,commercial,Отраслевая карточка,pain_x_industry,6
утилизация лакокрасочные отходы деревообработка / мебельные производства,industry,IND-025,Деревообработка / мебельные производства,PAIN_X_INDUSTRY,лакокрасочные отходы,general,commercial,Отраслевая карточка,pain_x_industry,7
утилизация опилки деревообработка / мебельные производства,industry,IND-025,Деревообработка / мебельные производства,PAIN_X_INDUSTRY,опилки,waste,commercial,Отраслевая карточка,pain_x_industry,6
утилизация пыль деревообработка / мебельные производства,industry,IND-025,Деревообработка / мебельные производства,PAIN_X_INDUSTRY,пыль,air,commercial,Воздух,pain_x_industry,6
утилизация стружка деревообработка / мебельные производства,industry,IND-025,Деревообработка / мебельные производства,PAIN_X_INDUSTRY,стружка,waste,commercial,Отраслевая карточка,pain_x_industry,6
цена утилизации ДСП деревообработка / мебельные производства,industry,IND-025,Деревообработка / мебельные производства,PAIN_X_INDUSTRY,ДСП,waste,commercial,Отраслевая карточка,pain_x_industry,7
цена утилизации МДФ деревообработка / мебельные производства,industry,IND-025,Деревообработка / мебельные производства,PAIN_X_INDUSTRY,МДФ,waste,commercial,Отраслевая карточка,pain_x_industry,7
цена утилизации лакокрасочные отходы деревообработка / мебельные производства,industry,IND-025,Деревообработка / мебельные производства,PAIN_X_INDUSTRY,лакокрасочные отходы,general,commercial,Отраслевая карточка,pain_x_industry,8
цена утилизации опилки деревообработка / мебельные производства,industry,IND-025,Деревообработка / мебельные производства,PAIN_X_INDUSTRY,опилки,waste,commercial,Отраслевая карточка,pain_x_industry,7
цена утилизации пыль деревообработка / мебельные производства,industry,IND-025,Деревообработка / мебельные производства,PAIN_X_INDUSTRY,пыль,air,commercial,Воздух,pain_x_industry,7
цена утилизации стружка деревообработка / мебельные производства,industry,IND-025,Деревообработка / мебельные производства,PAIN_X_INDUSTRY,стружка,waste,commercial,Отраслевая карточка,pain_x_industry,7
что делать с ДСП деревообработка / мебельные производства,industry,IND-025,Деревообработка / мебельные производства,PAIN_X_INDUSTRY,ДСП,waste,diagnostic,Отраслевая карточка,pain_x_industry,8
что делать с МДФ деревообработка / мебельные производства,industry,IND-025,Деревообработка / мебельные производства,PAIN_X_INDUSTRY,МДФ,waste,diagnostic,Отраслевая карточка,pain_x_industry,8
что делать с лакокрасочные отходы деревообработка / мебельные производства,industry,IND-025,Деревообработка / мебельные производства,PAIN_X_INDUSTRY,лакокрасочные отходы,general,diagnostic,Отраслевая карточка,pain_x_industry,9
что делать с опилки деревообработка / мебельные производства,industry,IND-025,Деревообработка / мебельные производства,PAIN_X_INDUSTRY,опилки,waste,diagnostic,Отраслевая карточка,pain_x_industry,8
что делать с пыль деревообработка / мебельные производства,industry,IND-025,Деревообработка / мебельные производства,PAIN_X_INDUSTRY,пыль,air,diagnostic,Воздух,pain_x_industry,8
что делать с стружка деревообработка / мебельные производства,industry,IND-025,Деревообработка / мебельные производства,PAIN_X_INDUSTRY,стружка,waste,diagnostic,Отраслевая карточка,pain_x_industry,8
2 тп отходы животноводческие предприятия,industry,IND-014,Животноводческие предприятия,INDUSTRY_DIRECT,,,mixed,Отходы / учёт и отчётность,industry_template,5
ПЭК животноводческие предприятия,industry,IND-014,Животноводческие предприятия,INDUSTRY_DIRECT,,,mixed,Отраслевая карточка,industry_template,3
выбросы животноводческие предприятия,industry,IND-014,Животноводческие предприятия,INDUSTRY_DIRECT,,,mixed,Воздух,industry_template,3
запуск животноводческие предприятия экологические документы,industry,IND-014,Животноводческие предприятия,INDUSTRY_DIRECT,,,urgent,Отраслевая карточка,industry_template,5
какая экологическая отчетность у животноводческие предприятия,industry,IND-014,Животноводческие предприятия,INDUSTRY_DIRECT,,,mixed,Отходы / учёт и отчётность,industry_template,6
какие требования по экологии животноводческие предприятия,industry,IND-014,Животноводческие предприятия,INDUSTRY_DIRECT,,,diagnostic,Отраслевая карточка,industry_template,6
какие экологические документы нужны животноводческие предприятия,industry,IND-014,Животноводческие предприятия,INDUSTRY_DIRECT,,,mixed,Отраслевая карточка,industry_template,6
категория НВОС животноводческие предприятия,industry,IND-014,Животноводческие предприятия,INDUSTRY_DIRECT,,,mixed,НВОС,industry_template,4
ливневые воды животноводческие предприятия,industry,IND-014,Животноводческие предприятия,INDUSTRY_DIRECT,,,mixed,Вода,industry_template,4
нужен ли эколог животноводческие предприятия,industry,IND-014,Животноводческие предприятия,INDUSTRY_DIRECT,,,diagnostic,Отраслевая карточка,industry_template,5
нужно ли ставить на учет НВОС животноводческие предприятия,industry,IND-014,Животноводческие предприятия,INDUSTRY_DIRECT,,,mixed,НВОС,industry_template,8
отходы животноводческие предприятия,industry,IND-014,Животноводческие предприятия,INDUSTRY_DIRECT,,,mixed,Отраслевая карточка,industry_template,3
очистные животноводческие предприятия,industry,IND-014,Животноводческие предприятия,INDUSTRY_DIRECT,,,mixed,Вода,industry_template,3
предписание экология животноводческие предприятия,industry,IND-014,Животноводческие предприятия,INDUSTRY_DIRECT,,,urgent,Отраслевая карточка,industry_template,4
проверка экология животноводческие предприятия,industry,IND-014,Животноводческие предприятия,INDUSTRY_DIRECT,,,urgent,Отраслевая карточка,industry_template,4
сточные воды животноводческие предприятия,industry,IND-014,Животноводческие предприятия,INDUSTRY_DIRECT,,,mixed,Вода,industry_template,4
учет отходов животноводческие предприятия,industry,IND-014,Животноводческие предприятия,INDUSTRY_DIRECT,,,mixed,Отходы / учёт и отчётность,industry_template,4
что нужно по экологии животноводческие предприятия,industry,IND-014,Животноводческие предприятия,INDUSTRY_DIRECT,,,mixed,Отраслевая карточка,industry_template,6
что сдавать по экологии животноводческие предприятия,industry,IND-014,Животноводческие предприятия,INDUSTRY_DIRECT,,,mixed,Отраслевая карточка,industry_template,6
штраф экология животноводческие предприятия,industry,IND-014,Животноводческие предприятия,INDUSTRY_DIRECT,,,urgent,Отраслевая карточка,industry_template,4
2 тп отходы карьеры / добыча нерудных материалов,industry,IND-023,Карьеры / добыча нерудных материалов,INDUSTRY_DIRECT,,,mixed,Отходы / учёт и отчётность,industry_template,8
ПЭК карьеры / добыча нерудных материалов,industry,IND-023,Карьеры / добыча нерудных материалов,INDUSTRY_DIRECT,,,mixed,Отраслевая карточка,industry_template,6
выбросы карьеры / добыча нерудных материалов,industry,IND-023,Карьеры / добыча нерудных материалов,INDUSTRY_DIRECT,,,mixed,Воздух,industry_template,6
запуск карьеры / добыча нерудных материалов экологические документы,industry,IND-023,Карьеры / добыча нерудных материалов,INDUSTRY_DIRECT,,,urgent,Отраслевая карточка,industry_template,8
какая экологическая отчетность у карьеры / добыча нерудных материалов,industry,IND-023,Карьеры / добыча нерудных материалов,INDUSTRY_DIRECT,,,mixed,Отходы / учёт и отчётность,industry_template,9
какие требования по экологии карьеры / добыча нерудных материалов,industry,IND-023,Карьеры / добыча нерудных материалов,INDUSTRY_DIRECT,,,diagnostic,Отраслевая карточка,industry_template,9
какие экологические документы нужны карьеры / добыча нерудных материалов,industry,IND-023,Карьеры / добыча нерудных материалов,INDUSTRY_DIRECT,,,mixed,Отраслевая карточка,industry_template,9
категория НВОС карьеры / добыча нерудных материалов,industry,IND-023,Карьеры / добыча нерудных материалов,INDUSTRY_DIRECT,,,mixed,НВОС,industry_template,7
ливневые воды карьеры / добыча нерудных материалов,industry,IND-023,Карьеры / добыча нерудных материалов,INDUSTRY_DIRECT,,,mixed,Вода,industry_template,7
нужен ли эколог карьеры / добыча нерудных материалов,industry,IND-023,Карьеры / добыча нерудных материалов,INDUSTRY_DIRECT,,,diagnostic,Отраслевая карточка,industry_template,8
нужно ли ставить на учет НВОС карьеры / добыча нерудных материалов,industry,IND-023,Карьеры / добыча нерудных материалов,INDUSTRY_DIRECT,,,mixed,НВОС,industry_template,11
отходы карьеры / добыча нерудных материалов,industry,IND-023,Карьеры / добыча нерудных материалов,INDUSTRY_DIRECT,,,mixed,Отраслевая карточка,industry_template,6
очистные карьеры / добыча нерудных материалов,industry,IND-023,Карьеры / добыча нерудных материалов,INDUSTRY_DIRECT,,,mixed,Вода,industry_template,6
предписание экология карьеры / добыча нерудных материалов,industry,IND-023,Карьеры / добыча нерудных материалов,INDUSTRY_DIRECT,,,urgent,Отраслевая карточка,industry_template,7
проверка экология карьеры / добыча нерудных материалов,industry,IND-023,Карьеры / добыча нерудных материалов,INDUSTRY_DIRECT,,,urgent,Отраслевая карточка,industry_template,7
сточные воды карьеры / добыча нерудных материалов,industry,IND-023,Карьеры / добыча нерудных материалов,INDUSTRY_DIRECT,,,mixed,Вода,industry_template,7
учет отходов карьеры / добыча нерудных материалов,industry,IND-023,Карьеры / добыча нерудных материалов,INDUSTRY_DIRECT,,,mixed,Отходы / учёт и отчётность,industry_template,7
что нужно по экологии карьеры / добыча нерудных материалов,industry,IND-023,Карьеры / добыча нерудных материалов,INDUSTRY_DIRECT,,,mixed,Отраслевая карточка,industry_template,9
что сдавать по экологии карьеры / добыча нерудных материалов,industry,IND-023,Карьеры / добыча нерудных материалов,INDUSTRY_DIRECT,,,mixed,Отраслевая карточка,industry_template,9
штраф экология карьеры / добыча нерудных материалов,industry,IND-023,Карьеры / добыча нерудных материалов,INDUSTRY_DIRECT,,,urgent,Отраслевая карточка,industry_template,7
анализ дренажные воды,industry,IND-023,Карьеры / добыча нерудных материалов,PAIN_ACTION,дренажные воды,water,mixed,Отраслевая карточка,pain_action,3
вывоз вскрышные породы,industry,IND-023,Карьеры / добыча нерудных материалов,PAIN_ACTION,вскрышные породы,waste,commercial,Отраслевая карточка,pain_action,3
вывоз отвалы,industry,IND-023,Карьеры / добыча нерудных материалов,PAIN_ACTION,отвалы,waste,commercial,Отраслевая карточка,pain_action,2
жалобы на пыль,industry,IND-023,Карьеры / добыча нерудных материалов,PAIN_ACTION,пыль,air,mixed,Воздух,pain_action,3
как накапливать вскрышные породы,industry,IND-023,Карьеры / добыча нерудных материалов,PAIN_ACTION,вскрышные породы,waste,mixed,Отраслевая карточка,pain_action,4
как накапливать отвалы,industry,IND-023,Карьеры / добыча нерудных материалов,PAIN_ACTION,отвалы,waste,mixed,Отраслевая карточка,pain_action,3
как очищать дренажные воды,industry,IND-023,Карьеры / добыча нерудных материалов,PAIN_ACTION,дренажные воды,water,mixed,Отраслевая карточка,pain_action,4
как уменьшить пыль,industry,IND-023,Карьеры / добыча нерудных материалов,PAIN_ACTION,пыль,air,mixed,Воздух,pain_action,3
как учитывать вскрышные породы,industry,IND-023,Карьеры / добыча нерудных материалов,PAIN_ACTION,вскрышные породы,waste,diagnostic,Отраслевая карточка,pain_action,4
как учитывать отвалы,industry,IND-023,Карьеры / добыча нерудных материалов,PAIN_ACTION,отвалы,waste,diagnostic,Отраслевая карточка,pain_action,3
как учитывать шум,industry,IND-023,Карьеры / добыча нерудных материалов,PAIN_ACTION,шум,general,diagnostic,Отраслевая карточка,pain_action,3
как хранить вскрышные породы,industry,IND-023,Карьеры / добыча нерудных материалов,PAIN_ACTION,вскрышные породы,waste,diagnostic,Отраслевая карточка,pain_action,4
как хранить отвалы,industry,IND-023,Карьеры / добыча нерудных материалов,PAIN_ACTION,отвалы,waste,diagnostic,Отраслевая карточка,pain_action,3
какой класс опасности вскрышные породы,industry,IND-023,Карьеры / добыча нерудных материалов,PAIN_ACTION,вскрышные породы,waste,mixed,Отраслевая карточка,pain_action,5
какой класс опасности отвалы,industry,IND-023,Карьеры / добыча нерудных материалов,PAIN_ACTION,отвалы,waste,mixed,Отраслевая карточка,pain_action,4
контроль дренажные воды,industry,IND-023,Карьеры / добыча нерудных материалов,PAIN_ACTION,дренажные воды,water,mixed,Отраслевая карточка,pain_action,3
контроль пыль,industry,IND-023,Карьеры / добыча нерудных материалов,PAIN_ACTION,пыль,air,mixed,Воздух,pain_action,2
кто забирает вскрышные породы,industry,IND-023,Карьеры / добыча нерудных материалов,PAIN_ACTION,вскрышные породы,waste,mixed,Отраслевая карточка,pain_action,4
кто забирает отвалы,industry,IND-023,Карьеры / добыча нерудных материалов,PAIN_ACTION,отвалы,waste,mixed,Отраслевая карточка,pain_action,3
кто принимает вскрышные породы,industry,IND-023,Карьеры / добыча нерудных материалов,PAIN_ACTION,вскрышные породы,waste,diagnostic,Отраслевая карточка,pain_action,4
кто принимает отвалы,industry,IND-023,Карьеры / добыча нерудных материалов,PAIN_ACTION,отвалы,waste,diagnostic,Отраслевая карточка,pain_action,3
куда девать вскрышные породы,industry,IND-023,Карьеры / добыча нерудных материалов,PAIN_ACTION,вскрышные породы,waste,diagnostic,Отраслевая карточка,pain_action,4
куда девать отвалы,industry,IND-023,Карьеры / добыча нерудных материалов,PAIN_ACTION,отвалы,waste,diagnostic,Отраслевая карточка,pain_action,3
куда отводить дренажные воды,industry,IND-023,Карьеры / добыча нерудных материалов,PAIN_ACTION,дренажные воды,water,diagnostic,Отраслевая карточка,pain_action,4
куда передавать вскрышные породы,industry,IND-023,Карьеры / добыча нерудных материалов,PAIN_ACTION,вскрышные породы,waste,diagnostic,Отраслевая карточка,pain_action,4
куда передавать отвалы,industry,IND-023,Карьеры / добыча нерудных материалов,PAIN_ACTION,отвалы,waste,diagnostic,Отраслевая карточка,pain_action,3
куда сдавать вскрышные породы,industry,IND-023,Карьеры / добыча нерудных материалов,PAIN_ACTION,вскрышные породы,waste,diagnostic,Отраслевая карточка,pain_action,4
куда сдавать отвалы,industry,IND-023,Карьеры / добыча нерудных материалов,PAIN_ACTION,отвалы,waste,diagnostic,Отраслевая карточка,pain_action,3
куда сливать дренажные воды,industry,IND-023,Карьеры / добыча нерудных материалов,PAIN_ACTION,дренажные воды,water,diagnostic,Отраслевая карточка,pain_action,4
можно ли выбрасывать вскрышные породы,industry,IND-023,Карьеры / добыча нерудных материалов,PAIN_ACTION,вскрышные породы,waste,mixed,Отраслевая карточка,pain_action,5
можно ли выбрасывать отвалы,industry,IND-023,Карьеры / добыча нерудных материалов,PAIN_ACTION,отвалы,waste,mixed,Отраслевая карточка,pain_action,4
можно ли сбрасывать дренажные воды,industry,IND-023,Карьеры / добыча нерудных материалов,PAIN_ACTION,дренажные воды,water,mixed,Отраслевая карточка,pain_action,5
можно ли хранить вскрышные породы на улице,industry,IND-023,Карьеры / добыча нерудных материалов,PAIN_ACTION,вскрышные породы,waste,mixed,Отраслевая карточка,pain_action,7
можно ли хранить отвалы на улице,industry,IND-023,Карьеры / добыча нерудных материалов,PAIN_ACTION,отвалы,waste,mixed,Отраслевая карточка,pain_action,6
нормативы дренажные воды,industry,IND-023,Карьеры / добыча нерудных материалов,PAIN_ACTION,дренажные воды,water,mixed,Отраслевая карточка,pain_action,3
нормативы пыль,industry,IND-023,Карьеры / добыча нерудных материалов,PAIN_ACTION,пыль,air,mixed,Воздух,pain_action,2
нужен ли договор на вскрышные породы,industry,IND-023,Карьеры / добыча нерудных материалов,PAIN_ACTION,вскрышные породы,waste,diagnostic,Отраслевая карточка,pain_action,6
нужен ли договор на отвалы,industry,IND-023,Карьеры / добыча нерудных материалов,PAIN_ACTION,отвалы,waste,diagnostic,Отраслевая карточка,pain_action,5
нужен ли паспорт на вскрышные породы,industry,IND-023,Карьеры / добыча нерудных материалов,PAIN_ACTION,вскрышные породы,waste,diagnostic,Отраслевая карточка,pain_action,6
нужен ли паспорт на отвалы,industry,IND-023,Карьеры / добыча нерудных материалов,PAIN_ACTION,отвалы,waste,diagnostic,Отраслевая карточка,pain_action,5
нужна ли инвентаризация пыль,industry,IND-023,Карьеры / добыча нерудных материалов,PAIN_ACTION,пыль,air,mixed,Воздух,pain_action,4
нужно ли учитывать пыль,industry,IND-023,Карьеры / добыча нерудных материалов,PAIN_ACTION,пыль,air,mixed,Воздух,pain_action,4
нужны ли документы на шум,industry,IND-023,Карьеры / добыча нерудных материалов,PAIN_ACTION,шум,general,mixed,Отраслевая карточка,pain_action,5
нужны ли очистные для дренажные воды,industry,IND-023,Карьеры / добыча нерудных материалов,PAIN_ACTION,дренажные воды,water,mixed,Вода,pain_action,6
обезвреживание вскрышные породы,industry,IND-023,Карьеры / добыча нерудных материалов,PAIN_ACTION,вскрышные породы,waste,commercial,Отраслевая карточка,pain_action,3
обезвреживание отвалы,industry,IND-023,Карьеры / добыча нерудных материалов,PAIN_ACTION,отвалы,waste,commercial,Отраслевая карточка,pain_action,2
переработка вскрышные породы,industry,IND-023,Карьеры / добыча нерудных материалов,PAIN_ACTION,вскрышные породы,waste,mixed,Отраслевая карточка,pain_action,3
переработка отвалы,industry,IND-023,Карьеры / добыча нерудных материалов,PAIN_ACTION,отвалы,waste,mixed,Отраслевая карточка,pain_action,2
прием вскрышные породы,industry,IND-023,Карьеры / добыча нерудных материалов,PAIN_ACTION,вскрышные породы,waste,mixed,Отраслевая карточка,pain_action,3
прием отвалы,industry,IND-023,Карьеры / добыча нерудных материалов,PAIN_ACTION,отвалы,waste,mixed,Отраслевая карточка,pain_action,2
размещение вскрышные породы,industry,IND-023,Карьеры / добыча нерудных материалов,PAIN_ACTION,вскрышные породы,waste,commercial,Отраслевая карточка,pain_action,3
размещение отвалы,industry,IND-023,Карьеры / добыча нерудных материалов,PAIN_ACTION,отвалы,waste,commercial,Отраслевая карточка,pain_action,2
стоимость утилизации вскрышные породы,industry,IND-023,Карьеры / добыча нерудных материалов,PAIN_ACTION,вскрышные породы,waste,commercial,Отраслевая карточка,pain_action,4
стоимость утилизации отвалы,industry,IND-023,Карьеры / добыча нерудных материалов,PAIN_ACTION,отвалы,waste,commercial,Отраслевая карточка,pain_action,3
требования к дренажные воды,industry,IND-023,Карьеры / добыча нерудных материалов,PAIN_ACTION,дренажные воды,water,mixed,Отраслевая карточка,pain_action,4
требования к пыль,industry,IND-023,Карьеры / добыча нерудных материалов,PAIN_ACTION,пыль,air,mixed,Воздух,pain_action,3
требования к шум,industry,IND-023,Карьеры / добыча нерудных материалов,PAIN_ACTION,шум,general,mixed,Отраслевая карточка,pain_action,3
утилизация вскрышные породы,industry,IND-023,Карьеры / добыча нерудных материалов,PAIN_ACTION,вскрышные породы,waste,commercial,Отраслевая карточка,pain_action,3
утилизация отвалы,industry,IND-023,Карьеры / добыча нерудных материалов,PAIN_ACTION,отвалы,waste,commercial,Отраслевая карточка,pain_action,2
учет дренажные воды,industry,IND-023,Карьеры / добыча нерудных материалов,PAIN_ACTION,дренажные воды,water,mixed,Отраслевая карточка,pain_action,3
цена вывоза вскрышные породы,industry,IND-023,Карьеры / добыча нерудных материалов,PAIN_ACTION,вскрышные породы,waste,commercial,Отраслевая карточка,pain_action,4
цена вывоза отвалы,industry,IND-023,Карьеры / добыча нерудных материалов,PAIN_ACTION,отвалы,waste,commercial,Отраслевая карточка,pain_action,3
что делать с вскрышные породы,industry,IND-023,Карьеры / добыча нерудных материалов,PAIN_ACTION,вскрышные породы,waste,diagnostic,Отраслевая карточка,pain_action,5
что делать с дренажные воды,industry,IND-023,Карьеры / добыча нерудных материалов,PAIN_ACTION,дренажные воды,water,diagnostic,Отраслевая карточка,pain_action,5
что делать с отвалы,industry,IND-023,Карьеры / добыча нерудных материалов,PAIN_ACTION,отвалы,waste,diagnostic,Отраслевая карточка,pain_action,4
что делать с пыль,industry,IND-023,Карьеры / добыча нерудных материалов,PAIN_ACTION,пыль,air,diagnostic,Воздух,pain_action,4
что делать с шум,industry,IND-023,Карьеры / добыча нерудных материалов,PAIN_ACTION,шум,general,diagnostic,Отраслевая карточка,pain_action,4
вскрышные породы для карьеры / добыча нерудных материалов,industry,IND-023,Карьеры / добыча нерудных материалов,PAIN_X_INDUSTRY,вскрышные породы,waste,mixed,Отраслевая карточка,pain_x_industry,8
вскрышные породы карьеры / добыча нерудных материалов,industry,IND-023,Карьеры / добыча нерудных материалов,PAIN_X_INDUSTRY,вскрышные породы,waste,mixed,Отраслевая карточка,pain_x_industry,7
вскрышные породы на карьеры / добыча нерудных материалов,industry,IND-023,Карьеры / добыча нерудных материалов,PAIN_X_INDUSTRY,вскрышные породы,waste,mixed,Отраслевая карточка,pain_x_industry,8
вывоз вскрышные породы карьеры / добыча нерудных материалов,industry,IND-023,Карьеры / добыча нерудных материалов,PAIN_X_INDUSTRY,вскрышные породы,waste,commercial,Отраслевая карточка,pain_x_industry,8
вывоз дренажные воды карьеры / добыча нерудных материалов,industry,IND-023,Карьеры / добыча нерудных материалов,PAIN_X_INDUSTRY,дренажные воды,water,commercial,Отраслевая карточка,pain_x_industry,8
вывоз отвалы карьеры / добыча нерудных материалов,industry,IND-023,Карьеры / добыча нерудных материалов,PAIN_X_INDUSTRY,отвалы,waste,commercial,Отраслевая карточка,pain_x_industry,7
вывоз пыль карьеры / добыча нерудных материалов,industry,IND-023,Карьеры / добыча нерудных материалов,PAIN_X_INDUSTRY,пыль,air,commercial,Воздух,pain_x_industry,7
вывоз шум карьеры / добыча нерудных материалов,industry,IND-023,Карьеры / добыча нерудных материалов,PAIN_X_INDUSTRY,шум,general,commercial,Отраслевая карточка,pain_x_industry,7
дренажные воды для карьеры / добыча нерудных материалов,industry,IND-023,Карьеры / добыча нерудных материалов,PAIN_X_INDUSTRY,дренажные воды,water,mixed,Отраслевая карточка,pain_x_industry,8
дренажные воды карьеры / добыча нерудных материалов,industry,IND-023,Карьеры / добыча нерудных материалов,PAIN_X_INDUSTRY,дренажные воды,water,mixed,Отраслевая карточка,pain_x_industry,7
дренажные воды на карьеры / добыча нерудных материалов,industry,IND-023,Карьеры / добыча нерудных материалов,PAIN_X_INDUSTRY,дренажные воды,water,mixed,Отраслевая карточка,pain_x_industry,8
как учитывать вскрышные породы карьеры / добыча нерудных материалов,industry,IND-023,Карьеры / добыча нерудных материалов,PAIN_X_INDUSTRY,вскрышные породы,waste,diagnostic,Отраслевая карточка,pain_x_industry,9
как учитывать дренажные воды карьеры / добыча нерудных материалов,industry,IND-023,Карьеры / добыча нерудных материалов,PAIN_X_INDUSTRY,дренажные воды,water,diagnostic,Отраслевая карточка,pain_x_industry,9
как учитывать отвалы карьеры / добыча нерудных материалов,industry,IND-023,Карьеры / добыча нерудных материалов,PAIN_X_INDUSTRY,отвалы,waste,diagnostic,Отраслевая карточка,pain_x_industry,8
как учитывать пыль карьеры / добыча нерудных материалов,industry,IND-023,Карьеры / добыча нерудных материалов,PAIN_X_INDUSTRY,пыль,air,diagnostic,Воздух,pain_x_industry,8
как учитывать шум карьеры / добыча нерудных материалов,industry,IND-023,Карьеры / добыча нерудных материалов,PAIN_X_INDUSTRY,шум,general,diagnostic,Отраслевая карточка,pain_x_industry,8
как хранить вскрышные породы карьеры / добыча нерудных материалов,industry,IND-023,Карьеры / добыча нерудных материалов,PAIN_X_INDUSTRY,вскрышные породы,waste,diagnostic,Отраслевая карточка,pain_x_industry,9
как хранить дренажные воды карьеры / добыча нерудных материалов,industry,IND-023,Карьеры / добыча нерудных материалов,PAIN_X_INDUSTRY,дренажные воды,water,diagnostic,Отраслевая карточка,pain_x_industry,9
как хранить отвалы карьеры / добыча нерудных материалов,industry,IND-023,Карьеры / добыча нерудных материалов,PAIN_X_INDUSTRY,отвалы,waste,diagnostic,Отраслевая карточка,pain_x_industry,8
как хранить пыль карьеры / добыча нерудных материалов,industry,IND-023,Карьеры / добыча нерудных материалов,PAIN_X_INDUSTRY,пыль,air,diagnostic,Воздух,pain_x_industry,8
как хранить шум карьеры / добыча нерудных материалов,industry,IND-023,Карьеры / добыча нерудных материалов,PAIN_X_INDUSTRY,шум,general,diagnostic,Отраслевая карточка,pain_x_industry,8
кто принимает вскрышные породы карьеры / добыча нерудных материалов,industry,IND-023,Карьеры / добыча нерудных материалов,PAIN_X_INDUSTRY,вскрышные породы,waste,diagnostic,Отраслевая карточка,pain_x_industry,9
кто принимает дренажные воды карьеры / добыча нерудных материалов,industry,IND-023,Карьеры / добыча нерудных материалов,PAIN_X_INDUSTRY,дренажные воды,water,diagnostic,Отраслевая карточка,pain_x_industry,9
кто принимает отвалы карьеры / добыча нерудных материалов,industry,IND-023,Карьеры / добыча нерудных материалов,PAIN_X_INDUSTRY,отвалы,waste,diagnostic,Отраслевая карточка,pain_x_industry,8
кто принимает пыль карьеры / добыча нерудных материалов,industry,IND-023,Карьеры / добыча нерудных материалов,PAIN_X_INDUSTRY,пыль,air,diagnostic,Воздух,pain_x_industry,8
кто принимает шум карьеры / добыча нерудных материалов,industry,IND-023,Карьеры / добыча нерудных материалов,PAIN_X_INDUSTRY,шум,general,diagnostic,Отраслевая карточка,pain_x_industry,8
куда девать вскрышные породы карьеры / добыча нерудных материалов,industry,IND-023,Карьеры / добыча нерудных материалов,PAIN_X_INDUSTRY,вскрышные породы,waste,diagnostic,Отраслевая карточка,pain_x_industry,9
куда девать дренажные воды карьеры / добыча нерудных материалов,industry,IND-023,Карьеры / добыча нерудных материалов,PAIN_X_INDUSTRY,дренажные воды,water,diagnostic,Отраслевая карточка,pain_x_industry,9
куда девать отвалы карьеры / добыча нерудных материалов,industry,IND-023,Карьеры / добыча нерудных материалов,PAIN_X_INDUSTRY,отвалы,waste,diagnostic,Отраслевая карточка,pain_x_industry,8
куда девать пыль карьеры / добыча нерудных материалов,industry,IND-023,Карьеры / добыча нерудных материалов,PAIN_X_INDUSTRY,пыль,air,diagnostic,Воздух,pain_x_industry,8
куда девать шум карьеры / добыча нерудных материалов,industry,IND-023,Карьеры / добыча нерудных материалов,PAIN_X_INDUSTRY,шум,general,diagnostic,Отраслевая карточка,pain_x_industry,8
куда сдавать вскрышные породы карьеры / добыча нерудных материалов,industry,IND-023,Карьеры / добыча нерудных материалов,PAIN_X_INDUSTRY,вскрышные породы,waste,diagnostic,Отраслевая карточка,pain_x_industry,9
куда сдавать дренажные воды карьеры / добыча нерудных материалов,industry,IND-023,Карьеры / добыча нерудных материалов,PAIN_X_INDUSTRY,дренажные воды,water,diagnostic,Отраслевая карточка,pain_x_industry,9
куда сдавать отвалы карьеры / добыча нерудных материалов,industry,IND-023,Карьеры / добыча нерудных материалов,PAIN_X_INDUSTRY,отвалы,waste,diagnostic,Отраслевая карточка,pain_x_industry,8
куда сдавать пыль карьеры / добыча нерудных материалов,industry,IND-023,Карьеры / добыча нерудных материалов,PAIN_X_INDUSTRY,пыль,air,diagnostic,Воздух,pain_x_industry,8
куда сдавать шум карьеры / добыча нерудных материалов,industry,IND-023,Карьеры / добыча нерудных материалов,PAIN_X_INDUSTRY,шум,general,diagnostic,Отраслевая карточка,pain_x_industry,8
нужен ли договор на вскрышные породы карьеры / добыча нерудных материалов,industry,IND-023,Карьеры / добыча нерудных материалов,PAIN_X_INDUSTRY,вскрышные породы,waste,diagnostic,Отраслевая карточка,pain_x_industry,11
нужен ли договор на дренажные воды карьеры / добыча нерудных материалов,industry,IND-023,Карьеры / добыча нерудных материалов,PAIN_X_INDUSTRY,дренажные воды,water,diagnostic,Отраслевая карточка,pain_x_industry,11
нужен ли договор на отвалы карьеры / добыча нерудных материалов,industry,IND-023,Карьеры / добыча нерудных материалов,PAIN_X_INDUSTRY,отвалы,waste,diagnostic,Отраслевая карточка,pain_x_industry,10
нужен ли договор на пыль карьеры / добыча нерудных материалов,industry,IND-023,Карьеры / добыча нерудных материалов,PAIN_X_INDUSTRY,пыль,air,diagnostic,Воздух,pain_x_industry,10
нужен ли договор на шум карьеры / добыча нерудных материалов,industry,IND-023,Карьеры / добыча нерудных материалов,PAIN_X_INDUSTRY,шум,general,diagnostic,Отраслевая карточка,pain_x_industry,10
нужен ли паспорт на вскрышные породы карьеры / добыча нерудных материалов,industry,IND-023,Карьеры / добыча нерудных материалов,PAIN_X_INDUSTRY,вскрышные породы,waste,diagnostic,Отраслевая карточка,pain_x_industry,11
нужен ли паспорт на дренажные воды карьеры / добыча нерудных материалов,industry,IND-023,Карьеры / добыча нерудных материалов,PAIN_X_INDUSTRY,дренажные воды,water,diagnostic,Отраслевая карточка,pain_x_industry,11
нужен ли паспорт на отвалы карьеры / добыча нерудных материалов,industry,IND-023,Карьеры / добыча нерудных материалов,PAIN_X_INDUSTRY,отвалы,waste,diagnostic,Отраслевая карточка,pain_x_industry,10
нужен ли паспорт на пыль карьеры / добыча нерудных материалов,industry,IND-023,Карьеры / добыча нерудных материалов,PAIN_X_INDUSTRY,пыль,air,diagnostic,Воздух,pain_x_industry,10
нужен ли паспорт на шум карьеры / добыча нерудных материалов,industry,IND-023,Карьеры / добыча нерудных материалов,PAIN_X_INDUSTRY,шум,general,diagnostic,Отраслевая карточка,pain_x_industry,10
отвалы для карьеры / добыча нерудных материалов,industry,IND-023,Карьеры / добыча нерудных материалов,PAIN_X_INDUSTRY,отвалы,waste,mixed,Отраслевая карточка,pain_x_industry,7
отвалы карьеры / добыча нерудных материалов,industry,IND-023,Карьеры / добыча нерудных материалов,PAIN_X_INDUSTRY,отвалы,waste,mixed,Отраслевая карточка,pain_x_industry,6
отвалы на карьеры / добыча нерудных материалов,industry,IND-023,Карьеры / добыча нерудных материалов,PAIN_X_INDUSTRY,отвалы,waste,mixed,Отраслевая карточка,pain_x_industry,7
пыль для карьеры / добыча нерудных материалов,industry,IND-023,Карьеры / добыча нерудных материалов,PAIN_X_INDUSTRY,пыль,air,mixed,Воздух,pain_x_industry,7
пыль карьеры / добыча нерудных материалов,industry,IND-023,Карьеры / добыча нерудных материалов,PAIN_X_INDUSTRY,пыль,air,mixed,Воздух,pain_x_industry,6
пыль на карьеры / добыча нерудных материалов,industry,IND-023,Карьеры / добыча нерудных материалов,PAIN_X_INDUSTRY,пыль,air,mixed,Воздух,pain_x_industry,7
утилизация вскрышные породы карьеры / добыча нерудных материалов,industry,IND-023,Карьеры / добыча нерудных материалов,PAIN_X_INDUSTRY,вскрышные породы,waste,commercial,Отраслевая карточка,pain_x_industry,8
утилизация дренажные воды карьеры / добыча нерудных материалов,industry,IND-023,Карьеры / добыча нерудных материалов,PAIN_X_INDUSTRY,дренажные воды,water,commercial,Отраслевая карточка,pain_x_industry,8
утилизация отвалы карьеры / добыча нерудных материалов,industry,IND-023,Карьеры / добыча нерудных материалов,PAIN_X_INDUSTRY,отвалы,waste,commercial,Отраслевая карточка,pain_x_industry,7
утилизация пыль карьеры / добыча нерудных материалов,industry,IND-023,Карьеры / добыча нерудных материалов,PAIN_X_INDUSTRY,пыль,air,commercial,Воздух,pain_x_industry,7
утилизация шум карьеры / добыча нерудных материалов,industry,IND-023,Карьеры / добыча нерудных материалов,PAIN_X_INDUSTRY,шум,general,commercial,Отраслевая карточка,pain_x_industry,7
цена утилизации вскрышные породы карьеры / добыча нерудных материалов,industry,IND-023,Карьеры / добыча нерудных материалов,PAIN_X_INDUSTRY,вскрышные породы,waste,commercial,Отраслевая карточка,pain_x_industry,9
цена утилизации дренажные воды карьеры / добыча нерудных материалов,industry,IND-023,Карьеры / добыча нерудных материалов,PAIN_X_INDUSTRY,дренажные воды,water,commercial,Отраслевая карточка,pain_x_industry,9
цена утилизации отвалы карьеры / добыча нерудных материалов,industry,IND-023,Карьеры / добыча нерудных материалов,PAIN_X_INDUSTRY,отвалы,waste,commercial,Отраслевая карточка,pain_x_industry,8
цена утилизации пыль карьеры / добыча нерудных материалов,industry,IND-023,Карьеры / добыча нерудных материалов,PAIN_X_INDUSTRY,пыль,air,commercial,Воздух,pain_x_industry,8
цена утилизации шум карьеры / добыча нерудных материалов,industry,IND-023,Карьеры / добыча нерудных материалов,PAIN_X_INDUSTRY,шум,general,commercial,Отраслевая карточка,pain_x_industry,8
что делать с вскрышные породы карьеры / добыча нерудных материалов,industry,IND-023,Карьеры / добыча нерудных материалов,PAIN_X_INDUSTRY,вскрышные породы,waste,diagnostic,Отраслевая карточка,pain_x_industry,10
что делать с дренажные воды карьеры / добыча нерудных материалов,industry,IND-023,Карьеры / добыча нерудных материалов,PAIN_X_INDUSTRY,дренажные воды,water,diagnostic,Отраслевая карточка,pain_x_industry,10
что делать с отвалы карьеры / добыча нерудных материалов,industry,IND-023,Карьеры / добыча нерудных материалов,PAIN_X_INDUSTRY,отвалы,waste,diagnostic,Отраслевая карточка,pain_x_industry,9
что делать с пыль карьеры / добыча нерудных материалов,industry,IND-023,Карьеры / добыча нерудных материалов,PAIN_X_INDUSTRY,пыль,air,diagnostic,Воздух,pain_x_industry,9
что делать с шум карьеры / добыча нерудных материалов,industry,IND-023,Карьеры / добыча нерудных материалов,PAIN_X_INDUSTRY,шум,general,diagnostic,Отраслевая карточка,pain_x_industry,9
шум для карьеры / добыча нерудных материалов,industry,IND-023,Карьеры / добыча нерудных материалов,PAIN_X_INDUSTRY,шум,general,mixed,Отраслевая карточка,pain_x_industry,7
шум карьеры / добыча нерудных материалов,industry,IND-023,Карьеры / добыча нерудных материалов,PAIN_X_INDUSTRY,шум,general,mixed,Отраслевая карточка,pain_x_industry,6
шум на карьеры / добыча нерудных материалов,industry,IND-023,Карьеры / добыча нерудных материалов,PAIN_X_INDUSTRY,шум,general,mixed,Отраслевая карточка,pain_x_industry,7
2 тп отходы кирпичные / керамические производства,industry,IND-021,Кирпичные / керамические производства,INDUSTRY_DIRECT,,,mixed,Отходы / учёт и отчётность,industry_template,7
ПЭК кирпичные / керамические производства,industry,IND-021,Кирпичные / керамические производства,INDUSTRY_DIRECT,,,mixed,Отраслевая карточка,industry_template,5
выбросы кирпичные / керамические производства,industry,IND-021,Кирпичные / керамические производства,INDUSTRY_DIRECT,,,mixed,Воздух,industry_template,5
запуск кирпичные / керамические производства экологические документы,industry,IND-021,Кирпичные / керамические производства,INDUSTRY_DIRECT,,,urgent,Отраслевая карточка,industry_template,7
какая экологическая отчетность у кирпичные / керамические производства,industry,IND-021,Кирпичные / керамические производства,INDUSTRY_DIRECT,,,mixed,Отходы / учёт и отчётность,industry_template,8
какие требования по экологии кирпичные / керамические производства,industry,IND-021,Кирпичные / керамические производства,INDUSTRY_DIRECT,,,diagnostic,Отраслевая карточка,industry_template,8
какие экологические документы нужны кирпичные / керамические производства,industry,IND-021,Кирпичные / керамические производства,INDUSTRY_DIRECT,,,mixed,Отраслевая карточка,industry_template,8
категория НВОС кирпичные / керамические производства,industry,IND-021,Кирпичные / керамические производства,INDUSTRY_DIRECT,,,mixed,НВОС,industry_template,6
ливневые воды кирпичные / керамические производства,industry,IND-021,Кирпичные / керамические производства,INDUSTRY_DIRECT,,,mixed,Вода,industry_template,6
нужен ли эколог кирпичные / керамические производства,industry,IND-021,Кирпичные / керамические производства,INDUSTRY_DIRECT,,,diagnostic,Отраслевая карточка,industry_template,7
нужно ли ставить на учет НВОС кирпичные / керамические производства,industry,IND-021,Кирпичные / керамические производства,INDUSTRY_DIRECT,,,mixed,НВОС,industry_template,10
отходы кирпичные / керамические производства,industry,IND-021,Кирпичные / керамические производства,INDUSTRY_DIRECT,,,mixed,Отраслевая карточка,industry_template,5
очистные кирпичные / керамические производства,industry,IND-021,Кирпичные / керамические производства,INDUSTRY_DIRECT,,,mixed,Вода,industry_template,5
предписание экология кирпичные / керамические производства,industry,IND-021,Кирпичные / керамические производства,INDUSTRY_DIRECT,,,urgent,Отраслевая карточка,industry_template,6
проверка экология кирпичные / керамические производства,industry,IND-021,Кирпичные / керамические производства,INDUSTRY_DIRECT,,,urgent,Отраслевая карточка,industry_template,6
сточные воды кирпичные / керамические производства,industry,IND-021,Кирпичные / керамические производства,INDUSTRY_DIRECT,,,mixed,Вода,industry_template,6
учет отходов кирпичные / керамические производства,industry,IND-021,Кирпичные / керамические производства,INDUSTRY_DIRECT,,,mixed,Отходы / учёт и отчётность,industry_template,6
что нужно по экологии кирпичные / керамические производства,industry,IND-021,Кирпичные / керамические производства,INDUSTRY_DIRECT,,,mixed,Отраслевая карточка,industry_template,8
что сдавать по экологии кирпичные / керамические производства,industry,IND-021,Кирпичные / керамические производства,INDUSTRY_DIRECT,,,mixed,Отраслевая карточка,industry_template,8
штраф экология кирпичные / керамические производства,industry,IND-021,Кирпичные / керамические производства,INDUSTRY_DIRECT,,,urgent,Отраслевая карточка,industry_template,6
2 тп отходы косметологические кабинеты,industry,IND-054,Косметологические кабинеты,INDUSTRY_DIRECT,,,mixed,Отходы / учёт и отчётность,industry_template,5
ПЭК косметологические кабинеты,industry,IND-054,Косметологические кабинеты,INDUSTRY_DIRECT,,,mixed,Отраслевая карточка,industry_template,3
выбросы косметологические кабинеты,industry,IND-054,Косметологические кабинеты,INDUSTRY_DIRECT,,,mixed,Воздух,industry_template,3
запуск косметологические кабинеты экологические документы,industry,IND-054,Косметологические кабинеты,INDUSTRY_DIRECT,,,urgent,Отраслевая карточка,industry_template,5
какая экологическая отчетность у косметологические кабинеты,industry,IND-054,Косметологические кабинеты,INDUSTRY_DIRECT,,,mixed,Отходы / учёт и отчётность,industry_template,6
какие требования по экологии косметологические кабинеты,industry,IND-054,Косметологические кабинеты,INDUSTRY_DIRECT,,,diagnostic,Отраслевая карточка,industry_template,6
какие экологические документы нужны косметологические кабинеты,industry,IND-054,Косметологические кабинеты,INDUSTRY_DIRECT,,,mixed,Отраслевая карточка,industry_template,6
категория НВОС косметологические кабинеты,industry,IND-054,Косметологические кабинеты,INDUSTRY_DIRECT,,,mixed,НВОС,industry_template,4
ливневые воды косметологические кабинеты,industry,IND-054,Косметологические кабинеты,INDUSTRY_DIRECT,,,mixed,Вода,industry_template,4
нужен ли эколог косметологические кабинеты,industry,IND-054,Косметологические кабинеты,INDUSTRY_DIRECT,,,diagnostic,Отраслевая карточка,industry_template,5
нужно ли ставить на учет НВОС косметологические кабинеты,industry,IND-054,Косметологические кабинеты,INDUSTRY_DIRECT,,,mixed,НВОС,industry_template,8
отходы косметологические кабинеты,industry,IND-054,Косметологические кабинеты,INDUSTRY_DIRECT,,,mixed,Отраслевая карточка,industry_template,3
очистные косметологические кабинеты,industry,IND-054,Косметологические кабинеты,INDUSTRY_DIRECT,,,mixed,Вода,industry_template,3
предписание экология косметологические кабинеты,industry,IND-054,Косметологические кабинеты,INDUSTRY_DIRECT,,,urgent,Отраслевая карточка,industry_template,4
проверка экология косметологические кабинеты,industry,IND-054,Косметологические кабинеты,INDUSTRY_DIRECT,,,urgent,Отраслевая карточка,industry_template,4
сточные воды косметологические кабинеты,industry,IND-054,Косметологические кабинеты,INDUSTRY_DIRECT,,,mixed,Вода,industry_template,4
учет отходов косметологические кабинеты,industry,IND-054,Косметологические кабинеты,INDUSTRY_DIRECT,,,mixed,Отходы / учёт и отчётность,industry_template,4
что нужно по экологии косметологические кабинеты,industry,IND-054,Косметологические кабинеты,INDUSTRY_DIRECT,,,mixed,Отраслевая карточка,industry_template,6
что сдавать по экологии косметологические кабинеты,industry,IND-054,Косметологические кабинеты,INDUSTRY_DIRECT,,,mixed,Отраслевая карточка,industry_template,6
штраф экология косметологические кабинеты,industry,IND-054,Косметологические кабинеты,INDUSTRY_DIRECT,,,urgent,Отраслевая карточка,industry_template,4
2 тп отходы лакокрасочные производства,industry,IND-031,Лакокрасочные производства,INDUSTRY_DIRECT,,,mixed,Отходы / учёт и отчётность,industry_template,5
ПЭК лакокрасочные производства,industry,IND-031,Лакокрасочные производства,INDUSTRY_DIRECT,,,mixed,Отраслевая карточка,industry_template,3
выбросы лакокрасочные производства,industry,IND-031,Лакокрасочные производства,INDUSTRY_DIRECT,,,mixed,Воздух,industry_template,3
запуск лакокрасочные производства экологические документы,industry,IND-031,Лакокрасочные производства,INDUSTRY_DIRECT,,,urgent,Отраслевая карточка,industry_template,5
какая экологическая отчетность у лакокрасочные производства,industry,IND-031,Лакокрасочные производства,INDUSTRY_DIRECT,,,mixed,Отходы / учёт и отчётность,industry_template,6
какие требования по экологии лакокрасочные производства,industry,IND-031,Лакокрасочные производства,INDUSTRY_DIRECT,,,diagnostic,Отраслевая карточка,industry_template,6
какие экологические документы нужны лакокрасочные производства,industry,IND-031,Лакокрасочные производства,INDUSTRY_DIRECT,,,mixed,Отраслевая карточка,industry_template,6
категория НВОС лакокрасочные производства,industry,IND-031,Лакокрасочные производства,INDUSTRY_DIRECT,,,mixed,НВОС,industry_template,4
ливневые воды лакокрасочные производства,industry,IND-031,Лакокрасочные производства,INDUSTRY_DIRECT,,,mixed,Вода,industry_template,4
нужен ли эколог лакокрасочные производства,industry,IND-031,Лакокрасочные производства,INDUSTRY_DIRECT,,,diagnostic,Отраслевая карточка,industry_template,5
нужно ли ставить на учет НВОС лакокрасочные производства,industry,IND-031,Лакокрасочные производства,INDUSTRY_DIRECT,,,mixed,НВОС,industry_template,8
отходы лакокрасочные производства,industry,IND-031,Лакокрасочные производства,INDUSTRY_DIRECT,,,mixed,Отраслевая карточка,industry_template,3
очистные лакокрасочные производства,industry,IND-031,Лакокрасочные производства,INDUSTRY_DIRECT,,,mixed,Вода,industry_template,3
предписание экология лакокрасочные производства,industry,IND-031,Лакокрасочные производства,INDUSTRY_DIRECT,,,urgent,Отраслевая карточка,industry_template,4
проверка экология лакокрасочные производства,industry,IND-031,Лакокрасочные производства,INDUSTRY_DIRECT,,,urgent,Отраслевая карточка,industry_template,4
сточные воды лакокрасочные производства,industry,IND-031,Лакокрасочные производства,INDUSTRY_DIRECT,,,mixed,Вода,industry_template,4
учет отходов лакокрасочные производства,industry,IND-031,Лакокрасочные производства,INDUSTRY_DIRECT,,,mixed,Отходы / учёт и отчётность,industry_template,4
что нужно по экологии лакокрасочные производства,industry,IND-031,Лакокрасочные производства,INDUSTRY_DIRECT,,,mixed,Отраслевая карточка,industry_template,6
что сдавать по экологии лакокрасочные производства,industry,IND-031,Лакокрасочные производства,INDUSTRY_DIRECT,,,mixed,Отраслевая карточка,industry_template,6
штраф экология лакокрасочные производства,industry,IND-031,Лакокрасочные производства,INDUSTRY_DIRECT,,,urgent,Отраслевая карточка,industry_template,4
вывоз краски,industry,IND-031,Лакокрасочные производства,PAIN_ACTION,краски,waste,commercial,Отраслевая карточка,pain_action,2
вывоз растворители,industry,IND-031,Лакокрасочные производства,PAIN_ACTION,растворители,waste,commercial,Отраслевая карточка,pain_action,2
вывоз тара,industry,IND-031,Лакокрасочные производства,PAIN_ACTION,тара,waste,commercial,Отраслевая карточка,pain_action,2
вывоз шлам,industry,IND-031,Лакокрасочные производства,PAIN_ACTION,шлам,waste,commercial,Отраслевая карточка,pain_action,2
жалобы на выбросы ЛОС,industry,IND-031,Лакокрасочные производства,PAIN_ACTION,выбросы ЛОС,air,mixed,Воздух,pain_action,4
как накапливать краски,industry,IND-031,Лакокрасочные производства,PAIN_ACTION,краски,waste,mixed,Отраслевая карточка,pain_action,3
как накапливать растворители,industry,IND-031,Лакокрасочные производства,PAIN_ACTION,растворители,waste,mixed,Отраслевая карточка,pain_action,3
как накапливать тара,industry,IND-031,Лакокрасочные производства,PAIN_ACTION,тара,waste,mixed,Отраслевая карточка,pain_action,3
как накапливать шлам,industry,IND-031,Лакокрасочные производства,PAIN_ACTION,шлам,waste,mixed,Отраслевая карточка,pain_action,3
как уменьшить выбросы ЛОС,industry,IND-031,Лакокрасочные производства,PAIN_ACTION,выбросы ЛОС,air,mixed,Воздух,pain_action,4
как учитывать краски,industry,IND-031,Лакокрасочные производства,PAIN_ACTION,краски,waste,diagnostic,Отраслевая карточка,pain_action,3
как учитывать растворители,industry,IND-031,Лакокрасочные производства,PAIN_ACTION,растворители,waste,diagnostic,Отраслевая карточка,pain_action,3
как учитывать тара,industry,IND-031,Лакокрасочные производства,PAIN_ACTION,тара,waste,diagnostic,Отраслевая карточка,pain_action,3
как учитывать шлам,industry,IND-031,Лакокрасочные производства,PAIN_ACTION,шлам,waste,diagnostic,Отраслевая карточка,pain_action,3
как хранить краски,industry,IND-031,Лакокрасочные производства,PAIN_ACTION,краски,waste,diagnostic,Отраслевая карточка,pain_action,3
как хранить растворители,industry,IND-031,Лакокрасочные производства,PAIN_ACTION,растворители,waste,diagnostic,Отраслевая карточка,pain_action,3
как хранить тара,industry,IND-031,Лакокрасочные производства,PAIN_ACTION,тара,waste,diagnostic,Отраслевая карточка,pain_action,3
как хранить шлам,industry,IND-031,Лакокрасочные производства,PAIN_ACTION,шлам,waste,diagnostic,Отраслевая карточка,pain_action,3
какой класс опасности краски,industry,IND-031,Лакокрасочные производства,PAIN_ACTION,краски,waste,mixed,Отраслевая карточка,pain_action,4
какой класс опасности растворители,industry,IND-031,Лакокрасочные производства,PAIN_ACTION,растворители,waste,mixed,Отраслевая карточка,pain_action,4
какой класс опасности тара,industry,IND-031,Лакокрасочные производства,PAIN_ACTION,тара,waste,mixed,Отраслевая карточка,pain_action,4
какой класс опасности шлам,industry,IND-031,Лакокрасочные производства,PAIN_ACTION,шлам,waste,mixed,Отраслевая карточка,pain_action,4
контроль выбросы ЛОС,industry,IND-031,Лакокрасочные производства,PAIN_ACTION,выбросы ЛОС,air,mixed,Воздух,pain_action,3
кто забирает краски,industry,IND-031,Лакокрасочные производства,PAIN_ACTION,краски,waste,mixed,Отраслевая карточка,pain_action,3
кто забирает растворители,industry,IND-031,Лакокрасочные производства,PAIN_ACTION,растворители,waste,mixed,Отраслевая карточка,pain_action,3
кто забирает тара,industry,IND-031,Лакокрасочные производства,PAIN_ACTION,тара,waste,mixed,Отраслевая карточка,pain_action,3
кто забирает шлам,industry,IND-031,Лакокрасочные производства,PAIN_ACTION,шлам,waste,mixed,Отраслевая карточка,pain_action,3
кто принимает краски,industry,IND-031,Лакокрасочные производства,PAIN_ACTION,краски,waste,diagnostic,Отраслевая карточка,pain_action,3
кто принимает растворители,industry,IND-031,Лакокрасочные производства,PAIN_ACTION,растворители,waste,diagnostic,Отраслевая карточка,pain_action,3
кто принимает тара,industry,IND-031,Лакокрасочные производства,PAIN_ACTION,тара,waste,diagnostic,Отраслевая карточка,pain_action,3
кто принимает шлам,industry,IND-031,Лакокрасочные производства,PAIN_ACTION,шлам,waste,diagnostic,Отраслевая карточка,pain_action,3
куда девать краски,industry,IND-031,Лакокрасочные производства,PAIN_ACTION,краски,waste,diagnostic,Отраслевая карточка,pain_action,3
куда девать растворители,industry,IND-031,Лакокрасочные производства,PAIN_ACTION,растворители,waste,diagnostic,Отраслевая карточка,pain_action,3
куда девать тара,industry,IND-031,Лакокрасочные производства,PAIN_ACTION,тара,waste,diagnostic,Отраслевая карточка,pain_action,3
куда девать шлам,industry,IND-031,Лакокрасочные производства,PAIN_ACTION,шлам,waste,diagnostic,Отраслевая карточка,pain_action,3
куда передавать краски,industry,IND-031,Лакокрасочные производства,PAIN_ACTION,краски,waste,diagnostic,Отраслевая карточка,pain_action,3
куда передавать растворители,industry,IND-031,Лакокрасочные производства,PAIN_ACTION,растворители,waste,diagnostic,Отраслевая карточка,pain_action,3
куда передавать тара,industry,IND-031,Лакокрасочные производства,PAIN_ACTION,тара,waste,diagnostic,Отраслевая карточка,pain_action,3
куда передавать шлам,industry,IND-031,Лакокрасочные производства,PAIN_ACTION,шлам,waste,diagnostic,Отраслевая карточка,pain_action,3
куда сдавать краски,industry,IND-031,Лакокрасочные производства,PAIN_ACTION,краски,waste,diagnostic,Отраслевая карточка,pain_action,3
куда сдавать растворители,industry,IND-031,Лакокрасочные производства,PAIN_ACTION,растворители,waste,diagnostic,Отраслевая карточка,pain_action,3
куда сдавать тара,industry,IND-031,Лакокрасочные производства,PAIN_ACTION,тара,waste,diagnostic,Отраслевая карточка,pain_action,3
куда сдавать шлам,industry,IND-031,Лакокрасочные производства,PAIN_ACTION,шлам,waste,diagnostic,Отраслевая карточка,pain_action,3
можно ли выбрасывать краски,industry,IND-031,Лакокрасочные производства,PAIN_ACTION,краски,waste,mixed,Отраслевая карточка,pain_action,4
можно ли выбрасывать растворители,industry,IND-031,Лакокрасочные производства,PAIN_ACTION,растворители,waste,mixed,Отраслевая карточка,pain_action,4
можно ли выбрасывать тара,industry,IND-031,Лакокрасочные производства,PAIN_ACTION,тара,waste,mixed,Отраслевая карточка,pain_action,4
можно ли выбрасывать шлам,industry,IND-031,Лакокрасочные производства,PAIN_ACTION,шлам,waste,mixed,Отраслевая карточка,pain_action,4
можно ли хранить краски на улице,industry,IND-031,Лакокрасочные производства,PAIN_ACTION,краски,waste,mixed,Отраслевая карточка,pain_action,6
можно ли хранить растворители на улице,industry,IND-031,Лакокрасочные производства,PAIN_ACTION,растворители,waste,mixed,Отраслевая карточка,pain_action,6
можно ли хранить тара на улице,industry,IND-031,Лакокрасочные производства,PAIN_ACTION,тара,waste,mixed,Отраслевая карточка,pain_action,6
можно ли хранить шлам на улице,industry,IND-031,Лакокрасочные производства,PAIN_ACTION,шлам,waste,mixed,Отраслевая карточка,pain_action,6
нормативы выбросы ЛОС,industry,IND-031,Лакокрасочные производства,PAIN_ACTION,выбросы ЛОС,air,mixed,Воздух,pain_action,3
нужен ли договор на краски,industry,IND-031,Лакокрасочные производства,PAIN_ACTION,краски,waste,diagnostic,Отраслевая карточка,pain_action,5
нужен ли договор на растворители,industry,IND-031,Лакокрасочные производства,PAIN_ACTION,растворители,waste,diagnostic,Отраслевая карточка,pain_action,5
нужен ли договор на тара,industry,IND-031,Лакокрасочные производства,PAIN_ACTION,тара,waste,diagnostic,Отраслевая карточка,pain_action,5
нужен ли договор на шлам,industry,IND-031,Лакокрасочные производства,PAIN_ACTION,шлам,waste,diagnostic,Отраслевая карточка,pain_action,5
нужен ли паспорт на краски,industry,IND-031,Лакокрасочные производства,PAIN_ACTION,краски,waste,diagnostic,Отраслевая карточка,pain_action,5
нужен ли паспорт на растворители,industry,IND-031,Лакокрасочные производства,PAIN_ACTION,растворители,waste,diagnostic,Отраслевая карточка,pain_action,5
нужен ли паспорт на тара,industry,IND-031,Лакокрасочные производства,PAIN_ACTION,тара,waste,diagnostic,Отраслевая карточка,pain_action,5
нужен ли паспорт на шлам,industry,IND-031,Лакокрасочные производства,PAIN_ACTION,шлам,waste,diagnostic,Отраслевая карточка,pain_action,5
нужна ли инвентаризация выбросы ЛОС,industry,IND-031,Лакокрасочные производства,PAIN_ACTION,выбросы ЛОС,air,mixed,Воздух,pain_action,5
нужно ли учитывать выбросы ЛОС,industry,IND-031,Лакокрасочные производства,PAIN_ACTION,выбросы ЛОС,air,mixed,Воздух,pain_action,5
обезвреживание краски,industry,IND-031,Лакокрасочные производства,PAIN_ACTION,краски,waste,commercial,Отраслевая карточка,pain_action,2
обезвреживание растворители,industry,IND-031,Лакокрасочные производства,PAIN_ACTION,растворители,waste,commercial,Отраслевая карточка,pain_action,2
обезвреживание тара,industry,IND-031,Лакокрасочные производства,PAIN_ACTION,тара,waste,commercial,Отраслевая карточка,pain_action,2
обезвреживание шлам,industry,IND-031,Лакокрасочные производства,PAIN_ACTION,шлам,waste,commercial,Отраслевая карточка,pain_action,2
переработка краски,industry,IND-031,Лакокрасочные производства,PAIN_ACTION,краски,waste,mixed,Отраслевая карточка,pain_action,2
переработка растворители,industry,IND-031,Лакокрасочные производства,PAIN_ACTION,растворители,waste,mixed,Отраслевая карточка,pain_action,2
переработка тара,industry,IND-031,Лакокрасочные производства,PAIN_ACTION,тара,waste,mixed,Отраслевая карточка,pain_action,2
переработка шлам,industry,IND-031,Лакокрасочные производства,PAIN_ACTION,шлам,waste,mixed,Отраслевая карточка,pain_action,2
прием краски,industry,IND-031,Лакокрасочные производства,PAIN_ACTION,краски,waste,mixed,Отраслевая карточка,pain_action,2
прием растворители,industry,IND-031,Лакокрасочные производства,PAIN_ACTION,растворители,waste,mixed,Отраслевая карточка,pain_action,2
прием тара,industry,IND-031,Лакокрасочные производства,PAIN_ACTION,тара,waste,mixed,Отраслевая карточка,pain_action,2
прием шлам,industry,IND-031,Лакокрасочные производства,PAIN_ACTION,шлам,waste,mixed,Отраслевая карточка,pain_action,2
размещение краски,industry,IND-031,Лакокрасочные производства,PAIN_ACTION,краски,waste,commercial,Отраслевая карточка,pain_action,2
размещение растворители,industry,IND-031,Лакокрасочные производства,PAIN_ACTION,растворители,waste,commercial,Отраслевая карточка,pain_action,2
размещение тара,industry,IND-031,Лакокрасочные производства,PAIN_ACTION,тара,waste,commercial,Отраслевая карточка,pain_action,2
размещение шлам,industry,IND-031,Лакокрасочные производства,PAIN_ACTION,шлам,waste,commercial,Отраслевая карточка,pain_action,2
стоимость утилизации краски,industry,IND-031,Лакокрасочные производства,PAIN_ACTION,краски,waste,commercial,Отраслевая карточка,pain_action,3
стоимость утилизации растворители,industry,IND-031,Лакокрасочные производства,PAIN_ACTION,растворители,waste,commercial,Отраслевая карточка,pain_action,3
стоимость утилизации тара,industry,IND-031,Лакокрасочные производства,PAIN_ACTION,тара,waste,commercial,Отраслевая карточка,pain_action,3
стоимость утилизации шлам,industry,IND-031,Лакокрасочные производства,PAIN_ACTION,шлам,waste,commercial,Отраслевая карточка,pain_action,3
требования к выбросы ЛОС,industry,IND-031,Лакокрасочные производства,PAIN_ACTION,выбросы ЛОС,air,mixed,Воздух,pain_action,4
утилизация краски,industry,IND-031,Лакокрасочные производства,PAIN_ACTION,краски,waste,commercial,Отраслевая карточка,pain_action,2
утилизация растворители,industry,IND-031,Лакокрасочные производства,PAIN_ACTION,растворители,waste,commercial,Отраслевая карточка,pain_action,2
утилизация тара,industry,IND-031,Лакокрасочные производства,PAIN_ACTION,тара,waste,commercial,Отраслевая карточка,pain_action,2
утилизация шлам,industry,IND-031,Лакокрасочные производства,PAIN_ACTION,шлам,waste,commercial,Отраслевая карточка,pain_action,2
цена вывоза краски,industry,IND-031,Лакокрасочные производства,PAIN_ACTION,краски,waste,commercial,Отраслевая карточка,pain_action,3
цена вывоза растворители,industry,IND-031,Лакокрасочные производства,PAIN_ACTION,растворители,waste,commercial,Отраслевая карточка,pain_action,3
цена вывоза тара,industry,IND-031,Лакокрасочные производства,PAIN_ACTION,тара,waste,commercial,Отраслевая карточка,pain_action,3
цена вывоза шлам,industry,IND-031,Лакокрасочные производства,PAIN_ACTION,шлам,waste,commercial,Отраслевая карточка,pain_action,3
что делать с выбросы ЛОС,industry,IND-031,Лакокрасочные производства,PAIN_ACTION,выбросы ЛОС,air,diagnostic,Воздух,pain_action,5
что делать с краски,industry,IND-031,Лакокрасочные производства,PAIN_ACTION,краски,waste,diagnostic,Отраслевая карточка,pain_action,4
что делать с растворители,industry,IND-031,Лакокрасочные производства,PAIN_ACTION,растворители,waste,diagnostic,Отраслевая карточка,pain_action,4
что делать с тара,industry,IND-031,Лакокрасочные производства,PAIN_ACTION,тара,waste,diagnostic,Отраслевая карточка,pain_action,4
что делать с шлам,industry,IND-031,Лакокрасочные производства,PAIN_ACTION,шлам,waste,diagnostic,Отраслевая карточка,pain_action,4
выбросы ЛОС для лакокрасочные производства,industry,IND-031,Лакокрасочные производства,PAIN_X_INDUSTRY,выбросы ЛОС,air,mixed,Воздух,pain_x_industry,5
выбросы ЛОС лакокрасочные производства,industry,IND-031,Лакокрасочные производства,PAIN_X_INDUSTRY,выбросы ЛОС,air,mixed,Воздух,pain_x_industry,4
выбросы ЛОС на лакокрасочные производства,industry,IND-031,Лакокрасочные производства,PAIN_X_INDUSTRY,выбросы ЛОС,air,mixed,Воздух,pain_x_industry,5
вывоз выбросы ЛОС лакокрасочные производства,industry,IND-031,Лакокрасочные производства,PAIN_X_INDUSTRY,выбросы ЛОС,air,commercial,Воздух,pain_x_industry,5
вывоз краски лакокрасочные производства,industry,IND-031,Лакокрасочные производства,PAIN_X_INDUSTRY,краски,waste,commercial,Отраслевая карточка,pain_x_industry,4
вывоз растворители лакокрасочные производства,industry,IND-031,Лакокрасочные производства,PAIN_X_INDUSTRY,растворители,waste,commercial,Отраслевая карточка,pain_x_industry,4
вывоз тара лакокрасочные производства,industry,IND-031,Лакокрасочные производства,PAIN_X_INDUSTRY,тара,waste,commercial,Отраслевая карточка,pain_x_industry,4
вывоз шлам лакокрасочные производства,industry,IND-031,Лакокрасочные производства,PAIN_X_INDUSTRY,шлам,waste,commercial,Отраслевая карточка,pain_x_industry,4
как учитывать выбросы ЛОС лакокрасочные производства,industry,IND-031,Лакокрасочные производства,PAIN_X_INDUSTRY,выбросы ЛОС,air,diagnostic,Воздух,pain_x_industry,6
как учитывать краски лакокрасочные производства,industry,IND-031,Лакокрасочные производства,PAIN_X_INDUSTRY,краски,waste,diagnostic,Отраслевая карточка,pain_x_industry,5
как учитывать растворители лакокрасочные производства,industry,IND-031,Лакокрасочные производства,PAIN_X_INDUSTRY,растворители,waste,diagnostic,Отраслевая карточка,pain_x_industry,5
как учитывать тара лакокрасочные производства,industry,IND-031,Лакокрасочные производства,PAIN_X_INDUSTRY,тара,waste,diagnostic,Отраслевая карточка,pain_x_industry,5
как учитывать шлам лакокрасочные производства,industry,IND-031,Лакокрасочные производства,PAIN_X_INDUSTRY,шлам,waste,diagnostic,Отраслевая карточка,pain_x_industry,5
как хранить выбросы ЛОС лакокрасочные производства,industry,IND-031,Лакокрасочные производства,PAIN_X_INDUSTRY,выбросы ЛОС,air,diagnostic,Воздух,pain_x_industry,6
как хранить краски лакокрасочные производства,industry,IND-031,Лакокрасочные производства,PAIN_X_INDUSTRY,краски,waste,diagnostic,Отраслевая карточка,pain_x_industry,5
как хранить растворители лакокрасочные производства,industry,IND-031,Лакокрасочные производства,PAIN_X_INDUSTRY,растворители,waste,diagnostic,Отраслевая карточка,pain_x_industry,5
как хранить тара лакокрасочные производства,industry,IND-031,Лакокрасочные производства,PAIN_X_INDUSTRY,тара,waste,diagnostic,Отраслевая карточка,pain_x_industry,5
как хранить шлам лакокрасочные производства,industry,IND-031,Лакокрасочные производства,PAIN_X_INDUSTRY,шлам,waste,diagnostic,Отраслевая карточка,pain_x_industry,5
краски для лакокрасочные производства,industry,IND-031,Лакокрасочные производства,PAIN_X_INDUSTRY,краски,waste,mixed,Отраслевая карточка,pain_x_industry,4
краски лакокрасочные производства,industry,IND-031,Лакокрасочные производства,PAIN_X_INDUSTRY,краски,waste,mixed,Отраслевая карточка,pain_x_industry,3
краски на лакокрасочные производства,industry,IND-031,Лакокрасочные производства,PAIN_X_INDUSTRY,краски,waste,mixed,Отраслевая карточка,pain_x_industry,4
кто принимает выбросы ЛОС лакокрасочные производства,industry,IND-031,Лакокрасочные производства,PAIN_X_INDUSTRY,выбросы ЛОС,air,diagnostic,Воздух,pain_x_industry,6
кто принимает краски лакокрасочные производства,industry,IND-031,Лакокрасочные производства,PAIN_X_INDUSTRY,краски,waste,diagnostic,Отраслевая карточка,pain_x_industry,5
кто принимает растворители лакокрасочные производства,industry,IND-031,Лакокрасочные производства,PAIN_X_INDUSTRY,растворители,waste,diagnostic,Отраслевая карточка,pain_x_industry,5
кто принимает тара лакокрасочные производства,industry,IND-031,Лакокрасочные производства,PAIN_X_INDUSTRY,тара,waste,diagnostic,Отраслевая карточка,pain_x_industry,5
кто принимает шлам лакокрасочные производства,industry,IND-031,Лакокрасочные производства,PAIN_X_INDUSTRY,шлам,waste,diagnostic,Отраслевая карточка,pain_x_industry,5
куда девать выбросы ЛОС лакокрасочные производства,industry,IND-031,Лакокрасочные производства,PAIN_X_INDUSTRY,выбросы ЛОС,air,diagnostic,Воздух,pain_x_industry,6
куда девать краски лакокрасочные производства,industry,IND-031,Лакокрасочные производства,PAIN_X_INDUSTRY,краски,waste,diagnostic,Отраслевая карточка,pain_x_industry,5
куда девать растворители лакокрасочные производства,industry,IND-031,Лакокрасочные производства,PAIN_X_INDUSTRY,растворители,waste,diagnostic,Отраслевая карточка,pain_x_industry,5
куда девать тара лакокрасочные производства,industry,IND-031,Лакокрасочные производства,PAIN_X_INDUSTRY,тара,waste,diagnostic,Отраслевая карточка,pain_x_industry,5
куда девать шлам лакокрасочные производства,industry,IND-031,Лакокрасочные производства,PAIN_X_INDUSTRY,шлам,waste,diagnostic,Отраслевая карточка,pain_x_industry,5
куда сдавать выбросы ЛОС лакокрасочные производства,industry,IND-031,Лакокрасочные производства,PAIN_X_INDUSTRY,выбросы ЛОС,air,diagnostic,Воздух,pain_x_industry,6
куда сдавать краски лакокрасочные производства,industry,IND-031,Лакокрасочные производства,PAIN_X_INDUSTRY,краски,waste,diagnostic,Отраслевая карточка,pain_x_industry,5
куда сдавать растворители лакокрасочные производства,industry,IND-031,Лакокрасочные производства,PAIN_X_INDUSTRY,растворители,waste,diagnostic,Отраслевая карточка,pain_x_industry,5
куда сдавать тара лакокрасочные производства,industry,IND-031,Лакокрасочные производства,PAIN_X_INDUSTRY,тара,waste,diagnostic,Отраслевая карточка,pain_x_industry,5
куда сдавать шлам лакокрасочные производства,industry,IND-031,Лакокрасочные производства,PAIN_X_INDUSTRY,шлам,waste,diagnostic,Отраслевая карточка,pain_x_industry,5
нужен ли договор на выбросы ЛОС лакокрасочные производства,industry,IND-031,Лакокрасочные производства,PAIN_X_INDUSTRY,выбросы ЛОС,air,diagnostic,Воздух,pain_x_industry,8
нужен ли договор на краски лакокрасочные производства,industry,IND-031,Лакокрасочные производства,PAIN_X_INDUSTRY,краски,waste,diagnostic,Отраслевая карточка,pain_x_industry,7
нужен ли договор на растворители лакокрасочные производства,industry,IND-031,Лакокрасочные производства,PAIN_X_INDUSTRY,растворители,waste,diagnostic,Отраслевая карточка,pain_x_industry,7
нужен ли договор на тара лакокрасочные производства,industry,IND-031,Лакокрасочные производства,PAIN_X_INDUSTRY,тара,waste,diagnostic,Отраслевая карточка,pain_x_industry,7
нужен ли договор на шлам лакокрасочные производства,industry,IND-031,Лакокрасочные производства,PAIN_X_INDUSTRY,шлам,waste,diagnostic,Отраслевая карточка,pain_x_industry,7
нужен ли паспорт на выбросы ЛОС лакокрасочные производства,industry,IND-031,Лакокрасочные производства,PAIN_X_INDUSTRY,выбросы ЛОС,air,diagnostic,Воздух,pain_x_industry,8
нужен ли паспорт на краски лакокрасочные производства,industry,IND-031,Лакокрасочные производства,PAIN_X_INDUSTRY,краски,waste,diagnostic,Отраслевая карточка,pain_x_industry,7
нужен ли паспорт на растворители лакокрасочные производства,industry,IND-031,Лакокрасочные производства,PAIN_X_INDUSTRY,растворители,waste,diagnostic,Отраслевая карточка,pain_x_industry,7
нужен ли паспорт на тара лакокрасочные производства,industry,IND-031,Лакокрасочные производства,PAIN_X_INDUSTRY,тара,waste,diagnostic,Отраслевая карточка,pain_x_industry,7
нужен ли паспорт на шлам лакокрасочные производства,industry,IND-031,Лакокрасочные производства,PAIN_X_INDUSTRY,шлам,waste,diagnostic,Отраслевая карточка,pain_x_industry,7
растворители для лакокрасочные производства,industry,IND-031,Лакокрасочные производства,PAIN_X_INDUSTRY,растворители,waste,mixed,Отраслевая карточка,pain_x_industry,4
растворители лакокрасочные производства,industry,IND-031,Лакокрасочные производства,PAIN_X_INDUSTRY,растворители,waste,mixed,Отраслевая карточка,pain_x_industry,3
растворители на лакокрасочные производства,industry,IND-031,Лакокрасочные производства,PAIN_X_INDUSTRY,растворители,waste,mixed,Отраслевая карточка,pain_x_industry,4
тара для лакокрасочные производства,industry,IND-031,Лакокрасочные производства,PAIN_X_INDUSTRY,тара,waste,mixed,Отраслевая карточка,pain_x_industry,4
тара лакокрасочные производства,industry,IND-031,Лакокрасочные производства,PAIN_X_INDUSTRY,тара,waste,mixed,Отраслевая карточка,pain_x_industry,3
тара на лакокрасочные производства,industry,IND-031,Лакокрасочные производства,PAIN_X_INDUSTRY,тара,waste,mixed,Отраслевая карточка,pain_x_industry,4
утилизация выбросы ЛОС лакокрасочные производства,industry,IND-031,Лакокрасочные производства,PAIN_X_INDUSTRY,выбросы ЛОС,air,commercial,Воздух,pain_x_industry,5
утилизация краски лакокрасочные производства,industry,IND-031,Лакокрасочные производства,PAIN_X_INDUSTRY,краски,waste,commercial,Отраслевая карточка,pain_x_industry,4
утилизация растворители лакокрасочные производства,industry,IND-031,Лакокрасочные производства,PAIN_X_INDUSTRY,растворители,waste,commercial,Отраслевая карточка,pain_x_industry,4
утилизация тара лакокрасочные производства,industry,IND-031,Лакокрасочные производства,PAIN_X_INDUSTRY,тара,waste,commercial,Отраслевая карточка,pain_x_industry,4
утилизация шлам лакокрасочные производства,industry,IND-031,Лакокрасочные производства,PAIN_X_INDUSTRY,шлам,waste,commercial,Отраслевая карточка,pain_x_industry,4
цена утилизации выбросы ЛОС лакокрасочные производства,industry,IND-031,Лакокрасочные производства,PAIN_X_INDUSTRY,выбросы ЛОС,air,commercial,Воздух,pain_x_industry,6
цена утилизации краски лакокрасочные производства,industry,IND-031,Лакокрасочные производства,PAIN_X_INDUSTRY,краски,waste,commercial,Отраслевая карточка,pain_x_industry,5
цена утилизации растворители лакокрасочные производства,industry,IND-031,Лакокрасочные производства,PAIN_X_INDUSTRY,растворители,waste,commercial,Отраслевая карточка,pain_x_industry,5
цена утилизации тара лакокрасочные производства,industry,IND-031,Лакокрасочные производства,PAIN_X_INDUSTRY,тара,waste,commercial,Отраслевая карточка,pain_x_industry,5
цена утилизации шлам лакокрасочные производства,industry,IND-031,Лакокрасочные производства,PAIN_X_INDUSTRY,шлам,waste,commercial,Отраслевая карточка,pain_x_industry,5
что делать с выбросы ЛОС лакокрасочные производства,industry,IND-031,Лакокрасочные производства,PAIN_X_INDUSTRY,выбросы ЛОС,air,diagnostic,Воздух,pain_x_industry,7
что делать с краски лакокрасочные производства,industry,IND-031,Лакокрасочные производства,PAIN_X_INDUSTRY,краски,waste,diagnostic,Отраслевая карточка,pain_x_industry,6
что делать с растворители лакокрасочные производства,industry,IND-031,Лакокрасочные производства,PAIN_X_INDUSTRY,растворители,waste,diagnostic,Отраслевая карточка,pain_x_industry,6
что делать с тара лакокрасочные производства,industry,IND-031,Лакокрасочные производства,PAIN_X_INDUSTRY,тара,waste,diagnostic,Отраслевая карточка,pain_x_industry,6
что делать с шлам лакокрасочные производства,industry,IND-031,Лакокрасочные производства,PAIN_X_INDUSTRY,шлам,waste,diagnostic,Отраслевая карточка,pain_x_industry,6
шлам для лакокрасочные производства,industry,IND-031,Лакокрасочные производства,PAIN_X_INDUSTRY,шлам,waste,mixed,Отраслевая карточка,pain_x_industry,4
шлам лакокрасочные производства,industry,IND-031,Лакокрасочные производства,PAIN_X_INDUSTRY,шлам,waste,mixed,Отраслевая карточка,pain_x_industry,3
шлам на лакокрасочные производства,industry,IND-031,Лакокрасочные производства,PAIN_X_INDUSTRY,шлам,waste,mixed,Отраслевая карточка,pain_x_industry,4
2 тп отходы литейные производства,industry,IND-038,Литейные производства,INDUSTRY_DIRECT,,,mixed,Отходы / учёт и отчётность,industry_template,5
ПЭК литейные производства,industry,IND-038,Литейные производства,INDUSTRY_DIRECT,,,mixed,Отраслевая карточка,industry_template,3
выбросы литейные производства,industry,IND-038,Литейные производства,INDUSTRY_DIRECT,,,mixed,Воздух,industry_template,3
запуск литейные производства экологические документы,industry,IND-038,Литейные производства,INDUSTRY_DIRECT,,,urgent,Отраслевая карточка,industry_template,5
какая экологическая отчетность у литейные производства,industry,IND-038,Литейные производства,INDUSTRY_DIRECT,,,mixed,Отходы / учёт и отчётность,industry_template,6
какие требования по экологии литейные производства,industry,IND-038,Литейные производства,INDUSTRY_DIRECT,,,diagnostic,Отраслевая карточка,industry_template,6
какие экологические документы нужны литейные производства,industry,IND-038,Литейные производства,INDUSTRY_DIRECT,,,mixed,Отраслевая карточка,industry_template,6
категория НВОС литейные производства,industry,IND-038,Литейные производства,INDUSTRY_DIRECT,,,mixed,НВОС,industry_template,4
ливневые воды литейные производства,industry,IND-038,Литейные производства,INDUSTRY_DIRECT,,,mixed,Вода,industry_template,4
нужен ли эколог литейные производства,industry,IND-038,Литейные производства,INDUSTRY_DIRECT,,,diagnostic,Отраслевая карточка,industry_template,5
нужно ли ставить на учет НВОС литейные производства,industry,IND-038,Литейные производства,INDUSTRY_DIRECT,,,mixed,НВОС,industry_template,8
отходы литейные производства,industry,IND-038,Литейные производства,INDUSTRY_DIRECT,,,mixed,Отраслевая карточка,industry_template,3
очистные литейные производства,industry,IND-038,Литейные производства,INDUSTRY_DIRECT,,,mixed,Вода,industry_template,3
предписание экология литейные производства,industry,IND-038,Литейные производства,INDUSTRY_DIRECT,,,urgent,Отраслевая карточка,industry_template,4
проверка экология литейные производства,industry,IND-038,Литейные производства,INDUSTRY_DIRECT,,,urgent,Отраслевая карточка,industry_template,4
сточные воды литейные производства,industry,IND-038,Литейные производства,INDUSTRY_DIRECT,,,mixed,Вода,industry_template,4
учет отходов литейные производства,industry,IND-038,Литейные производства,INDUSTRY_DIRECT,,,mixed,Отходы / учёт и отчётность,industry_template,4
что нужно по экологии литейные производства,industry,IND-038,Литейные производства,INDUSTRY_DIRECT,,,mixed,Отраслевая карточка,industry_template,6
что сдавать по экологии литейные производства,industry,IND-038,Литейные производства,INDUSTRY_DIRECT,,,mixed,Отраслевая карточка,industry_template,6
штраф экология литейные производства,industry,IND-038,Литейные производства,INDUSTRY_DIRECT,,,urgent,Отраслевая карточка,industry_template,4
вывоз металлический лом,industry,IND-038,Литейные производства,PAIN_ACTION,металлический лом,waste,commercial,Отраслевая карточка,pain_action,3
вывоз формовочные смеси,industry,IND-038,Литейные производства,PAIN_ACTION,формовочные смеси,waste,commercial,Отраслевая карточка,pain_action,3
жалобы на пыль,industry,IND-038,Литейные производства,PAIN_ACTION,пыль,air,mixed,Воздух,pain_action,3
как накапливать металлический лом,industry,IND-038,Литейные производства,PAIN_ACTION,металлический лом,waste,mixed,Отраслевая карточка,pain_action,4
как накапливать формовочные смеси,industry,IND-038,Литейные производства,PAIN_ACTION,формовочные смеси,waste,mixed,Отраслевая карточка,pain_action,4
как обслуживать газоочистка,industry,IND-038,Литейные производства,PAIN_ACTION,газоочистка,equipment,mixed,Отраслевая карточка,pain_action,3
как уменьшить пыль,industry,IND-038,Литейные производства,PAIN_ACTION,пыль,air,mixed,Воздух,pain_action,3
как учитывать металлический лом,industry,IND-038,Литейные производства,PAIN_ACTION,металлический лом,waste,diagnostic,Отраслевая карточка,pain_action,4
как учитывать формовочные смеси,industry,IND-038,Литейные производства,PAIN_ACTION,формовочные смеси,waste,diagnostic,Отраслевая карточка,pain_action,4
как учитывать шлак,industry,IND-038,Литейные производства,PAIN_ACTION,шлак,general,diagnostic,Отраслевая карточка,pain_action,3
как хранить металлический лом,industry,IND-038,Литейные производства,PAIN_ACTION,металлический лом,waste,diagnostic,Отраслевая карточка,pain_action,4
как хранить формовочные смеси,industry,IND-038,Литейные производства,PAIN_ACTION,формовочные смеси,waste,diagnostic,Отраслевая карточка,pain_action,4
какие документы на газоочистка,industry,IND-038,Литейные производства,PAIN_ACTION,газоочистка,equipment,diagnostic,Отраслевая карточка,pain_action,4
какой класс опасности металлический лом,industry,IND-038,Литейные производства,PAIN_ACTION,металлический лом,waste,mixed,Отраслевая карточка,pain_action,5
какой класс опасности формовочные смеси,industry,IND-038,Литейные производства,PAIN_ACTION,формовочные смеси,waste,mixed,Отраслевая карточка,pain_action,5
контроль пыль,industry,IND-038,Литейные производства,PAIN_ACTION,пыль,air,mixed,Воздух,pain_action,2
кто забирает металлический лом,industry,IND-038,Литейные производства,PAIN_ACTION,металлический лом,waste,mixed,Отраслевая карточка,pain_action,4
кто забирает формовочные смеси,industry,IND-038,Литейные производства,PAIN_ACTION,формовочные смеси,waste,mixed,Отраслевая карточка,pain_action,4
кто принимает металлический лом,industry,IND-038,Литейные производства,PAIN_ACTION,металлический лом,waste,diagnostic,Отраслевая карточка,pain_action,4
кто принимает формовочные смеси,industry,IND-038,Литейные производства,PAIN_ACTION,формовочные смеси,waste,diagnostic,Отраслевая карточка,pain_action,4
куда девать металлический лом,industry,IND-038,Литейные производства,PAIN_ACTION,металлический лом,waste,diagnostic,Отраслевая карточка,pain_action,4
куда девать формовочные смеси,industry,IND-038,Литейные производства,PAIN_ACTION,формовочные смеси,waste,diagnostic,Отраслевая карточка,pain_action,4
куда передавать металлический лом,industry,IND-038,Литейные производства,PAIN_ACTION,металлический лом,waste,diagnostic,Отраслевая карточка,pain_action,4
куда передавать формовочные смеси,industry,IND-038,Литейные производства,PAIN_ACTION,формовочные смеси,waste,diagnostic,Отраслевая карточка,pain_action,4
куда сдавать металлический лом,industry,IND-038,Литейные производства,PAIN_ACTION,металлический лом,waste,diagnostic,Отраслевая карточка,pain_action,4
куда сдавать формовочные смеси,industry,IND-038,Литейные производства,PAIN_ACTION,формовочные смеси,waste,diagnostic,Отраслевая карточка,pain_action,4
можно ли выбрасывать металлический лом,industry,IND-038,Литейные производства,PAIN_ACTION,металлический лом,waste,mixed,Отраслевая карточка,pain_action,5
можно ли выбрасывать формовочные смеси,industry,IND-038,Литейные производства,PAIN_ACTION,формовочные смеси,waste,mixed,Отраслевая карточка,pain_action,5
можно ли хранить металлический лом на улице,industry,IND-038,Литейные производства,PAIN_ACTION,металлический лом,waste,mixed,Отраслевая карточка,pain_action,7
можно ли хранить формовочные смеси на улице,industry,IND-038,Литейные производства,PAIN_ACTION,формовочные смеси,waste,mixed,Отраслевая карточка,pain_action,7
нормативы пыль,industry,IND-038,Литейные производства,PAIN_ACTION,пыль,air,mixed,Воздух,pain_action,2
нужен ли договор на металлический лом,industry,IND-038,Литейные производства,PAIN_ACTION,металлический лом,waste,diagnostic,Отраслевая карточка,pain_action,6
нужен ли договор на формовочные смеси,industry,IND-038,Литейные производства,PAIN_ACTION,формовочные смеси,waste,diagnostic,Отраслевая карточка,pain_action,6
нужен ли контроль газоочистка,industry,IND-038,Литейные производства,PAIN_ACTION,газоочистка,equipment,diagnostic,Отраслевая карточка,pain_action,4
нужен ли паспорт на металлический лом,industry,IND-038,Литейные производства,PAIN_ACTION,металлический лом,waste,diagnostic,Отраслевая карточка,pain_action,6
нужен ли паспорт на формовочные смеси,industry,IND-038,Литейные производства,PAIN_ACTION,формовочные смеси,waste,diagnostic,Отраслевая карточка,pain_action,6
нужна ли газоочистка,industry,IND-038,Литейные производства,PAIN_ACTION,газоочистка,equipment,mixed,Отраслевая карточка,pain_action,3
нужна ли инвентаризация пыль,industry,IND-038,Литейные производства,PAIN_ACTION,пыль,air,mixed,Воздух,pain_action,4
нужно ли учитывать пыль,industry,IND-038,Литейные производства,PAIN_ACTION,пыль,air,mixed,Воздух,pain_action,4
нужны ли документы на шлак,industry,IND-038,Литейные производства,PAIN_ACTION,шлак,general,mixed,Отраслевая карточка,pain_action,5
обезвреживание металлический лом,industry,IND-038,Литейные производства,PAIN_ACTION,металлический лом,waste,commercial,Отраслевая карточка,pain_action,3
обезвреживание формовочные смеси,industry,IND-038,Литейные производства,PAIN_ACTION,формовочные смеси,waste,commercial,Отраслевая карточка,pain_action,3
переработка металлический лом,industry,IND-038,Литейные производства,PAIN_ACTION,металлический лом,waste,mixed,Отраслевая карточка,pain_action,3
переработка формовочные смеси,industry,IND-038,Литейные производства,PAIN_ACTION,формовочные смеси,waste,mixed,Отраслевая карточка,pain_action,3
прием металлический лом,industry,IND-038,Литейные производства,PAIN_ACTION,металлический лом,waste,mixed,Отраслевая карточка,pain_action,3
прием формовочные смеси,industry,IND-038,Литейные производства,PAIN_ACTION,формовочные смеси,waste,mixed,Отраслевая карточка,pain_action,3
проверка газоочистка,industry,IND-038,Литейные производства,PAIN_ACTION,газоочистка,equipment,urgent,Отраслевая карточка,pain_action,2
размещение металлический лом,industry,IND-038,Литейные производства,PAIN_ACTION,металлический лом,waste,commercial,Отраслевая карточка,pain_action,3
размещение формовочные смеси,industry,IND-038,Литейные производства,PAIN_ACTION,формовочные смеси,waste,commercial,Отраслевая карточка,pain_action,3
стоимость утилизации металлический лом,industry,IND-038,Литейные производства,PAIN_ACTION,металлический лом,waste,commercial,Отраслевая карточка,pain_action,4
стоимость утилизации формовочные смеси,industry,IND-038,Литейные производства,PAIN_ACTION,формовочные смеси,waste,commercial,Отраслевая карточка,pain_action,4
требования к газоочистка,industry,IND-038,Литейные производства,PAIN_ACTION,газоочистка,equipment,mixed,Отраслевая карточка,pain_action,3
требования к пыль,industry,IND-038,Литейные производства,PAIN_ACTION,пыль,air,mixed,Воздух,pain_action,3
требования к шлак,industry,IND-038,Литейные производства,PAIN_ACTION,шлак,general,mixed,Отраслевая карточка,pain_action,3
утилизация металлический лом,industry,IND-038,Литейные производства,PAIN_ACTION,металлический лом,waste,commercial,Отраслевая карточка,pain_action,3
утилизация формовочные смеси,industry,IND-038,Литейные производства,PAIN_ACTION,формовочные смеси,waste,commercial,Отраслевая карточка,pain_action,3
цена вывоза металлический лом,industry,IND-038,Литейные производства,PAIN_ACTION,металлический лом,waste,commercial,Отраслевая карточка,pain_action,4
цена вывоза формовочные смеси,industry,IND-038,Литейные производства,PAIN_ACTION,формовочные смеси,waste,commercial,Отраслевая карточка,pain_action,4
что делать если есть газоочистка,industry,IND-038,Литейные производства,PAIN_ACTION,газоочистка,equipment,diagnostic,Отраслевая карточка,pain_action,5
что делать с металлический лом,industry,IND-038,Литейные производства,PAIN_ACTION,металлический лом,waste,diagnostic,Отраслевая карточка,pain_action,5
что делать с пыль,industry,IND-038,Литейные производства,PAIN_ACTION,пыль,air,diagnostic,Воздух,pain_action,4
что делать с формовочные смеси,industry,IND-038,Литейные производства,PAIN_ACTION,формовочные смеси,waste,diagnostic,Отраслевая карточка,pain_action,5
что делать с шлак,industry,IND-038,Литейные производства,PAIN_ACTION,шлак,general,diagnostic,Отраслевая карточка,pain_action,4
вывоз газоочистка литейные производства,industry,IND-038,Литейные производства,PAIN_X_INDUSTRY,газоочистка,equipment,commercial,Отраслевая карточка,pain_x_industry,4
вывоз металлический лом литейные производства,industry,IND-038,Литейные производства,PAIN_X_INDUSTRY,металлический лом,waste,commercial,Отраслевая карточка,pain_x_industry,5
вывоз пыль литейные производства,industry,IND-038,Литейные производства,PAIN_X_INDUSTRY,пыль,air,commercial,Воздух,pain_x_industry,4
вывоз формовочные смеси литейные производства,industry,IND-038,Литейные производства,PAIN_X_INDUSTRY,формовочные смеси,waste,commercial,Отраслевая карточка,pain_x_industry,5
вывоз шлак литейные производства,industry,IND-038,Литейные производства,PAIN_X_INDUSTRY,шлак,general,commercial,Отраслевая карточка,pain_x_industry,4
газоочистка для литейные производства,industry,IND-038,Литейные производства,PAIN_X_INDUSTRY,газоочистка,equipment,mixed,Отраслевая карточка,pain_x_industry,4
газоочистка литейные производства,industry,IND-038,Литейные производства,PAIN_X_INDUSTRY,газоочистка,equipment,mixed,Отраслевая карточка,pain_x_industry,3
газоочистка на литейные производства,industry,IND-038,Литейные производства,PAIN_X_INDUSTRY,газоочистка,equipment,mixed,Отраслевая карточка,pain_x_industry,4
как учитывать газоочистка литейные производства,industry,IND-038,Литейные производства,PAIN_X_INDUSTRY,газоочистка,equipment,diagnostic,Отраслевая карточка,pain_x_industry,5
как учитывать металлический лом литейные производства,industry,IND-038,Литейные производства,PAIN_X_INDUSTRY,металлический лом,waste,diagnostic,Отраслевая карточка,pain_x_industry,6
как учитывать пыль литейные производства,industry,IND-038,Литейные производства,PAIN_X_INDUSTRY,пыль,air,diagnostic,Воздух,pain_x_industry,5
как учитывать формовочные смеси литейные производства,industry,IND-038,Литейные производства,PAIN_X_INDUSTRY,формовочные смеси,waste,diagnostic,Отраслевая карточка,pain_x_industry,6
как учитывать шлак литейные производства,industry,IND-038,Литейные производства,PAIN_X_INDUSTRY,шлак,general,diagnostic,Отраслевая карточка,pain_x_industry,5
как хранить газоочистка литейные производства,industry,IND-038,Литейные производства,PAIN_X_INDUSTRY,газоочистка,equipment,diagnostic,Отраслевая карточка,pain_x_industry,5
как хранить металлический лом литейные производства,industry,IND-038,Литейные производства,PAIN_X_INDUSTRY,металлический лом,waste,diagnostic,Отраслевая карточка,pain_x_industry,6
как хранить пыль литейные производства,industry,IND-038,Литейные производства,PAIN_X_INDUSTRY,пыль,air,diagnostic,Воздух,pain_x_industry,5
как хранить формовочные смеси литейные производства,industry,IND-038,Литейные производства,PAIN_X_INDUSTRY,формовочные смеси,waste,diagnostic,Отраслевая карточка,pain_x_industry,6
как хранить шлак литейные производства,industry,IND-038,Литейные производства,PAIN_X_INDUSTRY,шлак,general,diagnostic,Отраслевая карточка,pain_x_industry,5
кто принимает газоочистка литейные производства,industry,IND-038,Литейные производства,PAIN_X_INDUSTRY,газоочистка,equipment,diagnostic,Отраслевая карточка,pain_x_industry,5
кто принимает металлический лом литейные производства,industry,IND-038,Литейные производства,PAIN_X_INDUSTRY,металлический лом,waste,diagnostic,Отраслевая карточка,pain_x_industry,6
кто принимает пыль литейные производства,industry,IND-038,Литейные производства,PAIN_X_INDUSTRY,пыль,air,diagnostic,Воздух,pain_x_industry,5
кто принимает формовочные смеси литейные производства,industry,IND-038,Литейные производства,PAIN_X_INDUSTRY,формовочные смеси,waste,diagnostic,Отраслевая карточка,pain_x_industry,6
кто принимает шлак литейные производства,industry,IND-038,Литейные производства,PAIN_X_INDUSTRY,шлак,general,diagnostic,Отраслевая карточка,pain_x_industry,5
куда девать газоочистка литейные производства,industry,IND-038,Литейные производства,PAIN_X_INDUSTRY,газоочистка,equipment,diagnostic,Отраслевая карточка,pain_x_industry,5
куда девать металлический лом литейные производства,industry,IND-038,Литейные производства,PAIN_X_INDUSTRY,металлический лом,waste,diagnostic,Отраслевая карточка,pain_x_industry,6
куда девать пыль литейные производства,industry,IND-038,Литейные производства,PAIN_X_INDUSTRY,пыль,air,diagnostic,Воздух,pain_x_industry,5
куда девать формовочные смеси литейные производства,industry,IND-038,Литейные производства,PAIN_X_INDUSTRY,формовочные смеси,waste,diagnostic,Отраслевая карточка,pain_x_industry,6
куда девать шлак литейные производства,industry,IND-038,Литейные производства,PAIN_X_INDUSTRY,шлак,general,diagnostic,Отраслевая карточка,pain_x_industry,5
куда сдавать газоочистка литейные производства,industry,IND-038,Литейные производства,PAIN_X_INDUSTRY,газоочистка,equipment,diagnostic,Отраслевая карточка,pain_x_industry,5
куда сдавать металлический лом литейные производства,industry,IND-038,Литейные производства,PAIN_X_INDUSTRY,металлический лом,waste,diagnostic,Отраслевая карточка,pain_x_industry,6
куда сдавать пыль литейные производства,industry,IND-038,Литейные производства,PAIN_X_INDUSTRY,пыль,air,diagnostic,Воздух,pain_x_industry,5
куда сдавать формовочные смеси литейные производства,industry,IND-038,Литейные производства,PAIN_X_INDUSTRY,формовочные смеси,waste,diagnostic,Отраслевая карточка,pain_x_industry,6
куда сдавать шлак литейные производства,industry,IND-038,Литейные производства,PAIN_X_INDUSTRY,шлак,general,diagnostic,Отраслевая карточка,pain_x_industry,5
металлический лом для литейные производства,industry,IND-038,Литейные производства,PAIN_X_INDUSTRY,металлический лом,waste,mixed,Отраслевая карточка,pain_x_industry,5
металлический лом литейные производства,industry,IND-038,Литейные производства,PAIN_X_INDUSTRY,металлический лом,waste,mixed,Отраслевая карточка,pain_x_industry,4
металлический лом на литейные производства,industry,IND-038,Литейные производства,PAIN_X_INDUSTRY,металлический лом,waste,mixed,Отраслевая карточка,pain_x_industry,5
нужен ли договор на газоочистка литейные производства,industry,IND-038,Литейные производства,PAIN_X_INDUSTRY,газоочистка,equipment,diagnostic,Отраслевая карточка,pain_x_industry,7
нужен ли договор на металлический лом литейные производства,industry,IND-038,Литейные производства,PAIN_X_INDUSTRY,металлический лом,waste,diagnostic,Отраслевая карточка,pain_x_industry,8
нужен ли договор на пыль литейные производства,industry,IND-038,Литейные производства,PAIN_X_INDUSTRY,пыль,air,diagnostic,Воздух,pain_x_industry,7
нужен ли договор на формовочные смеси литейные производства,industry,IND-038,Литейные производства,PAIN_X_INDUSTRY,формовочные смеси,waste,diagnostic,Отраслевая карточка,pain_x_industry,8
нужен ли договор на шлак литейные производства,industry,IND-038,Литейные производства,PAIN_X_INDUSTRY,шлак,general,diagnostic,Отраслевая карточка,pain_x_industry,7
нужен ли паспорт на газоочистка литейные производства,industry,IND-038,Литейные производства,PAIN_X_INDUSTRY,газоочистка,equipment,diagnostic,Отраслевая карточка,pain_x_industry,7
нужен ли паспорт на металлический лом литейные производства,industry,IND-038,Литейные производства,PAIN_X_INDUSTRY,металлический лом,waste,diagnostic,Отраслевая карточка,pain_x_industry,8
нужен ли паспорт на пыль литейные производства,industry,IND-038,Литейные производства,PAIN_X_INDUSTRY,пыль,air,diagnostic,Воздух,pain_x_industry,7
нужен ли паспорт на формовочные смеси литейные производства,industry,IND-038,Литейные производства,PAIN_X_INDUSTRY,формовочные смеси,waste,diagnostic,Отраслевая карточка,pain_x_industry,8
нужен ли паспорт на шлак литейные производства,industry,IND-038,Литейные производства,PAIN_X_INDUSTRY,шлак,general,diagnostic,Отраслевая карточка,pain_x_industry,7
пыль для литейные производства,industry,IND-038,Литейные производства,PAIN_X_INDUSTRY,пыль,air,mixed,Воздух,pain_x_industry,4
пыль литейные производства,industry,IND-038,Литейные производства,PAIN_X_INDUSTRY,пыль,air,mixed,Воздух,pain_x_industry,3
пыль на литейные производства,industry,IND-038,Литейные производства,PAIN_X_INDUSTRY,пыль,air,mixed,Воздух,pain_x_industry,4
утилизация газоочистка литейные производства,industry,IND-038,Литейные производства,PAIN_X_INDUSTRY,газоочистка,equipment,commercial,Отраслевая карточка,pain_x_industry,4
утилизация металлический лом литейные производства,industry,IND-038,Литейные производства,PAIN_X_INDUSTRY,металлический лом,waste,commercial,Отраслевая карточка,pain_x_industry,5
утилизация пыль литейные производства,industry,IND-038,Литейные производства,PAIN_X_INDUSTRY,пыль,air,commercial,Воздух,pain_x_industry,4
утилизация формовочные смеси литейные производства,industry,IND-038,Литейные производства,PAIN_X_INDUSTRY,формовочные смеси,waste,commercial,Отраслевая карточка,pain_x_industry,5
утилизация шлак литейные производства,industry,IND-038,Литейные производства,PAIN_X_INDUSTRY,шлак,general,commercial,Отраслевая карточка,pain_x_industry,4
формовочные смеси для литейные производства,industry,IND-038,Литейные производства,PAIN_X_INDUSTRY,формовочные смеси,waste,mixed,Отраслевая карточка,pain_x_industry,5
формовочные смеси литейные производства,industry,IND-038,Литейные производства,PAIN_X_INDUSTRY,формовочные смеси,waste,mixed,Отраслевая карточка,pain_x_industry,4
формовочные смеси на литейные производства,industry,IND-038,Литейные производства,PAIN_X_INDUSTRY,формовочные смеси,waste,mixed,Отраслевая карточка,pain_x_industry,5
цена утилизации газоочистка литейные производства,industry,IND-038,Литейные производства,PAIN_X_INDUSTRY,газоочистка,equipment,commercial,Отраслевая карточка,pain_x_industry,5
цена утилизации металлический лом литейные производства,industry,IND-038,Литейные производства,PAIN_X_INDUSTRY,металлический лом,waste,commercial,Отраслевая карточка,pain_x_industry,6
цена утилизации пыль литейные производства,industry,IND-038,Литейные производства,PAIN_X_INDUSTRY,пыль,air,commercial,Воздух,pain_x_industry,5
цена утилизации формовочные смеси литейные производства,industry,IND-038,Литейные производства,PAIN_X_INDUSTRY,формовочные смеси,waste,commercial,Отраслевая карточка,pain_x_industry,6
цена утилизации шлак литейные производства,industry,IND-038,Литейные производства,PAIN_X_INDUSTRY,шлак,general,commercial,Отраслевая карточка,pain_x_industry,5
что делать с газоочистка литейные производства,industry,IND-038,Литейные производства,PAIN_X_INDUSTRY,газоочистка,equipment,diagnostic,Отраслевая карточка,pain_x_industry,6
что делать с металлический лом литейные производства,industry,IND-038,Литейные производства,PAIN_X_INDUSTRY,металлический лом,waste,diagnostic,Отраслевая карточка,pain_x_industry,7
что делать с пыль литейные производства,industry,IND-038,Литейные производства,PAIN_X_INDUSTRY,пыль,air,diagnostic,Воздух,pain_x_industry,6
что делать с формовочные смеси литейные производства,industry,IND-038,Литейные производства,PAIN_X_INDUSTRY,формовочные смеси,waste,diagnostic,Отраслевая карточка,pain_x_industry,7
что делать с шлак литейные производства,industry,IND-038,Литейные производства,PAIN_X_INDUSTRY,шлак,general,diagnostic,Отраслевая карточка,pain_x_industry,6
шлак для литейные производства,industry,IND-038,Литейные производства,PAIN_X_INDUSTRY,шлак,general,mixed,Отраслевая карточка,pain_x_industry,4
шлак литейные производства,industry,IND-038,Литейные производства,PAIN_X_INDUSTRY,шлак,general,mixed,Отраслевая карточка,pain_x_industry,3
шлак на литейные производства,industry,IND-038,Литейные производства,PAIN_X_INDUSTRY,шлак,general,mixed,Отраслевая карточка,pain_x_industry,4
2 тп отходы медицинские организации,industry,IND-045,Медицинские организации,INDUSTRY_DIRECT,,,mixed,Отходы / учёт и отчётность,industry_template,5
ПЭК медицинские организации,industry,IND-045,Медицинские организации,INDUSTRY_DIRECT,,,mixed,Отраслевая карточка,industry_template,3
выбросы медицинские организации,industry,IND-045,Медицинские организации,INDUSTRY_DIRECT,,,mixed,Воздух,industry_template,3
запуск медицинские организации экологические документы,industry,IND-045,Медицинские организации,INDUSTRY_DIRECT,,,urgent,Отраслевая карточка,industry_template,5
какая экологическая отчетность у медицинские организации,industry,IND-045,Медицинские организации,INDUSTRY_DIRECT,,,mixed,Отходы / учёт и отчётность,industry_template,6
какие требования по экологии медицинские организации,industry,IND-045,Медицинские организации,INDUSTRY_DIRECT,,,diagnostic,Отраслевая карточка,industry_template,6
какие экологические документы нужны медицинские организации,industry,IND-045,Медицинские организации,INDUSTRY_DIRECT,,,mixed,Отраслевая карточка,industry_template,6
категория НВОС медицинские организации,industry,IND-045,Медицинские организации,INDUSTRY_DIRECT,,,mixed,НВОС,industry_template,4
ливневые воды медицинские организации,industry,IND-045,Медицинские организации,INDUSTRY_DIRECT,,,mixed,Вода,industry_template,4
нужен ли эколог медицинские организации,industry,IND-045,Медицинские организации,INDUSTRY_DIRECT,,,diagnostic,Отраслевая карточка,industry_template,5
нужно ли ставить на учет НВОС медицинские организации,industry,IND-045,Медицинские организации,INDUSTRY_DIRECT,,,mixed,НВОС,industry_template,8
отходы медицинские организации,industry,IND-045,Медицинские организации,INDUSTRY_DIRECT,,,mixed,Отраслевая карточка,industry_template,3
очистные медицинские организации,industry,IND-045,Медицинские организации,INDUSTRY_DIRECT,,,mixed,Вода,industry_template,3
предписание экология медицинские организации,industry,IND-045,Медицинские организации,INDUSTRY_DIRECT,,,urgent,Отраслевая карточка,industry_template,4
проверка экология медицинские организации,industry,IND-045,Медицинские организации,INDUSTRY_DIRECT,,,urgent,Отраслевая карточка,industry_template,4
сточные воды медицинские организации,industry,IND-045,Медицинские организации,INDUSTRY_DIRECT,,,mixed,Вода,industry_template,4
учет отходов медицинские организации,industry,IND-045,Медицинские организации,INDUSTRY_DIRECT,,,mixed,Отходы / учёт и отчётность,industry_template,4
что нужно по экологии медицинские организации,industry,IND-045,Медицинские организации,INDUSTRY_DIRECT,,,mixed,Отраслевая карточка,industry_template,6
что сдавать по экологии медицинские организации,industry,IND-045,Медицинские организации,INDUSTRY_DIRECT,,,mixed,Отраслевая карточка,industry_template,6
штраф экология медицинские организации,industry,IND-045,Медицинские организации,INDUSTRY_DIRECT,,,urgent,Отраслевая карточка,industry_template,4
анализ сточные воды,industry,IND-045,Медицинские организации,PAIN_ACTION,сточные воды,water,mixed,Вода,pain_action,3
вывоз медицинские отходы,industry,IND-045,Медицинские организации,PAIN_ACTION,медицинские отходы,waste,commercial,Отраслевая карточка,pain_action,3
вывоз ртутные лампы,industry,IND-045,Медицинские организации,PAIN_ACTION,ртутные лампы,waste,commercial,Отраслевая карточка,pain_action,3
как накапливать медицинские отходы,industry,IND-045,Медицинские организации,PAIN_ACTION,медицинские отходы,waste,mixed,Отраслевая карточка,pain_action,4
как накапливать ртутные лампы,industry,IND-045,Медицинские организации,PAIN_ACTION,ртутные лампы,waste,mixed,Отраслевая карточка,pain_action,4
как очищать сточные воды,industry,IND-045,Медицинские организации,PAIN_ACTION,сточные воды,water,mixed,Вода,pain_action,4
как учитывать дезсредства,industry,IND-045,Медицинские организации,PAIN_ACTION,дезсредства,general,diagnostic,Отраслевая карточка,pain_action,3
как учитывать лекарственные отходы,industry,IND-045,Медицинские организации,PAIN_ACTION,лекарственные отходы,general,diagnostic,Отраслевая карточка,pain_action,4
как учитывать медицинские отходы,industry,IND-045,Медицинские организации,PAIN_ACTION,медицинские отходы,waste,diagnostic,Отраслевая карточка,pain_action,4
как учитывать ртутные лампы,industry,IND-045,Медицинские организации,PAIN_ACTION,ртутные лампы,waste,diagnostic,Отраслевая карточка,pain_action,4
как хранить медицинские отходы,industry,IND-045,Медицинские организации,PAIN_ACTION,медицинские отходы,waste,diagnostic,Отраслевая карточка,pain_action,4
как хранить ртутные лампы,industry,IND-045,Медицинские организации,PAIN_ACTION,ртутные лампы,waste,diagnostic,Отраслевая карточка,pain_action,4
какой класс опасности медицинские отходы,industry,IND-045,Медицинские организации,PAIN_ACTION,медицинские отходы,waste,mixed,Отраслевая карточка,pain_action,5
какой класс опасности ртутные лампы,industry,IND-045,Медицинские организации,PAIN_ACTION,ртутные лампы,waste,mixed,Отраслевая карточка,pain_action,5
контроль сточные воды,industry,IND-045,Медицинские организации,PAIN_ACTION,сточные воды,water,mixed,Вода,pain_action,3
кто забирает медицинские отходы,industry,IND-045,Медицинские организации,PAIN_ACTION,медицинские отходы,waste,mixed,Отраслевая карточка,pain_action,4
кто забирает ртутные лампы,industry,IND-045,Медицинские организации,PAIN_ACTION,ртутные лампы,waste,mixed,Отраслевая карточка,pain_action,4
кто принимает медицинские отходы,industry,IND-045,Медицинские организации,PAIN_ACTION,медицинские отходы,waste,diagnostic,Отраслевая карточка,pain_action,4
кто принимает ртутные лампы,industry,IND-045,Медицинские организации,PAIN_ACTION,ртутные лампы,waste,diagnostic,Отраслевая карточка,pain_action,4
куда девать медицинские отходы,industry,IND-045,Медицинские организации,PAIN_ACTION,медицинские отходы,waste,diagnostic,Отраслевая карточка,pain_action,4
куда девать ртутные лампы,industry,IND-045,Медицинские организации,PAIN_ACTION,ртутные лампы,waste,diagnostic,Отраслевая карточка,pain_action,4
куда отводить сточные воды,industry,IND-045,Медицинские организации,PAIN_ACTION,сточные воды,water,diagnostic,Вода,pain_action,4
куда передавать медицинские отходы,industry,IND-045,Медицинские организации,PAIN_ACTION,медицинские отходы,waste,diagnostic,Отраслевая карточка,pain_action,4
куда передавать ртутные лампы,industry,IND-045,Медицинские организации,PAIN_ACTION,ртутные лампы,waste,diagnostic,Отраслевая карточка,pain_action,4
куда сдавать медицинские отходы,industry,IND-045,Медицинские организации,PAIN_ACTION,медицинские отходы,waste,diagnostic,Отраслевая карточка,pain_action,4
куда сдавать ртутные лампы,industry,IND-045,Медицинские организации,PAIN_ACTION,ртутные лампы,waste,diagnostic,Отраслевая карточка,pain_action,4
куда сливать сточные воды,industry,IND-045,Медицинские организации,PAIN_ACTION,сточные воды,water,diagnostic,Вода,pain_action,4
можно ли выбрасывать медицинские отходы,industry,IND-045,Медицинские организации,PAIN_ACTION,медицинские отходы,waste,mixed,Отраслевая карточка,pain_action,5
можно ли выбрасывать ртутные лампы,industry,IND-045,Медицинские организации,PAIN_ACTION,ртутные лампы,waste,mixed,Отраслевая карточка,pain_action,5
можно ли сбрасывать сточные воды,industry,IND-045,Медицинские организации,PAIN_ACTION,сточные воды,water,mixed,Вода,pain_action,5
можно ли хранить медицинские отходы на улице,industry,IND-045,Медицинские организации,PAIN_ACTION,медицинские отходы,waste,mixed,Отраслевая карточка,pain_action,7
можно ли хранить ртутные лампы на улице,industry,IND-045,Медицинские организации,PAIN_ACTION,ртутные лампы,waste,mixed,Отраслевая карточка,pain_action,7
нормативы сточные воды,industry,IND-045,Медицинские организации,PAIN_ACTION,сточные воды,water,mixed,Вода,pain_action,3
нужен ли договор на медицинские отходы,industry,IND-045,Медицинские организации,PAIN_ACTION,медицинские отходы,waste,diagnostic,Отраслевая карточка,pain_action,6
нужен ли договор на ртутные лампы,industry,IND-045,Медицинские организации,PAIN_ACTION,ртутные лампы,waste,diagnostic,Отраслевая карточка,pain_action,6
нужен ли паспорт на медицинские отходы,industry,IND-045,Медицинские организации,PAIN_ACTION,медицинские отходы,waste,diagnostic,Паспорта отходов,pain_action,6
нужен ли паспорт на ртутные лампы,industry,IND-045,Медицинские организации,PAIN_ACTION,ртутные лампы,waste,diagnostic,Отраслевая карточка,pain_action,6
нужны ли документы на дезсредства,industry,IND-045,Медицинские организации,PAIN_ACTION,дезсредства,general,mixed,Отраслевая карточка,pain_action,5
нужны ли документы на лекарственные отходы,industry,IND-045,Медицинские организации,PAIN_ACTION,лекарственные отходы,general,mixed,Отраслевая карточка,pain_action,6
нужны ли очистные для сточные воды,industry,IND-045,Медицинские организации,PAIN_ACTION,сточные воды,water,mixed,Вода,pain_action,6
обезвреживание медицинские отходы,industry,IND-045,Медицинские организации,PAIN_ACTION,медицинские отходы,waste,commercial,Отраслевая карточка,pain_action,3
обезвреживание ртутные лампы,industry,IND-045,Медицинские организации,PAIN_ACTION,ртутные лампы,waste,commercial,Отраслевая карточка,pain_action,3
переработка медицинские отходы,industry,IND-045,Медицинские организации,PAIN_ACTION,медицинские отходы,waste,mixed,Отраслевая карточка,pain_action,3
переработка ртутные лампы,industry,IND-045,Медицинские организации,PAIN_ACTION,ртутные лампы,waste,mixed,Отраслевая карточка,pain_action,3
прием медицинские отходы,industry,IND-045,Медицинские организации,PAIN_ACTION,медицинские отходы,waste,mixed,Отраслевая карточка,pain_action,3
прием ртутные лампы,industry,IND-045,Медицинские организации,PAIN_ACTION,ртутные лампы,waste,mixed,Отраслевая карточка,pain_action,3
размещение медицинские отходы,industry,IND-045,Медицинские организации,PAIN_ACTION,медицинские отходы,waste,commercial,Отраслевая карточка,pain_action,3
размещение ртутные лампы,industry,IND-045,Медицинские организации,PAIN_ACTION,ртутные лампы,waste,commercial,Отраслевая карточка,pain_action,3
стоимость утилизации медицинские отходы,industry,IND-045,Медицинские организации,PAIN_ACTION,медицинские отходы,waste,commercial,Отраслевая карточка,pain_action,4
стоимость утилизации ртутные лампы,industry,IND-045,Медицинские организации,PAIN_ACTION,ртутные лампы,waste,commercial,Отраслевая карточка,pain_action,4
требования к дезсредства,industry,IND-045,Медицинские организации,PAIN_ACTION,дезсредства,general,mixed,Отраслевая карточка,pain_action,3
требования к лекарственные отходы,industry,IND-045,Медицинские организации,PAIN_ACTION,лекарственные отходы,general,mixed,Отраслевая карточка,pain_action,4
требования к сточные воды,industry,IND-045,Медицинские организации,PAIN_ACTION,сточные воды,water,mixed,Вода,pain_action,4
утилизация медицинские отходы,industry,IND-045,Медицинские организации,PAIN_ACTION,медицинские отходы,waste,commercial,Отраслевая карточка,pain_action,3
утилизация ртутные лампы,industry,IND-045,Медицинские организации,PAIN_ACTION,ртутные лампы,waste,commercial,Отраслевая карточка,pain_action,3
учет сточные воды,industry,IND-045,Медицинские организации,PAIN_ACTION,сточные воды,water,mixed,Вода,pain_action,3
цена вывоза медицинские отходы,industry,IND-045,Медицинские организации,PAIN_ACTION,медицинские отходы,waste,commercial,Отраслевая карточка,pain_action,4
цена вывоза ртутные лампы,industry,IND-045,Медицинские организации,PAIN_ACTION,ртутные лампы,waste,commercial,Отраслевая карточка,pain_action,4
что делать с дезсредства,industry,IND-045,Медицинские организации,PAIN_ACTION,дезсредства,general,diagnostic,Отраслевая карточка,pain_action,4
что делать с лекарственные отходы,industry,IND-045,Медицинские организации,PAIN_ACTION,лекарственные отходы,general,diagnostic,Отраслевая карточка,pain_action,5
что делать с медицинские отходы,industry,IND-045,Медицинские организации,PAIN_ACTION,медицинские отходы,waste,diagnostic,Отраслевая карточка,pain_action,5
что делать с ртутные лампы,industry,IND-045,Медицинские организации,PAIN_ACTION,ртутные лампы,waste,diagnostic,Отраслевая карточка,pain_action,5
что делать с сточные воды,industry,IND-045,Медицинские организации,PAIN_ACTION,сточные воды,water,diagnostic,Вода,pain_action,5
вывоз дезсредства медицинские организации,industry,IND-045,Медицинские организации,PAIN_X_INDUSTRY,дезсредства,general,commercial,Отраслевая карточка,pain_x_industry,4
вывоз лекарственные отходы медицинские организации,industry,IND-045,Медицинские организации,PAIN_X_INDUSTRY,лекарственные отходы,general,commercial,Отраслевая карточка,pain_x_industry,5
вывоз медицинские отходы медицинские организации,industry,IND-045,Медицинские организации,PAIN_X_INDUSTRY,медицинские отходы,waste,commercial,Отраслевая карточка,pain_x_industry,5
вывоз ртутные лампы медицинские организации,industry,IND-045,Медицинские организации,PAIN_X_INDUSTRY,ртутные лампы,waste,commercial,Отраслевая карточка,pain_x_industry,5
вывоз сточные воды медицинские организации,industry,IND-045,Медицинские организации,PAIN_X_INDUSTRY,сточные воды,water,commercial,Вода,pain_x_industry,5
дезсредства для медицинские организации,industry,IND-045,Медицинские организации,PAIN_X_INDUSTRY,дезсредства,general,mixed,Отраслевая карточка,pain_x_industry,4
дезсредства медицинские организации,industry,IND-045,Медицинские организации,PAIN_X_INDUSTRY,дезсредства,general,mixed,Отраслевая карточка,pain_x_industry,3
дезсредства на медицинские организации,industry,IND-045,Медицинские организации,PAIN_X_INDUSTRY,дезсредства,general,mixed,Отраслевая карточка,pain_x_industry,4
как учитывать дезсредства медицинские организации,industry,IND-045,Медицинские организации,PAIN_X_INDUSTRY,дезсредства,general,diagnostic,Отраслевая карточка,pain_x_industry,5
как учитывать лекарственные отходы медицинские организации,industry,IND-045,Медицинские организации,PAIN_X_INDUSTRY,лекарственные отходы,general,diagnostic,Отраслевая карточка,pain_x_industry,6
как учитывать медицинские отходы медицинские организации,industry,IND-045,Медицинские организации,PAIN_X_INDUSTRY,медицинские отходы,waste,diagnostic,Отраслевая карточка,pain_x_industry,6
как учитывать ртутные лампы медицинские организации,industry,IND-045,Медицинские организации,PAIN_X_INDUSTRY,ртутные лампы,waste,diagnostic,Отраслевая карточка,pain_x_industry,6
как учитывать сточные воды медицинские организации,industry,IND-045,Медицинские организации,PAIN_X_INDUSTRY,сточные воды,water,diagnostic,Вода,pain_x_industry,6
как хранить дезсредства медицинские организации,industry,IND-045,Медицинские организации,PAIN_X_INDUSTRY,дезсредства,general,diagnostic,Отраслевая карточка,pain_x_industry,5
как хранить лекарственные отходы медицинские организации,industry,IND-045,Медицинские организации,PAIN_X_INDUSTRY,лекарственные отходы,general,diagnostic,Отраслевая карточка,pain_x_industry,6
как хранить медицинские отходы медицинские организации,industry,IND-045,Медицинские организации,PAIN_X_INDUSTRY,медицинские отходы,waste,diagnostic,Отраслевая карточка,pain_x_industry,6
как хранить ртутные лампы медицинские организации,industry,IND-045,Медицинские организации,PAIN_X_INDUSTRY,ртутные лампы,waste,diagnostic,Отраслевая карточка,pain_x_industry,6
как хранить сточные воды медицинские организации,industry,IND-045,Медицинские организации,PAIN_X_INDUSTRY,сточные воды,water,diagnostic,Вода,pain_x_industry,6
кто принимает дезсредства медицинские организации,industry,IND-045,Медицинские организации,PAIN_X_INDUSTRY,дезсредства,general,diagnostic,Отраслевая карточка,pain_x_industry,5
кто принимает лекарственные отходы медицинские организации,industry,IND-045,Медицинские организации,PAIN_X_INDUSTRY,лекарственные отходы,general,diagnostic,Отраслевая карточка,pain_x_industry,6
кто принимает медицинские отходы медицинские организации,industry,IND-045,Медицинские организации,PAIN_X_INDUSTRY,медицинские отходы,waste,diagnostic,Отраслевая карточка,pain_x_industry,6
кто принимает ртутные лампы медицинские организации,industry,IND-045,Медицинские организации,PAIN_X_INDUSTRY,ртутные лампы,waste,diagnostic,Отраслевая карточка,pain_x_industry,6
кто принимает сточные воды медицинские организации,industry,IND-045,Медицинские организации,PAIN_X_INDUSTRY,сточные воды,water,diagnostic,Вода,pain_x_industry,6
куда девать дезсредства медицинские организации,industry,IND-045,Медицинские организации,PAIN_X_INDUSTRY,дезсредства,general,diagnostic,Отраслевая карточка,pain_x_industry,5
куда девать лекарственные отходы медицинские организации,industry,IND-045,Медицинские организации,PAIN_X_INDUSTRY,лекарственные отходы,general,diagnostic,Отраслевая карточка,pain_x_industry,6
куда девать медицинские отходы медицинские организации,industry,IND-045,Медицинские организации,PAIN_X_INDUSTRY,медицинские отходы,waste,diagnostic,Отраслевая карточка,pain_x_industry,6
куда девать ртутные лампы медицинские организации,industry,IND-045,Медицинские организации,PAIN_X_INDUSTRY,ртутные лампы,waste,diagnostic,Отраслевая карточка,pain_x_industry,6
куда девать сточные воды медицинские организации,industry,IND-045,Медицинские организации,PAIN_X_INDUSTRY,сточные воды,water,diagnostic,Вода,pain_x_industry,6
куда сдавать дезсредства медицинские организации,industry,IND-045,Медицинские организации,PAIN_X_INDUSTRY,дезсредства,general,diagnostic,Отраслевая карточка,pain_x_industry,5
куда сдавать лекарственные отходы медицинские организации,industry,IND-045,Медицинские организации,PAIN_X_INDUSTRY,лекарственные отходы,general,diagnostic,Отраслевая карточка,pain_x_industry,6
куда сдавать медицинские отходы медицинские организации,industry,IND-045,Медицинские организации,PAIN_X_INDUSTRY,медицинские отходы,waste,diagnostic,Отраслевая карточка,pain_x_industry,6
куда сдавать ртутные лампы медицинские организации,industry,IND-045,Медицинские организации,PAIN_X_INDUSTRY,ртутные лампы,waste,diagnostic,Отраслевая карточка,pain_x_industry,6
куда сдавать сточные воды медицинские организации,industry,IND-045,Медицинские организации,PAIN_X_INDUSTRY,сточные воды,water,diagnostic,Вода,pain_x_industry,6
лекарственные отходы для медицинские организации,industry,IND-045,Медицинские организации,PAIN_X_INDUSTRY,лекарственные отходы,general,mixed,Отраслевая карточка,pain_x_industry,5
лекарственные отходы медицинские организации,industry,IND-045,Медицинские организации,PAIN_X_INDUSTRY,лекарственные отходы,general,mixed,Отраслевая карточка,pain_x_industry,4
лекарственные отходы на медицинские организации,industry,IND-045,Медицинские организации,PAIN_X_INDUSTRY,лекарственные отходы,general,mixed,Отраслевая карточка,pain_x_industry,5
медицинские отходы для медицинские организации,industry,IND-045,Медицинские организации,PAIN_X_INDUSTRY,медицинские отходы,waste,mixed,Отраслевая карточка,pain_x_industry,5
медицинские отходы медицинские организации,industry,IND-045,Медицинские организации,PAIN_X_INDUSTRY,медицинские отходы,waste,mixed,Отраслевая карточка,pain_x_industry,4
медицинские отходы на медицинские организации,industry,IND-045,Медицинские организации,PAIN_X_INDUSTRY,медицинские отходы,waste,mixed,Отраслевая карточка,pain_x_industry,5
нужен ли договор на дезсредства медицинские организации,industry,IND-045,Медицинские организации,PAIN_X_INDUSTRY,дезсредства,general,diagnostic,Отраслевая карточка,pain_x_industry,7
нужен ли договор на лекарственные отходы медицинские организации,industry,IND-045,Медицинские организации,PAIN_X_INDUSTRY,лекарственные отходы,general,diagnostic,Отраслевая карточка,pain_x_industry,8
нужен ли договор на медицинские отходы медицинские организации,industry,IND-045,Медицинские организации,PAIN_X_INDUSTRY,медицинские отходы,waste,diagnostic,Отраслевая карточка,pain_x_industry,8
нужен ли договор на ртутные лампы медицинские организации,industry,IND-045,Медицинские организации,PAIN_X_INDUSTRY,ртутные лампы,waste,diagnostic,Отраслевая карточка,pain_x_industry,8
нужен ли договор на сточные воды медицинские организации,industry,IND-045,Медицинские организации,PAIN_X_INDUSTRY,сточные воды,water,diagnostic,Вода,pain_x_industry,8
нужен ли паспорт на дезсредства медицинские организации,industry,IND-045,Медицинские организации,PAIN_X_INDUSTRY,дезсредства,general,diagnostic,Отраслевая карточка,pain_x_industry,7
нужен ли паспорт на лекарственные отходы медицинские организации,industry,IND-045,Медицинские организации,PAIN_X_INDUSTRY,лекарственные отходы,general,diagnostic,Паспорта отходов,pain_x_industry,8
нужен ли паспорт на медицинские отходы медицинские организации,industry,IND-045,Медицинские организации,PAIN_X_INDUSTRY,медицинские отходы,waste,diagnostic,Паспорта отходов,pain_x_industry,8
нужен ли паспорт на ртутные лампы медицинские организации,industry,IND-045,Медицинские организации,PAIN_X_INDUSTRY,ртутные лампы,waste,diagnostic,Отраслевая карточка,pain_x_industry,8
нужен ли паспорт на сточные воды медицинские организации,industry,IND-045,Медицинские организации,PAIN_X_INDUSTRY,сточные воды,water,diagnostic,Вода,pain_x_industry,8
ртутные лампы для медицинские организации,industry,IND-045,Медицинские организации,PAIN_X_INDUSTRY,ртутные лампы,waste,mixed,Отраслевая карточка,pain_x_industry,5
ртутные лампы медицинские организации,industry,IND-045,Медицинские организации,PAIN_X_INDUSTRY,ртутные лампы,waste,mixed,Отраслевая карточка,pain_x_industry,4
ртутные лампы на медицинские организации,industry,IND-045,Медицинские организации,PAIN_X_INDUSTRY,ртутные лампы,waste,mixed,Отраслевая карточка,pain_x_industry,5
сточные воды для медицинские организации,industry,IND-045,Медицинские организации,PAIN_X_INDUSTRY,сточные воды,water,mixed,Вода,pain_x_industry,5
сточные воды на медицинские организации,industry,IND-045,Медицинские организации,PAIN_X_INDUSTRY,сточные воды,water,mixed,Вода,pain_x_industry,5
утилизация дезсредства медицинские организации,industry,IND-045,Медицинские организации,PAIN_X_INDUSTRY,дезсредства,general,commercial,Отраслевая карточка,pain_x_industry,4
утилизация лекарственные отходы медицинские организации,industry,IND-045,Медицинские организации,PAIN_X_INDUSTRY,лекарственные отходы,general,commercial,Отраслевая карточка,pain_x_industry,5
утилизация медицинские отходы медицинские организации,industry,IND-045,Медицинские организации,PAIN_X_INDUSTRY,медицинские отходы,waste,commercial,Отраслевая карточка,pain_x_industry,5
утилизация ртутные лампы медицинские организации,industry,IND-045,Медицинские организации,PAIN_X_INDUSTRY,ртутные лампы,waste,commercial,Отраслевая карточка,pain_x_industry,5
утилизация сточные воды медицинские организации,industry,IND-045,Медицинские организации,PAIN_X_INDUSTRY,сточные воды,water,commercial,Вода,pain_x_industry,5
цена утилизации дезсредства медицинские организации,industry,IND-045,Медицинские организации,PAIN_X_INDUSTRY,дезсредства,general,commercial,Отраслевая карточка,pain_x_industry,5
цена утилизации лекарственные отходы медицинские организации,industry,IND-045,Медицинские организации,PAIN_X_INDUSTRY,лекарственные отходы,general,commercial,Отраслевая карточка,pain_x_industry,6
цена утилизации медицинские отходы медицинские организации,industry,IND-045,Медицинские организации,PAIN_X_INDUSTRY,медицинские отходы,waste,commercial,Отраслевая карточка,pain_x_industry,6
цена утилизации ртутные лампы медицинские организации,industry,IND-045,Медицинские организации,PAIN_X_INDUSTRY,ртутные лампы,waste,commercial,Отраслевая карточка,pain_x_industry,6
цена утилизации сточные воды медицинские организации,industry,IND-045,Медицинские организации,PAIN_X_INDUSTRY,сточные воды,water,commercial,Вода,pain_x_industry,6
что делать с дезсредства медицинские организации,industry,IND-045,Медицинские организации,PAIN_X_INDUSTRY,дезсредства,general,diagnostic,Отраслевая карточка,pain_x_industry,6
что делать с лекарственные отходы медицинские организации,industry,IND-045,Медицинские организации,PAIN_X_INDUSTRY,лекарственные отходы,general,diagnostic,Отраслевая карточка,pain_x_industry,7
что делать с медицинские отходы медицинские организации,industry,IND-045,Медицинские организации,PAIN_X_INDUSTRY,медицинские отходы,waste,diagnostic,Отраслевая карточка,pain_x_industry,7
что делать с ртутные лампы медицинские организации,industry,IND-045,Медицинские организации,PAIN_X_INDUSTRY,ртутные лампы,waste,diagnostic,Отраслевая карточка,pain_x_industry,7
что делать с сточные воды медицинские организации,industry,IND-045,Медицинские организации,PAIN_X_INDUSTRY,сточные воды,water,diagnostic,Вода,pain_x_industry,7
2 тп отходы металлообработка / машиностроение,industry,IND-036,Металлообработка / машиностроение,INDUSTRY_DIRECT,,,mixed,Отходы / учёт и отчётность,industry_template,6
ПЭК металлообработка / машиностроение,industry,IND-036,Металлообработка / машиностроение,INDUSTRY_DIRECT,,,mixed,Отраслевая карточка,industry_template,4
выбросы металлообработка / машиностроение,industry,IND-036,Металлообработка / машиностроение,INDUSTRY_DIRECT,,,mixed,Воздух,industry_template,4
запуск металлообработка / машиностроение экологические документы,industry,IND-036,Металлообработка / машиностроение,INDUSTRY_DIRECT,,,urgent,Отраслевая карточка,industry_template,6
какая экологическая отчетность у металлообработка / машиностроение,industry,IND-036,Металлообработка / машиностроение,INDUSTRY_DIRECT,,,mixed,Отходы / учёт и отчётность,industry_template,7
какие требования по экологии металлообработка / машиностроение,industry,IND-036,Металлообработка / машиностроение,INDUSTRY_DIRECT,,,diagnostic,Отраслевая карточка,industry_template,7
какие экологические документы нужны металлообработка / машиностроение,industry,IND-036,Металлообработка / машиностроение,INDUSTRY_DIRECT,,,mixed,Отраслевая карточка,industry_template,7
категория НВОС металлообработка / машиностроение,industry,IND-036,Металлообработка / машиностроение,INDUSTRY_DIRECT,,,mixed,НВОС,industry_template,5
ливневые воды металлообработка / машиностроение,industry,IND-036,Металлообработка / машиностроение,INDUSTRY_DIRECT,,,mixed,Вода,industry_template,5
нужен ли эколог металлообработка / машиностроение,industry,IND-036,Металлообработка / машиностроение,INDUSTRY_DIRECT,,,diagnostic,Отраслевая карточка,industry_template,6
нужно ли ставить на учет НВОС металлообработка / машиностроение,industry,IND-036,Металлообработка / машиностроение,INDUSTRY_DIRECT,,,mixed,НВОС,industry_template,9
отходы металлообработка / машиностроение,industry,IND-036,Металлообработка / машиностроение,INDUSTRY_DIRECT,,,mixed,Отраслевая карточка,industry_template,4
очистные металлообработка / машиностроение,industry,IND-036,Металлообработка / машиностроение,INDUSTRY_DIRECT,,,mixed,Вода,industry_template,4
предписание экология металлообработка / машиностроение,industry,IND-036,Металлообработка / машиностроение,INDUSTRY_DIRECT,,,urgent,Отраслевая карточка,industry_template,5
проверка экология металлообработка / машиностроение,industry,IND-036,Металлообработка / машиностроение,INDUSTRY_DIRECT,,,urgent,Отраслевая карточка,industry_template,5
сточные воды металлообработка / машиностроение,industry,IND-036,Металлообработка / машиностроение,INDUSTRY_DIRECT,,,mixed,Вода,industry_template,5
учет отходов металлообработка / машиностроение,industry,IND-036,Металлообработка / машиностроение,INDUSTRY_DIRECT,,,mixed,Отходы / учёт и отчётность,industry_template,5
что нужно по экологии металлообработка / машиностроение,industry,IND-036,Металлообработка / машиностроение,INDUSTRY_DIRECT,,,mixed,Отраслевая карточка,industry_template,7
что сдавать по экологии металлообработка / машиностроение,industry,IND-036,Металлообработка / машиностроение,INDUSTRY_DIRECT,,,mixed,Отраслевая карточка,industry_template,7
штраф экология металлообработка / машиностроение,industry,IND-036,Металлообработка / машиностроение,INDUSTRY_DIRECT,,,urgent,Отраслевая карточка,industry_template,5
вывоз СОЖ,industry,IND-036,Металлообработка / машиностроение,PAIN_ACTION,СОЖ,waste,commercial,Отраслевая карточка,pain_action,2
вывоз ветошь,industry,IND-036,Металлообработка / машиностроение,PAIN_ACTION,ветошь,waste,commercial,Отраслевая карточка,pain_action,2
вывоз металлическая стружка,industry,IND-036,Металлообработка / машиностроение,PAIN_ACTION,металлическая стружка,waste,commercial,Отраслевая карточка,pain_action,3
вывоз шлам,industry,IND-036,Металлообработка / машиностроение,PAIN_ACTION,шлам,waste,commercial,Отраслевая карточка,pain_action,2
жалобы на сварочные выбросы,industry,IND-036,Металлообработка / машиностроение,PAIN_ACTION,сварочные выбросы,air,mixed,Воздух,pain_action,4
как накапливать СОЖ,industry,IND-036,Металлообработка / машиностроение,PAIN_ACTION,СОЖ,waste,mixed,Отраслевая карточка,pain_action,3
как накапливать ветошь,industry,IND-036,Металлообработка / машиностроение,PAIN_ACTION,ветошь,waste,mixed,Отраслевая карточка,pain_action,3
как накапливать металлическая стружка,industry,IND-036,Металлообработка / машиностроение,PAIN_ACTION,металлическая стружка,waste,mixed,Отраслевая карточка,pain_action,4
как накапливать шлам,industry,IND-036,Металлообработка / машиностроение,PAIN_ACTION,шлам,waste,mixed,Отраслевая карточка,pain_action,3
как уменьшить сварочные выбросы,industry,IND-036,Металлообработка / машиностроение,PAIN_ACTION,сварочные выбросы,air,mixed,Воздух,pain_action,4
как учитывать СОЖ,industry,IND-036,Металлообработка / машиностроение,PAIN_ACTION,СОЖ,waste,diagnostic,Отраслевая карточка,pain_action,3
как учитывать ветошь,industry,IND-036,Металлообработка / машиностроение,PAIN_ACTION,ветошь,waste,diagnostic,Отраслевая карточка,pain_action,3
как учитывать масла,industry,IND-036,Металлообработка / машиностроение,PAIN_ACTION,масла,general,diagnostic,Отраслевая карточка,pain_action,3
как учитывать металлическая стружка,industry,IND-036,Металлообработка / машиностроение,PAIN_ACTION,металлическая стружка,waste,diagnostic,Отраслевая карточка,pain_action,4
как учитывать шлам,industry,IND-036,Металлообработка / машиностроение,PAIN_ACTION,шлам,waste,diagnostic,Отраслевая карточка,pain_action,3
как хранить СОЖ,industry,IND-036,Металлообработка / машиностроение,PAIN_ACTION,СОЖ,waste,diagnostic,Отраслевая карточка,pain_action,3
как хранить ветошь,industry,IND-036,Металлообработка / машиностроение,PAIN_ACTION,ветошь,waste,diagnostic,Отраслевая карточка,pain_action,3
как хранить металлическая стружка,industry,IND-036,Металлообработка / машиностроение,PAIN_ACTION,металлическая стружка,waste,diagnostic,Отраслевая карточка,pain_action,4
как хранить шлам,industry,IND-036,Металлообработка / машиностроение,PAIN_ACTION,шлам,waste,diagnostic,Отраслевая карточка,pain_action,3
какой класс опасности СОЖ,industry,IND-036,Металлообработка / машиностроение,PAIN_ACTION,СОЖ,waste,mixed,Отраслевая карточка,pain_action,4
какой класс опасности ветошь,industry,IND-036,Металлообработка / машиностроение,PAIN_ACTION,ветошь,waste,mixed,Отраслевая карточка,pain_action,4
какой класс опасности металлическая стружка,industry,IND-036,Металлообработка / машиностроение,PAIN_ACTION,металлическая стружка,waste,mixed,Отраслевая карточка,pain_action,5
какой класс опасности шлам,industry,IND-036,Металлообработка / машиностроение,PAIN_ACTION,шлам,waste,mixed,Отраслевая карточка,pain_action,4
контроль сварочные выбросы,industry,IND-036,Металлообработка / машиностроение,PAIN_ACTION,сварочные выбросы,air,mixed,Воздух,pain_action,3
кто забирает СОЖ,industry,IND-036,Металлообработка / машиностроение,PAIN_ACTION,СОЖ,waste,mixed,Отраслевая карточка,pain_action,3
кто забирает ветошь,industry,IND-036,Металлообработка / машиностроение,PAIN_ACTION,ветошь,waste,mixed,Отраслевая карточка,pain_action,3
кто забирает металлическая стружка,industry,IND-036,Металлообработка / машиностроение,PAIN_ACTION,металлическая стружка,waste,mixed,Отраслевая карточка,pain_action,4
кто забирает шлам,industry,IND-036,Металлообработка / машиностроение,PAIN_ACTION,шлам,waste,mixed,Отраслевая карточка,pain_action,3
кто принимает СОЖ,industry,IND-036,Металлообработка / машиностроение,PAIN_ACTION,СОЖ,waste,diagnostic,Отраслевая карточка,pain_action,3
кто принимает ветошь,industry,IND-036,Металлообработка / машиностроение,PAIN_ACTION,ветошь,waste,diagnostic,Отраслевая карточка,pain_action,3
кто принимает металлическая стружка,industry,IND-036,Металлообработка / машиностроение,PAIN_ACTION,металлическая стружка,waste,diagnostic,Отраслевая карточка,pain_action,4
кто принимает шлам,industry,IND-036,Металлообработка / машиностроение,PAIN_ACTION,шлам,waste,diagnostic,Отраслевая карточка,pain_action,3
куда девать СОЖ,industry,IND-036,Металлообработка / машиностроение,PAIN_ACTION,СОЖ,waste,diagnostic,Отраслевая карточка,pain_action,3
куда девать ветошь,industry,IND-036,Металлообработка / машиностроение,PAIN_ACTION,ветошь,waste,diagnostic,Отраслевая карточка,pain_action,3
куда девать металлическая стружка,industry,IND-036,Металлообработка / машиностроение,PAIN_ACTION,металлическая стружка,waste,diagnostic,Отраслевая карточка,pain_action,4
куда девать шлам,industry,IND-036,Металлообработка / машиностроение,PAIN_ACTION,шлам,waste,diagnostic,Отраслевая карточка,pain_action,3
куда передавать СОЖ,industry,IND-036,Металлообработка / машиностроение,PAIN_ACTION,СОЖ,waste,diagnostic,Отраслевая карточка,pain_action,3
куда передавать ветошь,industry,IND-036,Металлообработка / машиностроение,PAIN_ACTION,ветошь,waste,diagnostic,Отраслевая карточка,pain_action,3
куда передавать металлическая стружка,industry,IND-036,Металлообработка / машиностроение,PAIN_ACTION,металлическая стружка,waste,diagnostic,Отраслевая карточка,pain_action,4
куда передавать шлам,industry,IND-036,Металлообработка / машиностроение,PAIN_ACTION,шлам,waste,diagnostic,Отраслевая карточка,pain_action,3
куда сдавать СОЖ,industry,IND-036,Металлообработка / машиностроение,PAIN_ACTION,СОЖ,waste,diagnostic,Отраслевая карточка,pain_action,3
куда сдавать ветошь,industry,IND-036,Металлообработка / машиностроение,PAIN_ACTION,ветошь,waste,diagnostic,Отраслевая карточка,pain_action,3
куда сдавать металлическая стружка,industry,IND-036,Металлообработка / машиностроение,PAIN_ACTION,металлическая стружка,waste,diagnostic,Отраслевая карточка,pain_action,4
куда сдавать шлам,industry,IND-036,Металлообработка / машиностроение,PAIN_ACTION,шлам,waste,diagnostic,Отраслевая карточка,pain_action,3
можно ли выбрасывать СОЖ,industry,IND-036,Металлообработка / машиностроение,PAIN_ACTION,СОЖ,waste,mixed,Отраслевая карточка,pain_action,4
можно ли выбрасывать ветошь,industry,IND-036,Металлообработка / машиностроение,PAIN_ACTION,ветошь,waste,mixed,Отраслевая карточка,pain_action,4
можно ли выбрасывать металлическая стружка,industry,IND-036,Металлообработка / машиностроение,PAIN_ACTION,металлическая стружка,waste,mixed,Отраслевая карточка,pain_action,5
можно ли выбрасывать шлам,industry,IND-036,Металлообработка / машиностроение,PAIN_ACTION,шлам,waste,mixed,Отраслевая карточка,pain_action,4
можно ли хранить СОЖ на улице,industry,IND-036,Металлообработка / машиностроение,PAIN_ACTION,СОЖ,waste,mixed,Отраслевая карточка,pain_action,6
можно ли хранить ветошь на улице,industry,IND-036,Металлообработка / машиностроение,PAIN_ACTION,ветошь,waste,mixed,Отраслевая карточка,pain_action,6
можно ли хранить металлическая стружка на улице,industry,IND-036,Металлообработка / машиностроение,PAIN_ACTION,металлическая стружка,waste,mixed,Отраслевая карточка,pain_action,7
можно ли хранить шлам на улице,industry,IND-036,Металлообработка / машиностроение,PAIN_ACTION,шлам,waste,mixed,Отраслевая карточка,pain_action,6
нормативы сварочные выбросы,industry,IND-036,Металлообработка / машиностроение,PAIN_ACTION,сварочные выбросы,air,mixed,Воздух,pain_action,3
нужен ли договор на СОЖ,industry,IND-036,Металлообработка / машиностроение,PAIN_ACTION,СОЖ,waste,diagnostic,Отраслевая карточка,pain_action,5
нужен ли договор на ветошь,industry,IND-036,Металлообработка / машиностроение,PAIN_ACTION,ветошь,waste,diagnostic,Отраслевая карточка,pain_action,5
нужен ли договор на металлическая стружка,industry,IND-036,Металлообработка / машиностроение,PAIN_ACTION,металлическая стружка,waste,diagnostic,Отраслевая карточка,pain_action,6
нужен ли договор на шлам,industry,IND-036,Металлообработка / машиностроение,PAIN_ACTION,шлам,waste,diagnostic,Отраслевая карточка,pain_action,5
нужен ли паспорт на СОЖ,industry,IND-036,Металлообработка / машиностроение,PAIN_ACTION,СОЖ,waste,diagnostic,Отраслевая карточка,pain_action,5
нужен ли паспорт на ветошь,industry,IND-036,Металлообработка / машиностроение,PAIN_ACTION,ветошь,waste,diagnostic,Отраслевая карточка,pain_action,5
нужен ли паспорт на металлическая стружка,industry,IND-036,Металлообработка / машиностроение,PAIN_ACTION,металлическая стружка,waste,diagnostic,Отраслевая карточка,pain_action,6
нужен ли паспорт на шлам,industry,IND-036,Металлообработка / машиностроение,PAIN_ACTION,шлам,waste,diagnostic,Отраслевая карточка,pain_action,5
нужна ли инвентаризация сварочные выбросы,industry,IND-036,Металлообработка / машиностроение,PAIN_ACTION,сварочные выбросы,air,mixed,Воздух,pain_action,5
нужно ли учитывать сварочные выбросы,industry,IND-036,Металлообработка / машиностроение,PAIN_ACTION,сварочные выбросы,air,mixed,Воздух,pain_action,5
нужны ли документы на масла,industry,IND-036,Металлообработка / машиностроение,PAIN_ACTION,масла,general,mixed,Отраслевая карточка,pain_action,5
обезвреживание СОЖ,industry,IND-036,Металлообработка / машиностроение,PAIN_ACTION,СОЖ,waste,commercial,Отраслевая карточка,pain_action,2
обезвреживание ветошь,industry,IND-036,Металлообработка / машиностроение,PAIN_ACTION,ветошь,waste,commercial,Отраслевая карточка,pain_action,2
обезвреживание металлическая стружка,industry,IND-036,Металлообработка / машиностроение,PAIN_ACTION,металлическая стружка,waste,commercial,Отраслевая карточка,pain_action,3
обезвреживание шлам,industry,IND-036,Металлообработка / машиностроение,PAIN_ACTION,шлам,waste,commercial,Отраслевая карточка,pain_action,2
переработка СОЖ,industry,IND-036,Металлообработка / машиностроение,PAIN_ACTION,СОЖ,waste,mixed,Отраслевая карточка,pain_action,2
переработка ветошь,industry,IND-036,Металлообработка / машиностроение,PAIN_ACTION,ветошь,waste,mixed,Отраслевая карточка,pain_action,2
переработка металлическая стружка,industry,IND-036,Металлообработка / машиностроение,PAIN_ACTION,металлическая стружка,waste,mixed,Отраслевая карточка,pain_action,3
переработка шлам,industry,IND-036,Металлообработка / машиностроение,PAIN_ACTION,шлам,waste,mixed,Отраслевая карточка,pain_action,2
прием СОЖ,industry,IND-036,Металлообработка / машиностроение,PAIN_ACTION,СОЖ,waste,mixed,Отраслевая карточка,pain_action,2
прием ветошь,industry,IND-036,Металлообработка / машиностроение,PAIN_ACTION,ветошь,waste,mixed,Отраслевая карточка,pain_action,2
прием металлическая стружка,industry,IND-036,Металлообработка / машиностроение,PAIN_ACTION,металлическая стружка,waste,mixed,Отраслевая карточка,pain_action,3
прием шлам,industry,IND-036,Металлообработка / машиностроение,PAIN_ACTION,шлам,waste,mixed,Отраслевая карточка,pain_action,2
размещение СОЖ,industry,IND-036,Металлообработка / машиностроение,PAIN_ACTION,СОЖ,waste,commercial,Отраслевая карточка,pain_action,2
размещение ветошь,industry,IND-036,Металлообработка / машиностроение,PAIN_ACTION,ветошь,waste,commercial,Отраслевая карточка,pain_action,2
размещение металлическая стружка,industry,IND-036,Металлообработка / машиностроение,PAIN_ACTION,металлическая стружка,waste,commercial,Отраслевая карточка,pain_action,3
размещение шлам,industry,IND-036,Металлообработка / машиностроение,PAIN_ACTION,шлам,waste,commercial,Отраслевая карточка,pain_action,2
стоимость утилизации СОЖ,industry,IND-036,Металлообработка / машиностроение,PAIN_ACTION,СОЖ,waste,commercial,Отраслевая карточка,pain_action,3
стоимость утилизации ветошь,industry,IND-036,Металлообработка / машиностроение,PAIN_ACTION,ветошь,waste,commercial,Отраслевая карточка,pain_action,3
стоимость утилизации металлическая стружка,industry,IND-036,Металлообработка / машиностроение,PAIN_ACTION,металлическая стружка,waste,commercial,Отраслевая карточка,pain_action,4
стоимость утилизации шлам,industry,IND-036,Металлообработка / машиностроение,PAIN_ACTION,шлам,waste,commercial,Отраслевая карточка,pain_action,3
требования к масла,industry,IND-036,Металлообработка / машиностроение,PAIN_ACTION,масла,general,mixed,Отраслевая карточка,pain_action,3
требования к сварочные выбросы,industry,IND-036,Металлообработка / машиностроение,PAIN_ACTION,сварочные выбросы,air,mixed,Воздух,pain_action,4
утилизация СОЖ,industry,IND-036,Металлообработка / машиностроение,PAIN_ACTION,СОЖ,waste,commercial,Отраслевая карточка,pain_action,2
утилизация ветошь,industry,IND-036,Металлообработка / машиностроение,PAIN_ACTION,ветошь,waste,commercial,Отраслевая карточка,pain_action,2
утилизация металлическая стружка,industry,IND-036,Металлообработка / машиностроение,PAIN_ACTION,металлическая стружка,waste,commercial,Отраслевая карточка,pain_action,3
утилизация шлам,industry,IND-036,Металлообработка / машиностроение,PAIN_ACTION,шлам,waste,commercial,Отраслевая карточка,pain_action,2
цена вывоза СОЖ,industry,IND-036,Металлообработка / машиностроение,PAIN_ACTION,СОЖ,waste,commercial,Отраслевая карточка,pain_action,3
цена вывоза ветошь,industry,IND-036,Металлообработка / машиностроение,PAIN_ACTION,ветошь,waste,commercial,Отраслевая карточка,pain_action,3
цена вывоза металлическая стружка,industry,IND-036,Металлообработка / машиностроение,PAIN_ACTION,металлическая стружка,waste,commercial,Отраслевая карточка,pain_action,4
цена вывоза шлам,industry,IND-036,Металлообработка / машиностроение,PAIN_ACTION,шлам,waste,commercial,Отраслевая карточка,pain_action,3
что делать с СОЖ,industry,IND-036,Металлообработка / машиностроение,PAIN_ACTION,СОЖ,waste,diagnostic,Отраслевая карточка,pain_action,4
что делать с ветошь,industry,IND-036,Металлообработка / машиностроение,PAIN_ACTION,ветошь,waste,diagnostic,Отраслевая карточка,pain_action,4
что делать с масла,industry,IND-036,Металлообработка / машиностроение,PAIN_ACTION,масла,general,diagnostic,Отраслевая карточка,pain_action,4
что делать с металлическая стружка,industry,IND-036,Металлообработка / машиностроение,PAIN_ACTION,металлическая стружка,waste,diagnostic,Отраслевая карточка,pain_action,5
что делать с сварочные выбросы,industry,IND-036,Металлообработка / машиностроение,PAIN_ACTION,сварочные выбросы,air,diagnostic,Воздух,pain_action,5
что делать с шлам,industry,IND-036,Металлообработка / машиностроение,PAIN_ACTION,шлам,waste,diagnostic,Отраслевая карточка,pain_action,4
СОЖ для металлообработка / машиностроение,industry,IND-036,Металлообработка / машиностроение,PAIN_X_INDUSTRY,СОЖ,waste,mixed,Отраслевая карточка,pain_x_industry,5
СОЖ металлообработка / машиностроение,industry,IND-036,Металлообработка / машиностроение,PAIN_X_INDUSTRY,СОЖ,waste,mixed,Отраслевая карточка,pain_x_industry,4
СОЖ на металлообработка / машиностроение,industry,IND-036,Металлообработка / машиностроение,PAIN_X_INDUSTRY,СОЖ,waste,mixed,Отраслевая карточка,pain_x_industry,5
ветошь для металлообработка / машиностроение,industry,IND-036,Металлообработка / машиностроение,PAIN_X_INDUSTRY,ветошь,waste,mixed,Отраслевая карточка,pain_x_industry,5
ветошь металлообработка / машиностроение,industry,IND-036,Металлообработка / машиностроение,PAIN_X_INDUSTRY,ветошь,waste,mixed,Отраслевая карточка,pain_x_industry,4
ветошь на металлообработка / машиностроение,industry,IND-036,Металлообработка / машиностроение,PAIN_X_INDUSTRY,ветошь,waste,mixed,Отраслевая карточка,pain_x_industry,5
вывоз СОЖ металлообработка / машиностроение,industry,IND-036,Металлообработка / машиностроение,PAIN_X_INDUSTRY,СОЖ,waste,commercial,Отраслевая карточка,pain_x_industry,5
вывоз ветошь металлообработка / машиностроение,industry,IND-036,Металлообработка / машиностроение,PAIN_X_INDUSTRY,ветошь,waste,commercial,Отраслевая карточка,pain_x_industry,5
вывоз масла металлообработка / машиностроение,industry,IND-036,Металлообработка / машиностроение,PAIN_X_INDUSTRY,масла,general,commercial,Отраслевая карточка,pain_x_industry,5
вывоз металлическая стружка металлообработка / машиностроение,industry,IND-036,Металлообработка / машиностроение,PAIN_X_INDUSTRY,металлическая стружка,waste,commercial,Отраслевая карточка,pain_x_industry,6
вывоз сварочные выбросы металлообработка / машиностроение,industry,IND-036,Металлообработка / машиностроение,PAIN_X_INDUSTRY,сварочные выбросы,air,commercial,Воздух,pain_x_industry,6
вывоз шлам металлообработка / машиностроение,industry,IND-036,Металлообработка / машиностроение,PAIN_X_INDUSTRY,шлам,waste,commercial,Отраслевая карточка,pain_x_industry,5
как учитывать СОЖ металлообработка / машиностроение,industry,IND-036,Металлообработка / машиностроение,PAIN_X_INDUSTRY,СОЖ,waste,diagnostic,Отраслевая карточка,pain_x_industry,6
как учитывать ветошь металлообработка / машиностроение,industry,IND-036,Металлообработка / машиностроение,PAIN_X_INDUSTRY,ветошь,waste,diagnostic,Отраслевая карточка,pain_x_industry,6
как учитывать масла металлообработка / машиностроение,industry,IND-036,Металлообработка / машиностроение,PAIN_X_INDUSTRY,масла,general,diagnostic,Отраслевая карточка,pain_x_industry,6
как учитывать металлическая стружка металлообработка / машиностроение,industry,IND-036,Металлообработка / машиностроение,PAIN_X_INDUSTRY,металлическая стружка,waste,diagnostic,Отраслевая карточка,pain_x_industry,7
как учитывать сварочные выбросы металлообработка / машиностроение,industry,IND-036,Металлообработка / машиностроение,PAIN_X_INDUSTRY,сварочные выбросы,air,diagnostic,Воздух,pain_x_industry,7
как учитывать шлам металлообработка / машиностроение,industry,IND-036,Металлообработка / машиностроение,PAIN_X_INDUSTRY,шлам,waste,diagnostic,Отраслевая карточка,pain_x_industry,6
как хранить СОЖ металлообработка / машиностроение,industry,IND-036,Металлообработка / машиностроение,PAIN_X_INDUSTRY,СОЖ,waste,diagnostic,Отраслевая карточка,pain_x_industry,6
как хранить ветошь металлообработка / машиностроение,industry,IND-036,Металлообработка / машиностроение,PAIN_X_INDUSTRY,ветошь,waste,diagnostic,Отраслевая карточка,pain_x_industry,6
как хранить масла металлообработка / машиностроение,industry,IND-036,Металлообработка / машиностроение,PAIN_X_INDUSTRY,масла,general,diagnostic,Отраслевая карточка,pain_x_industry,6
как хранить металлическая стружка металлообработка / машиностроение,industry,IND-036,Металлообработка / машиностроение,PAIN_X_INDUSTRY,металлическая стружка,waste,diagnostic,Отраслевая карточка,pain_x_industry,7
как хранить сварочные выбросы металлообработка / машиностроение,industry,IND-036,Металлообработка / машиностроение,PAIN_X_INDUSTRY,сварочные выбросы,air,diagnostic,Воздух,pain_x_industry,7
как хранить шлам металлообработка / машиностроение,industry,IND-036,Металлообработка / машиностроение,PAIN_X_INDUSTRY,шлам,waste,diagnostic,Отраслевая карточка,pain_x_industry,6
кто принимает СОЖ металлообработка / машиностроение,industry,IND-036,Металлообработка / машиностроение,PAIN_X_INDUSTRY,СОЖ,waste,diagnostic,Отраслевая карточка,pain_x_industry,6
кто принимает ветошь металлообработка / машиностроение,industry,IND-036,Металлообработка / машиностроение,PAIN_X_INDUSTRY,ветошь,waste,diagnostic,Отраслевая карточка,pain_x_industry,6
кто принимает масла металлообработка / машиностроение,industry,IND-036,Металлообработка / машиностроение,PAIN_X_INDUSTRY,масла,general,diagnostic,Отраслевая карточка,pain_x_industry,6
кто принимает металлическая стружка металлообработка / машиностроение,industry,IND-036,Металлообработка / машиностроение,PAIN_X_INDUSTRY,металлическая стружка,waste,diagnostic,Отраслевая карточка,pain_x_industry,7
кто принимает сварочные выбросы металлообработка / машиностроение,industry,IND-036,Металлообработка / машиностроение,PAIN_X_INDUSTRY,сварочные выбросы,air,diagnostic,Воздух,pain_x_industry,7
кто принимает шлам металлообработка / машиностроение,industry,IND-036,Металлообработка / машиностроение,PAIN_X_INDUSTRY,шлам,waste,diagnostic,Отраслевая карточка,pain_x_industry,6
куда девать СОЖ металлообработка / машиностроение,industry,IND-036,Металлообработка / машиностроение,PAIN_X_INDUSTRY,СОЖ,waste,diagnostic,Отраслевая карточка,pain_x_industry,6
куда девать ветошь металлообработка / машиностроение,industry,IND-036,Металлообработка / машиностроение,PAIN_X_INDUSTRY,ветошь,waste,diagnostic,Отраслевая карточка,pain_x_industry,6
куда девать масла металлообработка / машиностроение,industry,IND-036,Металлообработка / машиностроение,PAIN_X_INDUSTRY,масла,general,diagnostic,Отраслевая карточка,pain_x_industry,6
куда девать металлическая стружка металлообработка / машиностроение,industry,IND-036,Металлообработка / машиностроение,PAIN_X_INDUSTRY,металлическая стружка,waste,diagnostic,Отраслевая карточка,pain_x_industry,7
куда девать сварочные выбросы металлообработка / машиностроение,industry,IND-036,Металлообработка / машиностроение,PAIN_X_INDUSTRY,сварочные выбросы,air,diagnostic,Воздух,pain_x_industry,7
куда девать шлам металлообработка / машиностроение,industry,IND-036,Металлообработка / машиностроение,PAIN_X_INDUSTRY,шлам,waste,diagnostic,Отраслевая карточка,pain_x_industry,6
куда сдавать СОЖ металлообработка / машиностроение,industry,IND-036,Металлообработка / машиностроение,PAIN_X_INDUSTRY,СОЖ,waste,diagnostic,Отраслевая карточка,pain_x_industry,6
куда сдавать ветошь металлообработка / машиностроение,industry,IND-036,Металлообработка / машиностроение,PAIN_X_INDUSTRY,ветошь,waste,diagnostic,Отраслевая карточка,pain_x_industry,6
куда сдавать масла металлообработка / машиностроение,industry,IND-036,Металлообработка / машиностроение,PAIN_X_INDUSTRY,масла,general,diagnostic,Отраслевая карточка,pain_x_industry,6
куда сдавать металлическая стружка металлообработка / машиностроение,industry,IND-036,Металлообработка / машиностроение,PAIN_X_INDUSTRY,металлическая стружка,waste,diagnostic,Отраслевая карточка,pain_x_industry,7
куда сдавать сварочные выбросы металлообработка / машиностроение,industry,IND-036,Металлообработка / машиностроение,PAIN_X_INDUSTRY,сварочные выбросы,air,diagnostic,Воздух,pain_x_industry,7
куда сдавать шлам металлообработка / машиностроение,industry,IND-036,Металлообработка / машиностроение,PAIN_X_INDUSTRY,шлам,waste,diagnostic,Отраслевая карточка,pain_x_industry,6
масла для металлообработка / машиностроение,industry,IND-036,Металлообработка / машиностроение,PAIN_X_INDUSTRY,масла,general,mixed,Отраслевая карточка,pain_x_industry,5
масла металлообработка / машиностроение,industry,IND-036,Металлообработка / машиностроение,PAIN_X_INDUSTRY,масла,general,mixed,Отраслевая карточка,pain_x_industry,4
масла на металлообработка / машиностроение,industry,IND-036,Металлообработка / машиностроение,PAIN_X_INDUSTRY,масла,general,mixed,Отраслевая карточка,pain_x_industry,5
металлическая стружка для металлообработка / машиностроение,industry,IND-036,Металлообработка / машиностроение,PAIN_X_INDUSTRY,металлическая стружка,waste,mixed,Отраслевая карточка,pain_x_industry,6
металлическая стружка металлообработка / машиностроение,industry,IND-036,Металлообработка / машиностроение,PAIN_X_INDUSTRY,металлическая стружка,waste,mixed,Отраслевая карточка,pain_x_industry,5
металлическая стружка на металлообработка / машиностроение,industry,IND-036,Металлообработка / машиностроение,PAIN_X_INDUSTRY,металлическая стружка,waste,mixed,Отраслевая карточка,pain_x_industry,6
нужен ли договор на СОЖ металлообработка / машиностроение,industry,IND-036,Металлообработка / машиностроение,PAIN_X_INDUSTRY,СОЖ,waste,diagnostic,Отраслевая карточка,pain_x_industry,8
нужен ли договор на ветошь металлообработка / машиностроение,industry,IND-036,Металлообработка / машиностроение,PAIN_X_INDUSTRY,ветошь,waste,diagnostic,Отраслевая карточка,pain_x_industry,8
нужен ли договор на масла металлообработка / машиностроение,industry,IND-036,Металлообработка / машиностроение,PAIN_X_INDUSTRY,масла,general,diagnostic,Отраслевая карточка,pain_x_industry,8
нужен ли договор на металлическая стружка металлообработка / машиностроение,industry,IND-036,Металлообработка / машиностроение,PAIN_X_INDUSTRY,металлическая стружка,waste,diagnostic,Отраслевая карточка,pain_x_industry,9
нужен ли договор на сварочные выбросы металлообработка / машиностроение,industry,IND-036,Металлообработка / машиностроение,PAIN_X_INDUSTRY,сварочные выбросы,air,diagnostic,Воздух,pain_x_industry,9
нужен ли договор на шлам металлообработка / машиностроение,industry,IND-036,Металлообработка / машиностроение,PAIN_X_INDUSTRY,шлам,waste,diagnostic,Отраслевая карточка,pain_x_industry,8
нужен ли паспорт на СОЖ металлообработка / машиностроение,industry,IND-036,Металлообработка / машиностроение,PAIN_X_INDUSTRY,СОЖ,waste,diagnostic,Отраслевая карточка,pain_x_industry,8
нужен ли паспорт на ветошь металлообработка / машиностроение,industry,IND-036,Металлообработка / машиностроение,PAIN_X_INDUSTRY,ветошь,waste,diagnostic,Отраслевая карточка,pain_x_industry,8
нужен ли паспорт на масла металлообработка / машиностроение,industry,IND-036,Металлообработка / машиностроение,PAIN_X_INDUSTRY,масла,general,diagnostic,Отраслевая карточка,pain_x_industry,8
нужен ли паспорт на металлическая стружка металлообработка / машиностроение,industry,IND-036,Металлообработка / машиностроение,PAIN_X_INDUSTRY,металлическая стружка,waste,diagnostic,Отраслевая карточка,pain_x_industry,9
нужен ли паспорт на сварочные выбросы металлообработка / машиностроение,industry,IND-036,Металлообработка / машиностроение,PAIN_X_INDUSTRY,сварочные выбросы,air,diagnostic,Воздух,pain_x_industry,9
нужен ли паспорт на шлам металлообработка / машиностроение,industry,IND-036,Металлообработка / машиностроение,PAIN_X_INDUSTRY,шлам,waste,diagnostic,Отраслевая карточка,pain_x_industry,8
сварочные выбросы для металлообработка / машиностроение,industry,IND-036,Металлообработка / машиностроение,PAIN_X_INDUSTRY,сварочные выбросы,air,mixed,Воздух,pain_x_industry,6
сварочные выбросы металлообработка / машиностроение,industry,IND-036,Металлообработка / машиностроение,PAIN_X_INDUSTRY,сварочные выбросы,air,mixed,Воздух,pain_x_industry,5
сварочные выбросы на металлообработка / машиностроение,industry,IND-036,Металлообработка / машиностроение,PAIN_X_INDUSTRY,сварочные выбросы,air,mixed,Воздух,pain_x_industry,6
утилизация СОЖ металлообработка / машиностроение,industry,IND-036,Металлообработка / машиностроение,PAIN_X_INDUSTRY,СОЖ,waste,commercial,Отраслевая карточка,pain_x_industry,5
утилизация ветошь металлообработка / машиностроение,industry,IND-036,Металлообработка / машиностроение,PAIN_X_INDUSTRY,ветошь,waste,commercial,Отраслевая карточка,pain_x_industry,5
утилизация масла металлообработка / машиностроение,industry,IND-036,Металлообработка / машиностроение,PAIN_X_INDUSTRY,масла,general,commercial,Отраслевая карточка,pain_x_industry,5
утилизация металлическая стружка металлообработка / машиностроение,industry,IND-036,Металлообработка / машиностроение,PAIN_X_INDUSTRY,металлическая стружка,waste,commercial,Отраслевая карточка,pain_x_industry,6
утилизация сварочные выбросы металлообработка / машиностроение,industry,IND-036,Металлообработка / машиностроение,PAIN_X_INDUSTRY,сварочные выбросы,air,commercial,Воздух,pain_x_industry,6
утилизация шлам металлообработка / машиностроение,industry,IND-036,Металлообработка / машиностроение,PAIN_X_INDUSTRY,шлам,waste,commercial,Отраслевая карточка,pain_x_industry,5
цена утилизации СОЖ металлообработка / машиностроение,industry,IND-036,Металлообработка / машиностроение,PAIN_X_INDUSTRY,СОЖ,waste,commercial,Отраслевая карточка,pain_x_industry,6
цена утилизации ветошь металлообработка / машиностроение,industry,IND-036,Металлообработка / машиностроение,PAIN_X_INDUSTRY,ветошь,waste,commercial,Отраслевая карточка,pain_x_industry,6
цена утилизации масла металлообработка / машиностроение,industry,IND-036,Металлообработка / машиностроение,PAIN_X_INDUSTRY,масла,general,commercial,Отраслевая карточка,pain_x_industry,6
цена утилизации металлическая стружка металлообработка / машиностроение,industry,IND-036,Металлообработка / машиностроение,PAIN_X_INDUSTRY,металлическая стружка,waste,commercial,Отраслевая карточка,pain_x_industry,7
цена утилизации сварочные выбросы металлообработка / машиностроение,industry,IND-036,Металлообработка / машиностроение,PAIN_X_INDUSTRY,сварочные выбросы,air,commercial,Воздух,pain_x_industry,7
цена утилизации шлам металлообработка / машиностроение,industry,IND-036,Металлообработка / машиностроение,PAIN_X_INDUSTRY,шлам,waste,commercial,Отраслевая карточка,pain_x_industry,6
что делать с СОЖ металлообработка / машиностроение,industry,IND-036,Металлообработка / машиностроение,PAIN_X_INDUSTRY,СОЖ,waste,diagnostic,Отраслевая карточка,pain_x_industry,7
что делать с ветошь металлообработка / машиностроение,industry,IND-036,Металлообработка / машиностроение,PAIN_X_INDUSTRY,ветошь,waste,diagnostic,Отраслевая карточка,pain_x_industry,7
что делать с масла металлообработка / машиностроение,industry,IND-036,Металлообработка / машиностроение,PAIN_X_INDUSTRY,масла,general,diagnostic,Отраслевая карточка,pain_x_industry,7
что делать с металлическая стружка металлообработка / машиностроение,industry,IND-036,Металлообработка / машиностроение,PAIN_X_INDUSTRY,металлическая стружка,waste,diagnostic,Отраслевая карточка,pain_x_industry,8
что делать с сварочные выбросы металлообработка / машиностроение,industry,IND-036,Металлообработка / машиностроение,PAIN_X_INDUSTRY,сварочные выбросы,air,diagnostic,Воздух,pain_x_industry,8
что делать с шлам металлообработка / машиностроение,industry,IND-036,Металлообработка / машиностроение,PAIN_X_INDUSTRY,шлам,waste,diagnostic,Отраслевая карточка,pain_x_industry,7
шлам для металлообработка / машиностроение,industry,IND-036,Металлообработка / машиностроение,PAIN_X_INDUSTRY,шлам,waste,mixed,Отраслевая карточка,pain_x_industry,5
шлам металлообработка / машиностроение,industry,IND-036,Металлообработка / машиностроение,PAIN_X_INDUSTRY,шлам,waste,mixed,Отраслевая карточка,pain_x_industry,4
шлам на металлообработка / машиностроение,industry,IND-036,Металлообработка / машиностроение,PAIN_X_INDUSTRY,шлам,waste,mixed,Отраслевая карточка,pain_x_industry,5
2 тп отходы молочные производства,industry,IND-009,Молочные производства,INDUSTRY_DIRECT,,,mixed,Отходы / учёт и отчётность,industry_template,5
ПЭК молочные производства,industry,IND-009,Молочные производства,INDUSTRY_DIRECT,,,mixed,Отраслевая карточка,industry_template,3
выбросы молочные производства,industry,IND-009,Молочные производства,INDUSTRY_DIRECT,,,mixed,Воздух,industry_template,3
запуск молочные производства экологические документы,industry,IND-009,Молочные производства,INDUSTRY_DIRECT,,,urgent,Отраслевая карточка,industry_template,5
какая экологическая отчетность у молочные производства,industry,IND-009,Молочные производства,INDUSTRY_DIRECT,,,mixed,Отходы / учёт и отчётность,industry_template,6
какие требования по экологии молочные производства,industry,IND-009,Молочные производства,INDUSTRY_DIRECT,,,diagnostic,Отраслевая карточка,industry_template,6
какие экологические документы нужны молочные производства,industry,IND-009,Молочные производства,INDUSTRY_DIRECT,,,mixed,Отраслевая карточка,industry_template,6
категория НВОС молочные производства,industry,IND-009,Молочные производства,INDUSTRY_DIRECT,,,mixed,НВОС,industry_template,4
ливневые воды молочные производства,industry,IND-009,Молочные производства,INDUSTRY_DIRECT,,,mixed,Вода,industry_template,4
нужен ли эколог молочные производства,industry,IND-009,Молочные производства,INDUSTRY_DIRECT,,,diagnostic,Отраслевая карточка,industry_template,5
нужно ли ставить на учет НВОС молочные производства,industry,IND-009,Молочные производства,INDUSTRY_DIRECT,,,mixed,НВОС,industry_template,8
отходы молочные производства,industry,IND-009,Молочные производства,INDUSTRY_DIRECT,,,mixed,Отраслевая карточка,industry_template,3
очистные молочные производства,industry,IND-009,Молочные производства,INDUSTRY_DIRECT,,,mixed,Вода,industry_template,3
предписание экология молочные производства,industry,IND-009,Молочные производства,INDUSTRY_DIRECT,,,urgent,Отраслевая карточка,industry_template,4
проверка экология молочные производства,industry,IND-009,Молочные производства,INDUSTRY_DIRECT,,,urgent,Отраслевая карточка,industry_template,4
сточные воды молочные производства,industry,IND-009,Молочные производства,INDUSTRY_DIRECT,,,mixed,Вода,industry_template,4
учет отходов молочные производства,industry,IND-009,Молочные производства,INDUSTRY_DIRECT,,,mixed,Отходы / учёт и отчётность,industry_template,4
что нужно по экологии молочные производства,industry,IND-009,Молочные производства,INDUSTRY_DIRECT,,,mixed,Отраслевая карточка,industry_template,6
что сдавать по экологии молочные производства,industry,IND-009,Молочные производства,INDUSTRY_DIRECT,,,mixed,Отраслевая карточка,industry_template,6
штраф экология молочные производства,industry,IND-009,Молочные производства,INDUSTRY_DIRECT,,,urgent,Отраслевая карточка,industry_template,4
анализ сточные воды,industry,IND-009,Молочные производства,PAIN_ACTION,сточные воды,water,mixed,Вода,pain_action,3
вывоз осадок очистных,industry,IND-009,Молочные производства,PAIN_ACTION,осадок очистных,waste,commercial,Вода,pain_action,3
вывоз сыворотка,industry,IND-009,Молочные производства,PAIN_ACTION,сыворотка,waste,commercial,Отраслевая карточка,pain_action,2
вывоз упаковка,industry,IND-009,Молочные производства,PAIN_ACTION,упаковка,waste,commercial,Отраслевая карточка,pain_action,2
как накапливать осадок очистных,industry,IND-009,Молочные производства,PAIN_ACTION,осадок очистных,waste,mixed,Вода,pain_action,4
как накапливать сыворотка,industry,IND-009,Молочные производства,PAIN_ACTION,сыворотка,waste,mixed,Отраслевая карточка,pain_action,3
как накапливать упаковка,industry,IND-009,Молочные производства,PAIN_ACTION,упаковка,waste,mixed,Отраслевая карточка,pain_action,3
как очищать сточные воды,industry,IND-009,Молочные производства,PAIN_ACTION,сточные воды,water,mixed,Вода,pain_action,4
как учитывать моющие растворы,industry,IND-009,Молочные производства,PAIN_ACTION,моющие растворы,general,diagnostic,Отраслевая карточка,pain_action,4
как учитывать осадок очистных,industry,IND-009,Молочные производства,PAIN_ACTION,осадок очистных,waste,diagnostic,Вода,pain_action,4
как учитывать сыворотка,industry,IND-009,Молочные производства,PAIN_ACTION,сыворотка,waste,diagnostic,Отраслевая карточка,pain_action,3
как учитывать упаковка,industry,IND-009,Молочные производства,PAIN_ACTION,упаковка,waste,diagnostic,Отраслевая карточка,pain_action,3
как хранить осадок очистных,industry,IND-009,Молочные производства,PAIN_ACTION,осадок очистных,waste,diagnostic,Вода,pain_action,4
как хранить сыворотка,industry,IND-009,Молочные производства,PAIN_ACTION,сыворотка,waste,diagnostic,Отраслевая карточка,pain_action,3
как хранить упаковка,industry,IND-009,Молочные производства,PAIN_ACTION,упаковка,waste,diagnostic,Отраслевая карточка,pain_action,3
какой класс опасности осадок очистных,industry,IND-009,Молочные производства,PAIN_ACTION,осадок очистных,waste,mixed,Вода,pain_action,5
какой класс опасности сыворотка,industry,IND-009,Молочные производства,PAIN_ACTION,сыворотка,waste,mixed,Отраслевая карточка,pain_action,4
какой класс опасности упаковка,industry,IND-009,Молочные производства,PAIN_ACTION,упаковка,waste,mixed,Отраслевая карточка,pain_action,4
контроль сточные воды,industry,IND-009,Молочные производства,PAIN_ACTION,сточные воды,water,mixed,Вода,pain_action,3
кто забирает осадок очистных,industry,IND-009,Молочные производства,PAIN_ACTION,осадок очистных,waste,mixed,Вода,pain_action,4
кто забирает сыворотка,industry,IND-009,Молочные производства,PAIN_ACTION,сыворотка,waste,mixed,Отраслевая карточка,pain_action,3
кто забирает упаковка,industry,IND-009,Молочные производства,PAIN_ACTION,упаковка,waste,mixed,Отраслевая карточка,pain_action,3
кто принимает осадок очистных,industry,IND-009,Молочные производства,PAIN_ACTION,осадок очистных,waste,diagnostic,Вода,pain_action,4
кто принимает сыворотка,industry,IND-009,Молочные производства,PAIN_ACTION,сыворотка,waste,diagnostic,Отраслевая карточка,pain_action,3
кто принимает упаковка,industry,IND-009,Молочные производства,PAIN_ACTION,упаковка,waste,diagnostic,Отраслевая карточка,pain_action,3
куда девать осадок очистных,industry,IND-009,Молочные производства,PAIN_ACTION,осадок очистных,waste,diagnostic,Вода,pain_action,4
куда девать сыворотка,industry,IND-009,Молочные производства,PAIN_ACTION,сыворотка,waste,diagnostic,Отраслевая карточка,pain_action,3
куда девать упаковка,industry,IND-009,Молочные производства,PAIN_ACTION,упаковка,waste,diagnostic,Отраслевая карточка,pain_action,3
куда отводить сточные воды,industry,IND-009,Молочные производства,PAIN_ACTION,сточные воды,water,diagnostic,Вода,pain_action,4
куда передавать осадок очистных,industry,IND-009,Молочные производства,PAIN_ACTION,осадок очистных,waste,diagnostic,Вода,pain_action,4
куда передавать сыворотка,industry,IND-009,Молочные производства,PAIN_ACTION,сыворотка,waste,diagnostic,Отраслевая карточка,pain_action,3
куда передавать упаковка,industry,IND-009,Молочные производства,PAIN_ACTION,упаковка,waste,diagnostic,Отраслевая карточка,pain_action,3
куда сдавать осадок очистных,industry,IND-009,Молочные производства,PAIN_ACTION,осадок очистных,waste,diagnostic,Вода,pain_action,4
куда сдавать сыворотка,industry,IND-009,Молочные производства,PAIN_ACTION,сыворотка,waste,diagnostic,Отраслевая карточка,pain_action,3
куда сдавать упаковка,industry,IND-009,Молочные производства,PAIN_ACTION,упаковка,waste,diagnostic,Отраслевая карточка,pain_action,3
куда сливать сточные воды,industry,IND-009,Молочные производства,PAIN_ACTION,сточные воды,water,diagnostic,Вода,pain_action,4
можно ли выбрасывать осадок очистных,industry,IND-009,Молочные производства,PAIN_ACTION,осадок очистных,waste,mixed,Вода,pain_action,5
можно ли выбрасывать сыворотка,industry,IND-009,Молочные производства,PAIN_ACTION,сыворотка,waste,mixed,Отраслевая карточка,pain_action,4
можно ли выбрасывать упаковка,industry,IND-009,Молочные производства,PAIN_ACTION,упаковка,waste,mixed,Отраслевая карточка,pain_action,4
можно ли сбрасывать сточные воды,industry,IND-009,Молочные производства,PAIN_ACTION,сточные воды,water,mixed,Вода,pain_action,5
можно ли хранить осадок очистных на улице,industry,IND-009,Молочные производства,PAIN_ACTION,осадок очистных,waste,mixed,Вода,pain_action,7
можно ли хранить сыворотка на улице,industry,IND-009,Молочные производства,PAIN_ACTION,сыворотка,waste,mixed,Отраслевая карточка,pain_action,6
можно ли хранить упаковка на улице,industry,IND-009,Молочные производства,PAIN_ACTION,упаковка,waste,mixed,Отраслевая карточка,pain_action,6
нормативы сточные воды,industry,IND-009,Молочные производства,PAIN_ACTION,сточные воды,water,mixed,Вода,pain_action,3
нужен ли договор на осадок очистных,industry,IND-009,Молочные производства,PAIN_ACTION,осадок очистных,waste,diagnostic,Вода,pain_action,6
нужен ли договор на сыворотка,industry,IND-009,Молочные производства,PAIN_ACTION,сыворотка,waste,diagnostic,Отраслевая карточка,pain_action,5
нужен ли договор на упаковка,industry,IND-009,Молочные производства,PAIN_ACTION,упаковка,waste,diagnostic,Отраслевая карточка,pain_action,5
нужен ли паспорт на осадок очистных,industry,IND-009,Молочные производства,PAIN_ACTION,осадок очистных,waste,diagnostic,Вода,pain_action,6
нужен ли паспорт на сыворотка,industry,IND-009,Молочные производства,PAIN_ACTION,сыворотка,waste,diagnostic,Отраслевая карточка,pain_action,5
нужен ли паспорт на упаковка,industry,IND-009,Молочные производства,PAIN_ACTION,упаковка,waste,diagnostic,Отраслевая карточка,pain_action,5
нужны ли документы на моющие растворы,industry,IND-009,Молочные производства,PAIN_ACTION,моющие растворы,general,mixed,Отраслевая карточка,pain_action,6
нужны ли очистные для сточные воды,industry,IND-009,Молочные производства,PAIN_ACTION,сточные воды,water,mixed,Вода,pain_action,6
обезвреживание осадок очистных,industry,IND-009,Молочные производства,PAIN_ACTION,осадок очистных,waste,commercial,Вода,pain_action,3
обезвреживание сыворотка,industry,IND-009,Молочные производства,PAIN_ACTION,сыворотка,waste,commercial,Отраслевая карточка,pain_action,2
обезвреживание упаковка,industry,IND-009,Молочные производства,PAIN_ACTION,упаковка,waste,commercial,Отраслевая карточка,pain_action,2
переработка осадок очистных,industry,IND-009,Молочные производства,PAIN_ACTION,осадок очистных,waste,mixed,Вода,pain_action,3
переработка сыворотка,industry,IND-009,Молочные производства,PAIN_ACTION,сыворотка,waste,mixed,Отраслевая карточка,pain_action,2
переработка упаковка,industry,IND-009,Молочные производства,PAIN_ACTION,упаковка,waste,mixed,Отраслевая карточка,pain_action,2
прием осадок очистных,industry,IND-009,Молочные производства,PAIN_ACTION,осадок очистных,waste,mixed,Вода,pain_action,3
прием сыворотка,industry,IND-009,Молочные производства,PAIN_ACTION,сыворотка,waste,mixed,Отраслевая карточка,pain_action,2
прием упаковка,industry,IND-009,Молочные производства,PAIN_ACTION,упаковка,waste,mixed,Отраслевая карточка,pain_action,2
размещение осадок очистных,industry,IND-009,Молочные производства,PAIN_ACTION,осадок очистных,waste,commercial,Вода,pain_action,3
размещение сыворотка,industry,IND-009,Молочные производства,PAIN_ACTION,сыворотка,waste,commercial,Отраслевая карточка,pain_action,2
размещение упаковка,industry,IND-009,Молочные производства,PAIN_ACTION,упаковка,waste,commercial,Отраслевая карточка,pain_action,2
стоимость утилизации осадок очистных,industry,IND-009,Молочные производства,PAIN_ACTION,осадок очистных,waste,commercial,Вода,pain_action,4
стоимость утилизации сыворотка,industry,IND-009,Молочные производства,PAIN_ACTION,сыворотка,waste,commercial,Отраслевая карточка,pain_action,3
стоимость утилизации упаковка,industry,IND-009,Молочные производства,PAIN_ACTION,упаковка,waste,commercial,Отраслевая карточка,pain_action,3
требования к моющие растворы,industry,IND-009,Молочные производства,PAIN_ACTION,моющие растворы,general,mixed,Отраслевая карточка,pain_action,4
требования к сточные воды,industry,IND-009,Молочные производства,PAIN_ACTION,сточные воды,water,mixed,Вода,pain_action,4
утилизация осадок очистных,industry,IND-009,Молочные производства,PAIN_ACTION,осадок очистных,waste,commercial,Вода,pain_action,3
утилизация сыворотка,industry,IND-009,Молочные производства,PAIN_ACTION,сыворотка,waste,commercial,Отраслевая карточка,pain_action,2
утилизация упаковка,industry,IND-009,Молочные производства,PAIN_ACTION,упаковка,waste,commercial,Отраслевая карточка,pain_action,2
учет сточные воды,industry,IND-009,Молочные производства,PAIN_ACTION,сточные воды,water,mixed,Вода,pain_action,3
цена вывоза осадок очистных,industry,IND-009,Молочные производства,PAIN_ACTION,осадок очистных,waste,commercial,Вода,pain_action,4
цена вывоза сыворотка,industry,IND-009,Молочные производства,PAIN_ACTION,сыворотка,waste,commercial,Отраслевая карточка,pain_action,3
цена вывоза упаковка,industry,IND-009,Молочные производства,PAIN_ACTION,упаковка,waste,commercial,Отраслевая карточка,pain_action,3
что делать с моющие растворы,industry,IND-009,Молочные производства,PAIN_ACTION,моющие растворы,general,diagnostic,Отраслевая карточка,pain_action,5
что делать с осадок очистных,industry,IND-009,Молочные производства,PAIN_ACTION,осадок очистных,waste,diagnostic,Вода,pain_action,5
что делать с сточные воды,industry,IND-009,Молочные производства,PAIN_ACTION,сточные воды,water,diagnostic,Вода,pain_action,5
что делать с сыворотка,industry,IND-009,Молочные производства,PAIN_ACTION,сыворотка,waste,diagnostic,Отраслевая карточка,pain_action,4
что делать с упаковка,industry,IND-009,Молочные производства,PAIN_ACTION,упаковка,waste,diagnostic,Отраслевая карточка,pain_action,4
вывоз моющие растворы молочные производства,industry,IND-009,Молочные производства,PAIN_X_INDUSTRY,моющие растворы,general,commercial,Отраслевая карточка,pain_x_industry,5
вывоз осадок очистных молочные производства,industry,IND-009,Молочные производства,PAIN_X_INDUSTRY,осадок очистных,waste,commercial,Вода,pain_x_industry,5
вывоз сточные воды молочные производства,industry,IND-009,Молочные производства,PAIN_X_INDUSTRY,сточные воды,water,commercial,Вода,pain_x_industry,5
вывоз сыворотка молочные производства,industry,IND-009,Молочные производства,PAIN_X_INDUSTRY,сыворотка,waste,commercial,Отраслевая карточка,pain_x_industry,4
вывоз упаковка молочные производства,industry,IND-009,Молочные производства,PAIN_X_INDUSTRY,упаковка,waste,commercial,Отраслевая карточка,pain_x_industry,4
как учитывать моющие растворы молочные производства,industry,IND-009,Молочные производства,PAIN_X_INDUSTRY,моющие растворы,general,diagnostic,Отраслевая карточка,pain_x_industry,6
как учитывать осадок очистных молочные производства,industry,IND-009,Молочные производства,PAIN_X_INDUSTRY,осадок очистных,waste,diagnostic,Вода,pain_x_industry,6
как учитывать сточные воды молочные производства,industry,IND-009,Молочные производства,PAIN_X_INDUSTRY,сточные воды,water,diagnostic,Вода,pain_x_industry,6
как учитывать сыворотка молочные производства,industry,IND-009,Молочные производства,PAIN_X_INDUSTRY,сыворотка,waste,diagnostic,Отраслевая карточка,pain_x_industry,5
как учитывать упаковка молочные производства,industry,IND-009,Молочные производства,PAIN_X_INDUSTRY,упаковка,waste,diagnostic,Отраслевая карточка,pain_x_industry,5
как хранить моющие растворы молочные производства,industry,IND-009,Молочные производства,PAIN_X_INDUSTRY,моющие растворы,general,diagnostic,Отраслевая карточка,pain_x_industry,6
как хранить осадок очистных молочные производства,industry,IND-009,Молочные производства,PAIN_X_INDUSTRY,осадок очистных,waste,diagnostic,Вода,pain_x_industry,6
как хранить сточные воды молочные производства,industry,IND-009,Молочные производства,PAIN_X_INDUSTRY,сточные воды,water,diagnostic,Вода,pain_x_industry,6
как хранить сыворотка молочные производства,industry,IND-009,Молочные производства,PAIN_X_INDUSTRY,сыворотка,waste,diagnostic,Отраслевая карточка,pain_x_industry,5
как хранить упаковка молочные производства,industry,IND-009,Молочные производства,PAIN_X_INDUSTRY,упаковка,waste,diagnostic,Отраслевая карточка,pain_x_industry,5
кто принимает моющие растворы молочные производства,industry,IND-009,Молочные производства,PAIN_X_INDUSTRY,моющие растворы,general,diagnostic,Отраслевая карточка,pain_x_industry,6
кто принимает осадок очистных молочные производства,industry,IND-009,Молочные производства,PAIN_X_INDUSTRY,осадок очистных,waste,diagnostic,Вода,pain_x_industry,6
кто принимает сточные воды молочные производства,industry,IND-009,Молочные производства,PAIN_X_INDUSTRY,сточные воды,water,diagnostic,Вода,pain_x_industry,6
кто принимает сыворотка молочные производства,industry,IND-009,Молочные производства,PAIN_X_INDUSTRY,сыворотка,waste,diagnostic,Отраслевая карточка,pain_x_industry,5
кто принимает упаковка молочные производства,industry,IND-009,Молочные производства,PAIN_X_INDUSTRY,упаковка,waste,diagnostic,Отраслевая карточка,pain_x_industry,5
куда девать моющие растворы молочные производства,industry,IND-009,Молочные производства,PAIN_X_INDUSTRY,моющие растворы,general,diagnostic,Отраслевая карточка,pain_x_industry,6
куда девать осадок очистных молочные производства,industry,IND-009,Молочные производства,PAIN_X_INDUSTRY,осадок очистных,waste,diagnostic,Вода,pain_x_industry,6
куда девать сточные воды молочные производства,industry,IND-009,Молочные производства,PAIN_X_INDUSTRY,сточные воды,water,diagnostic,Вода,pain_x_industry,6
куда девать сыворотка молочные производства,industry,IND-009,Молочные производства,PAIN_X_INDUSTRY,сыворотка,waste,diagnostic,Отраслевая карточка,pain_x_industry,5
куда девать упаковка молочные производства,industry,IND-009,Молочные производства,PAIN_X_INDUSTRY,упаковка,waste,diagnostic,Отраслевая карточка,pain_x_industry,5
куда сдавать моющие растворы молочные производства,industry,IND-009,Молочные производства,PAIN_X_INDUSTRY,моющие растворы,general,diagnostic,Отраслевая карточка,pain_x_industry,6
куда сдавать осадок очистных молочные производства,industry,IND-009,Молочные производства,PAIN_X_INDUSTRY,осадок очистных,waste,diagnostic,Вода,pain_x_industry,6
куда сдавать сточные воды молочные производства,industry,IND-009,Молочные производства,PAIN_X_INDUSTRY,сточные воды,water,diagnostic,Вода,pain_x_industry,6
куда сдавать сыворотка молочные производства,industry,IND-009,Молочные производства,PAIN_X_INDUSTRY,сыворотка,waste,diagnostic,Отраслевая карточка,pain_x_industry,5
куда сдавать упаковка молочные производства,industry,IND-009,Молочные производства,PAIN_X_INDUSTRY,упаковка,waste,diagnostic,Отраслевая карточка,pain_x_industry,5
моющие растворы для молочные производства,industry,IND-009,Молочные производства,PAIN_X_INDUSTRY,моющие растворы,general,mixed,Отраслевая карточка,pain_x_industry,5
моющие растворы молочные производства,industry,IND-009,Молочные производства,PAIN_X_INDUSTRY,моющие растворы,general,mixed,Отраслевая карточка,pain_x_industry,4
моющие растворы на молочные производства,industry,IND-009,Молочные производства,PAIN_X_INDUSTRY,моющие растворы,general,mixed,Отраслевая карточка,pain_x_industry,5
нужен ли договор на моющие растворы молочные производства,industry,IND-009,Молочные производства,PAIN_X_INDUSTRY,моющие растворы,general,diagnostic,Отраслевая карточка,pain_x_industry,8
нужен ли договор на осадок очистных молочные производства,industry,IND-009,Молочные производства,PAIN_X_INDUSTRY,осадок очистных,waste,diagnostic,Вода,pain_x_industry,8
нужен ли договор на сточные воды молочные производства,industry,IND-009,Молочные производства,PAIN_X_INDUSTRY,сточные воды,water,diagnostic,Вода,pain_x_industry,8
нужен ли договор на сыворотка молочные производства,industry,IND-009,Молочные производства,PAIN_X_INDUSTRY,сыворотка,waste,diagnostic,Отраслевая карточка,pain_x_industry,7
нужен ли договор на упаковка молочные производства,industry,IND-009,Молочные производства,PAIN_X_INDUSTRY,упаковка,waste,diagnostic,Отраслевая карточка,pain_x_industry,7
нужен ли паспорт на моющие растворы молочные производства,industry,IND-009,Молочные производства,PAIN_X_INDUSTRY,моющие растворы,general,diagnostic,Отраслевая карточка,pain_x_industry,8
нужен ли паспорт на осадок очистных молочные производства,industry,IND-009,Молочные производства,PAIN_X_INDUSTRY,осадок очистных,waste,diagnostic,Вода,pain_x_industry,8
нужен ли паспорт на сточные воды молочные производства,industry,IND-009,Молочные производства,PAIN_X_INDUSTRY,сточные воды,water,diagnostic,Вода,pain_x_industry,8
нужен ли паспорт на сыворотка молочные производства,industry,IND-009,Молочные производства,PAIN_X_INDUSTRY,сыворотка,waste,diagnostic,Отраслевая карточка,pain_x_industry,7
нужен ли паспорт на упаковка молочные производства,industry,IND-009,Молочные производства,PAIN_X_INDUSTRY,упаковка,waste,diagnostic,Отраслевая карточка,pain_x_industry,7
осадок очистных для молочные производства,industry,IND-009,Молочные производства,PAIN_X_INDUSTRY,осадок очистных,waste,mixed,Вода,pain_x_industry,5
осадок очистных молочные производства,industry,IND-009,Молочные производства,PAIN_X_INDUSTRY,осадок очистных,waste,mixed,Вода,pain_x_industry,4
осадок очистных на молочные производства,industry,IND-009,Молочные производства,PAIN_X_INDUSTRY,осадок очистных,waste,mixed,Вода,pain_x_industry,5
сточные воды для молочные производства,industry,IND-009,Молочные производства,PAIN_X_INDUSTRY,сточные воды,water,mixed,Вода,pain_x_industry,5
сточные воды на молочные производства,industry,IND-009,Молочные производства,PAIN_X_INDUSTRY,сточные воды,water,mixed,Вода,pain_x_industry,5
сыворотка для молочные производства,industry,IND-009,Молочные производства,PAIN_X_INDUSTRY,сыворотка,waste,mixed,Отраслевая карточка,pain_x_industry,4
сыворотка молочные производства,industry,IND-009,Молочные производства,PAIN_X_INDUSTRY,сыворотка,waste,mixed,Отраслевая карточка,pain_x_industry,3
сыворотка на молочные производства,industry,IND-009,Молочные производства,PAIN_X_INDUSTRY,сыворотка,waste,mixed,Отраслевая карточка,pain_x_industry,4
упаковка для молочные производства,industry,IND-009,Молочные производства,PAIN_X_INDUSTRY,упаковка,waste,mixed,Отраслевая карточка,pain_x_industry,4
упаковка молочные производства,industry,IND-009,Молочные производства,PAIN_X_INDUSTRY,упаковка,waste,mixed,Отраслевая карточка,pain_x_industry,3
упаковка на молочные производства,industry,IND-009,Молочные производства,PAIN_X_INDUSTRY,упаковка,waste,mixed,Отраслевая карточка,pain_x_industry,4
утилизация моющие растворы молочные производства,industry,IND-009,Молочные производства,PAIN_X_INDUSTRY,моющие растворы,general,commercial,Отраслевая карточка,pain_x_industry,5
утилизация осадок очистных молочные производства,industry,IND-009,Молочные производства,PAIN_X_INDUSTRY,осадок очистных,waste,commercial,Вода,pain_x_industry,5
утилизация сточные воды молочные производства,industry,IND-009,Молочные производства,PAIN_X_INDUSTRY,сточные воды,water,commercial,Вода,pain_x_industry,5
утилизация сыворотка молочные производства,industry,IND-009,Молочные производства,PAIN_X_INDUSTRY,сыворотка,waste,commercial,Отраслевая карточка,pain_x_industry,4
утилизация упаковка молочные производства,industry,IND-009,Молочные производства,PAIN_X_INDUSTRY,упаковка,waste,commercial,Отраслевая карточка,pain_x_industry,4
цена утилизации моющие растворы молочные производства,industry,IND-009,Молочные производства,PAIN_X_INDUSTRY,моющие растворы,general,commercial,Отраслевая карточка,pain_x_industry,6
цена утилизации осадок очистных молочные производства,industry,IND-009,Молочные производства,PAIN_X_INDUSTRY,осадок очистных,waste,commercial,Вода,pain_x_industry,6
цена утилизации сточные воды молочные производства,industry,IND-009,Молочные производства,PAIN_X_INDUSTRY,сточные воды,water,commercial,Вода,pain_x_industry,6
цена утилизации сыворотка молочные производства,industry,IND-009,Молочные производства,PAIN_X_INDUSTRY,сыворотка,waste,commercial,Отраслевая карточка,pain_x_industry,5
цена утилизации упаковка молочные производства,industry,IND-009,Молочные производства,PAIN_X_INDUSTRY,упаковка,waste,commercial,Отраслевая карточка,pain_x_industry,5
что делать с моющие растворы молочные производства,industry,IND-009,Молочные производства,PAIN_X_INDUSTRY,моющие растворы,general,diagnostic,Отраслевая карточка,pain_x_industry,7
что делать с осадок очистных молочные производства,industry,IND-009,Молочные производства,PAIN_X_INDUSTRY,осадок очистных,waste,diagnostic,Вода,pain_x_industry,7
что делать с сточные воды молочные производства,industry,IND-009,Молочные производства,PAIN_X_INDUSTRY,сточные воды,water,diagnostic,Вода,pain_x_industry,7
что делать с сыворотка молочные производства,industry,IND-009,Молочные производства,PAIN_X_INDUSTRY,сыворотка,waste,diagnostic,Отраслевая карточка,pain_x_industry,6
что делать с упаковка молочные производства,industry,IND-009,Молочные производства,PAIN_X_INDUSTRY,упаковка,waste,diagnostic,Отраслевая карточка,pain_x_industry,6
2 тп отходы мясопереработка,industry,IND-008,Мясопереработка,INDUSTRY_DIRECT,,,mixed,Отходы / учёт и отчётность,industry_template,4
ПЭК мясопереработка,industry,IND-008,Мясопереработка,INDUSTRY_DIRECT,,,mixed,Отраслевая карточка,industry_template,2
выбросы мясопереработка,industry,IND-008,Мясопереработка,INDUSTRY_DIRECT,,,mixed,Воздух,industry_template,2
запуск мясопереработка экологические документы,industry,IND-008,Мясопереработка,INDUSTRY_DIRECT,,,urgent,Отраслевая карточка,industry_template,4
какая экологическая отчетность у мясопереработка,industry,IND-008,Мясопереработка,INDUSTRY_DIRECT,,,mixed,Отходы / учёт и отчётность,industry_template,5
какие требования по экологии мясопереработка,industry,IND-008,Мясопереработка,INDUSTRY_DIRECT,,,diagnostic,Отраслевая карточка,industry_template,5
какие экологические документы нужны мясопереработка,industry,IND-008,Мясопереработка,INDUSTRY_DIRECT,,,mixed,Отраслевая карточка,industry_template,5
категория НВОС мясопереработка,industry,IND-008,Мясопереработка,INDUSTRY_DIRECT,,,mixed,НВОС,industry_template,3
ливневые воды мясопереработка,industry,IND-008,Мясопереработка,INDUSTRY_DIRECT,,,mixed,Вода,industry_template,3
нужен ли эколог мясопереработка,industry,IND-008,Мясопереработка,INDUSTRY_DIRECT,,,diagnostic,Отраслевая карточка,industry_template,4
нужно ли ставить на учет НВОС мясопереработка,industry,IND-008,Мясопереработка,INDUSTRY_DIRECT,,,mixed,НВОС,industry_template,7
отходы мясопереработка,industry,IND-008,Мясопереработка,INDUSTRY_DIRECT,,,mixed,Отраслевая карточка,industry_template,2
очистные мясопереработка,industry,IND-008,Мясопереработка,INDUSTRY_DIRECT,,,mixed,Вода,industry_template,2
предписание экология мясопереработка,industry,IND-008,Мясопереработка,INDUSTRY_DIRECT,,,urgent,Отраслевая карточка,industry_template,3
проверка экология мясопереработка,industry,IND-008,Мясопереработка,INDUSTRY_DIRECT,,,urgent,Отраслевая карточка,industry_template,3
сточные воды мясопереработка,industry,IND-008,Мясопереработка,INDUSTRY_DIRECT,,,mixed,Вода,industry_template,3
учет отходов мясопереработка,industry,IND-008,Мясопереработка,INDUSTRY_DIRECT,,,mixed,Отходы / учёт и отчётность,industry_template,3
что нужно по экологии мясопереработка,industry,IND-008,Мясопереработка,INDUSTRY_DIRECT,,,mixed,Отраслевая карточка,industry_template,5
что сдавать по экологии мясопереработка,industry,IND-008,Мясопереработка,INDUSTRY_DIRECT,,,mixed,Отраслевая карточка,industry_template,5
штраф экология мясопереработка,industry,IND-008,Мясопереработка,INDUSTRY_DIRECT,,,urgent,Отраслевая карточка,industry_template,3
анализ сточные воды,industry,IND-008,Мясопереработка,PAIN_ACTION,сточные воды,water,mixed,Вода,pain_action,3
вывоз жир,industry,IND-008,Мясопереработка,PAIN_ACTION,жир,waste,commercial,Отраслевая карточка,pain_action,2
вывоз кости,industry,IND-008,Мясопереработка,PAIN_ACTION,кости,waste,commercial,Отраслевая карточка,pain_action,2
вывоз осадок очистных,industry,IND-008,Мясопереработка,PAIN_ACTION,осадок очистных,waste,commercial,Вода,pain_action,3
жалобы на запах,industry,IND-008,Мясопереработка,PAIN_ACTION,запах,air,mixed,Воздух,pain_action,3
как накапливать жир,industry,IND-008,Мясопереработка,PAIN_ACTION,жир,waste,mixed,Отраслевая карточка,pain_action,3
как накапливать кости,industry,IND-008,Мясопереработка,PAIN_ACTION,кости,waste,mixed,Отраслевая карточка,pain_action,3
как накапливать осадок очистных,industry,IND-008,Мясопереработка,PAIN_ACTION,осадок очистных,waste,mixed,Вода,pain_action,4
как очищать сточные воды,industry,IND-008,Мясопереработка,PAIN_ACTION,сточные воды,water,mixed,Вода,pain_action,4
как уменьшить запах,industry,IND-008,Мясопереработка,PAIN_ACTION,запах,air,mixed,Воздух,pain_action,3
как учитывать жир,industry,IND-008,Мясопереработка,PAIN_ACTION,жир,waste,diagnostic,Отраслевая карточка,pain_action,3
как учитывать кости,industry,IND-008,Мясопереработка,PAIN_ACTION,кости,waste,diagnostic,Отраслевая карточка,pain_action,3
как учитывать кровь,industry,IND-008,Мясопереработка,PAIN_ACTION,кровь,general,diagnostic,Отраслевая карточка,pain_action,3
как учитывать осадок очистных,industry,IND-008,Мясопереработка,PAIN_ACTION,осадок очистных,waste,diagnostic,Вода,pain_action,4
как хранить жир,industry,IND-008,Мясопереработка,PAIN_ACTION,жир,waste,diagnostic,Отраслевая карточка,pain_action,3
как хранить кости,industry,IND-008,Мясопереработка,PAIN_ACTION,кости,waste,diagnostic,Отраслевая карточка,pain_action,3
как хранить осадок очистных,industry,IND-008,Мясопереработка,PAIN_ACTION,осадок очистных,waste,diagnostic,Вода,pain_action,4
какой класс опасности жир,industry,IND-008,Мясопереработка,PAIN_ACTION,жир,waste,mixed,Отраслевая карточка,pain_action,4
какой класс опасности кости,industry,IND-008,Мясопереработка,PAIN_ACTION,кости,waste,mixed,Отраслевая карточка,pain_action,4
какой класс опасности осадок очистных,industry,IND-008,Мясопереработка,PAIN_ACTION,осадок очистных,waste,mixed,Вода,pain_action,5
контроль запах,industry,IND-008,Мясопереработка,PAIN_ACTION,запах,air,mixed,Воздух,pain_action,2
контроль сточные воды,industry,IND-008,Мясопереработка,PAIN_ACTION,сточные воды,water,mixed,Вода,pain_action,3
кто забирает жир,industry,IND-008,Мясопереработка,PAIN_ACTION,жир,waste,mixed,Отраслевая карточка,pain_action,3
кто забирает кости,industry,IND-008,Мясопереработка,PAIN_ACTION,кости,waste,mixed,Отраслевая карточка,pain_action,3
кто забирает осадок очистных,industry,IND-008,Мясопереработка,PAIN_ACTION,осадок очистных,waste,mixed,Вода,pain_action,4
кто принимает жир,industry,IND-008,Мясопереработка,PAIN_ACTION,жир,waste,diagnostic,Отраслевая карточка,pain_action,3
кто принимает кости,industry,IND-008,Мясопереработка,PAIN_ACTION,кости,waste,diagnostic,Отраслевая карточка,pain_action,3
кто принимает осадок очистных,industry,IND-008,Мясопереработка,PAIN_ACTION,осадок очистных,waste,diagnostic,Вода,pain_action,4
куда девать жир,industry,IND-008,Мясопереработка,PAIN_ACTION,жир,waste,diagnostic,Отраслевая карточка,pain_action,3
куда девать кости,industry,IND-008,Мясопереработка,PAIN_ACTION,кости,waste,diagnostic,Отраслевая карточка,pain_action,3
куда девать осадок очистных,industry,IND-008,Мясопереработка,PAIN_ACTION,осадок очистных,waste,diagnostic,Вода,pain_action,4
куда отводить сточные воды,industry,IND-008,Мясопереработка,PAIN_ACTION,сточные воды,water,diagnostic,Вода,pain_action,4
куда передавать жир,industry,IND-008,Мясопереработка,PAIN_ACTION,жир,waste,diagnostic,Отраслевая карточка,pain_action,3
куда передавать кости,industry,IND-008,Мясопереработка,PAIN_ACTION,кости,waste,diagnostic,Отраслевая карточка,pain_action,3
куда передавать осадок очистных,industry,IND-008,Мясопереработка,PAIN_ACTION,осадок очистных,waste,diagnostic,Вода,pain_action,4
куда сдавать жир,industry,IND-008,Мясопереработка,PAIN_ACTION,жир,waste,diagnostic,Отраслевая карточка,pain_action,3
куда сдавать кости,industry,IND-008,Мясопереработка,PAIN_ACTION,кости,waste,diagnostic,Отраслевая карточка,pain_action,3
куда сдавать осадок очистных,industry,IND-008,Мясопереработка,PAIN_ACTION,осадок очистных,waste,diagnostic,Вода,pain_action,4
куда сливать сточные воды,industry,IND-008,Мясопереработка,PAIN_ACTION,сточные воды,water,diagnostic,Вода,pain_action,4
можно ли выбрасывать жир,industry,IND-008,Мясопереработка,PAIN_ACTION,жир,waste,mixed,Отраслевая карточка,pain_action,4
можно ли выбрасывать кости,industry,IND-008,Мясопереработка,PAIN_ACTION,кости,waste,mixed,Отраслевая карточка,pain_action,4
можно ли выбрасывать осадок очистных,industry,IND-008,Мясопереработка,PAIN_ACTION,осадок очистных,waste,mixed,Вода,pain_action,5
можно ли сбрасывать сточные воды,industry,IND-008,Мясопереработка,PAIN_ACTION,сточные воды,water,mixed,Вода,pain_action,5
можно ли хранить жир на улице,industry,IND-008,Мясопереработка,PAIN_ACTION,жир,waste,mixed,Отраслевая карточка,pain_action,6
можно ли хранить кости на улице,industry,IND-008,Мясопереработка,PAIN_ACTION,кости,waste,mixed,Отраслевая карточка,pain_action,6
можно ли хранить осадок очистных на улице,industry,IND-008,Мясопереработка,PAIN_ACTION,осадок очистных,waste,mixed,Вода,pain_action,7
нормативы запах,industry,IND-008,Мясопереработка,PAIN_ACTION,запах,air,mixed,Воздух,pain_action,2
нормативы сточные воды,industry,IND-008,Мясопереработка,PAIN_ACTION,сточные воды,water,mixed,Вода,pain_action,3
нужен ли договор на жир,industry,IND-008,Мясопереработка,PAIN_ACTION,жир,waste,diagnostic,Отраслевая карточка,pain_action,5
нужен ли договор на кости,industry,IND-008,Мясопереработка,PAIN_ACTION,кости,waste,diagnostic,Отраслевая карточка,pain_action,5
нужен ли договор на осадок очистных,industry,IND-008,Мясопереработка,PAIN_ACTION,осадок очистных,waste,diagnostic,Вода,pain_action,6
нужен ли паспорт на жир,industry,IND-008,Мясопереработка,PAIN_ACTION,жир,waste,diagnostic,Отраслевая карточка,pain_action,5
нужен ли паспорт на кости,industry,IND-008,Мясопереработка,PAIN_ACTION,кости,waste,diagnostic,Отраслевая карточка,pain_action,5
нужен ли паспорт на осадок очистных,industry,IND-008,Мясопереработка,PAIN_ACTION,осадок очистных,waste,diagnostic,Вода,pain_action,6
нужна ли инвентаризация запах,industry,IND-008,Мясопереработка,PAIN_ACTION,запах,air,mixed,Воздух,pain_action,4
нужно ли учитывать запах,industry,IND-008,Мясопереработка,PAIN_ACTION,запах,air,mixed,Воздух,pain_action,4
нужны ли документы на кровь,industry,IND-008,Мясопереработка,PAIN_ACTION,кровь,general,mixed,Отраслевая карточка,pain_action,5
нужны ли очистные для сточные воды,industry,IND-008,Мясопереработка,PAIN_ACTION,сточные воды,water,mixed,Вода,pain_action,6
обезвреживание жир,industry,IND-008,Мясопереработка,PAIN_ACTION,жир,waste,commercial,Отраслевая карточка,pain_action,2
обезвреживание кости,industry,IND-008,Мясопереработка,PAIN_ACTION,кости,waste,commercial,Отраслевая карточка,pain_action,2
обезвреживание осадок очистных,industry,IND-008,Мясопереработка,PAIN_ACTION,осадок очистных,waste,commercial,Вода,pain_action,3
переработка жир,industry,IND-008,Мясопереработка,PAIN_ACTION,жир,waste,mixed,Отраслевая карточка,pain_action,2
переработка кости,industry,IND-008,Мясопереработка,PAIN_ACTION,кости,waste,mixed,Отраслевая карточка,pain_action,2
переработка осадок очистных,industry,IND-008,Мясопереработка,PAIN_ACTION,осадок очистных,waste,mixed,Вода,pain_action,3
прием жир,industry,IND-008,Мясопереработка,PAIN_ACTION,жир,waste,mixed,Отраслевая карточка,pain_action,2
прием кости,industry,IND-008,Мясопереработка,PAIN_ACTION,кости,waste,mixed,Отраслевая карточка,pain_action,2
прием осадок очистных,industry,IND-008,Мясопереработка,PAIN_ACTION,осадок очистных,waste,mixed,Вода,pain_action,3
размещение жир,industry,IND-008,Мясопереработка,PAIN_ACTION,жир,waste,commercial,Отраслевая карточка,pain_action,2
размещение кости,industry,IND-008,Мясопереработка,PAIN_ACTION,кости,waste,commercial,Отраслевая карточка,pain_action,2
размещение осадок очистных,industry,IND-008,Мясопереработка,PAIN_ACTION,осадок очистных,waste,commercial,Вода,pain_action,3
стоимость утилизации жир,industry,IND-008,Мясопереработка,PAIN_ACTION,жир,waste,commercial,Отраслевая карточка,pain_action,3
стоимость утилизации кости,industry,IND-008,Мясопереработка,PAIN_ACTION,кости,waste,commercial,Отраслевая карточка,pain_action,3
стоимость утилизации осадок очистных,industry,IND-008,Мясопереработка,PAIN_ACTION,осадок очистных,waste,commercial,Вода,pain_action,4
требования к запах,industry,IND-008,Мясопереработка,PAIN_ACTION,запах,air,mixed,Воздух,pain_action,3
требования к кровь,industry,IND-008,Мясопереработка,PAIN_ACTION,кровь,general,mixed,Отраслевая карточка,pain_action,3
требования к сточные воды,industry,IND-008,Мясопереработка,PAIN_ACTION,сточные воды,water,mixed,Вода,pain_action,4
утилизация жир,industry,IND-008,Мясопереработка,PAIN_ACTION,жир,waste,commercial,Отраслевая карточка,pain_action,2
утилизация кости,industry,IND-008,Мясопереработка,PAIN_ACTION,кости,waste,commercial,Отраслевая карточка,pain_action,2
утилизация осадок очистных,industry,IND-008,Мясопереработка,PAIN_ACTION,осадок очистных,waste,commercial,Вода,pain_action,3
учет сточные воды,industry,IND-008,Мясопереработка,PAIN_ACTION,сточные воды,water,mixed,Вода,pain_action,3
цена вывоза жир,industry,IND-008,Мясопереработка,PAIN_ACTION,жир,waste,commercial,Отраслевая карточка,pain_action,3
цена вывоза кости,industry,IND-008,Мясопереработка,PAIN_ACTION,кости,waste,commercial,Отраслевая карточка,pain_action,3
цена вывоза осадок очистных,industry,IND-008,Мясопереработка,PAIN_ACTION,осадок очистных,waste,commercial,Вода,pain_action,4
что делать с жир,industry,IND-008,Мясопереработка,PAIN_ACTION,жир,waste,diagnostic,Отраслевая карточка,pain_action,4
что делать с запах,industry,IND-008,Мясопереработка,PAIN_ACTION,запах,air,diagnostic,Воздух,pain_action,4
что делать с кости,industry,IND-008,Мясопереработка,PAIN_ACTION,кости,waste,diagnostic,Отраслевая карточка,pain_action,4
что делать с кровь,industry,IND-008,Мясопереработка,PAIN_ACTION,кровь,general,diagnostic,Отраслевая карточка,pain_action,4
что делать с осадок очистных,industry,IND-008,Мясопереработка,PAIN_ACTION,осадок очистных,waste,diagnostic,Вода,pain_action,5
что делать с сточные воды,industry,IND-008,Мясопереработка,PAIN_ACTION,сточные воды,water,diagnostic,Вода,pain_action,5
вывоз жир мясопереработка,industry,IND-008,Мясопереработка,PAIN_X_INDUSTRY,жир,waste,commercial,Отраслевая карточка,pain_x_industry,3
вывоз запах мясопереработка,industry,IND-008,Мясопереработка,PAIN_X_INDUSTRY,запах,air,commercial,Воздух,pain_x_industry,3
вывоз кости мясопереработка,industry,IND-008,Мясопереработка,PAIN_X_INDUSTRY,кости,waste,commercial,Отраслевая карточка,pain_x_industry,3
вывоз кровь мясопереработка,industry,IND-008,Мясопереработка,PAIN_X_INDUSTRY,кровь,general,commercial,Отраслевая карточка,pain_x_industry,3
вывоз осадок очистных мясопереработка,industry,IND-008,Мясопереработка,PAIN_X_INDUSTRY,осадок очистных,waste,commercial,Вода,pain_x_industry,4
вывоз сточные воды мясопереработка,industry,IND-008,Мясопереработка,PAIN_X_INDUSTRY,сточные воды,water,commercial,Вода,pain_x_industry,4
жир для мясопереработка,industry,IND-008,Мясопереработка,PAIN_X_INDUSTRY,жир,waste,mixed,Отраслевая карточка,pain_x_industry,3
жир мясопереработка,industry,IND-008,Мясопереработка,PAIN_X_INDUSTRY,жир,waste,mixed,Отраслевая карточка,pain_x_industry,2
жир на мясопереработка,industry,IND-008,Мясопереработка,PAIN_X_INDUSTRY,жир,waste,mixed,Отраслевая карточка,pain_x_industry,3
запах для мясопереработка,industry,IND-008,Мясопереработка,PAIN_X_INDUSTRY,запах,air,mixed,Воздух,pain_x_industry,3
запах мясопереработка,industry,IND-008,Мясопереработка,PAIN_X_INDUSTRY,запах,air,mixed,Воздух,pain_x_industry,2
запах на мясопереработка,industry,IND-008,Мясопереработка,PAIN_X_INDUSTRY,запах,air,mixed,Воздух,pain_x_industry,3
как учитывать жир мясопереработка,industry,IND-008,Мясопереработка,PAIN_X_INDUSTRY,жир,waste,diagnostic,Отраслевая карточка,pain_x_industry,4
как учитывать запах мясопереработка,industry,IND-008,Мясопереработка,PAIN_X_INDUSTRY,запах,air,diagnostic,Воздух,pain_x_industry,4
как учитывать кости мясопереработка,industry,IND-008,Мясопереработка,PAIN_X_INDUSTRY,кости,waste,diagnostic,Отраслевая карточка,pain_x_industry,4
как учитывать кровь мясопереработка,industry,IND-008,Мясопереработка,PAIN_X_INDUSTRY,кровь,general,diagnostic,Отраслевая карточка,pain_x_industry,4
как учитывать осадок очистных мясопереработка,industry,IND-008,Мясопереработка,PAIN_X_INDUSTRY,осадок очистных,waste,diagnostic,Вода,pain_x_industry,5
как учитывать сточные воды мясопереработка,industry,IND-008,Мясопереработка,PAIN_X_INDUSTRY,сточные воды,water,diagnostic,Вода,pain_x_industry,5
как хранить жир мясопереработка,industry,IND-008,Мясопереработка,PAIN_X_INDUSTRY,жир,waste,diagnostic,Отраслевая карточка,pain_x_industry,4
как хранить запах мясопереработка,industry,IND-008,Мясопереработка,PAIN_X_INDUSTRY,запах,air,diagnostic,Воздух,pain_x_industry,4
как хранить кости мясопереработка,industry,IND-008,Мясопереработка,PAIN_X_INDUSTRY,кости,waste,diagnostic,Отраслевая карточка,pain_x_industry,4
как хранить кровь мясопереработка,industry,IND-008,Мясопереработка,PAIN_X_INDUSTRY,кровь,general,diagnostic,Отраслевая карточка,pain_x_industry,4
как хранить осадок очистных мясопереработка,industry,IND-008,Мясопереработка,PAIN_X_INDUSTRY,осадок очистных,waste,diagnostic,Вода,pain_x_industry,5
как хранить сточные воды мясопереработка,industry,IND-008,Мясопереработка,PAIN_X_INDUSTRY,сточные воды,water,diagnostic,Вода,pain_x_industry,5
кости для мясопереработка,industry,IND-008,Мясопереработка,PAIN_X_INDUSTRY,кости,waste,mixed,Отраслевая карточка,pain_x_industry,3
кости мясопереработка,industry,IND-008,Мясопереработка,PAIN_X_INDUSTRY,кости,waste,mixed,Отраслевая карточка,pain_x_industry,2
кости на мясопереработка,industry,IND-008,Мясопереработка,PAIN_X_INDUSTRY,кости,waste,mixed,Отраслевая карточка,pain_x_industry,3
кровь для мясопереработка,industry,IND-008,Мясопереработка,PAIN_X_INDUSTRY,кровь,general,mixed,Отраслевая карточка,pain_x_industry,3
кровь мясопереработка,industry,IND-008,Мясопереработка,PAIN_X_INDUSTRY,кровь,general,mixed,Отраслевая карточка,pain_x_industry,2
кровь на мясопереработка,industry,IND-008,Мясопереработка,PAIN_X_INDUSTRY,кровь,general,mixed,Отраслевая карточка,pain_x_industry,3
кто принимает жир мясопереработка,industry,IND-008,Мясопереработка,PAIN_X_INDUSTRY,жир,waste,diagnostic,Отраслевая карточка,pain_x_industry,4
кто принимает запах мясопереработка,industry,IND-008,Мясопереработка,PAIN_X_INDUSTRY,запах,air,diagnostic,Воздух,pain_x_industry,4
кто принимает кости мясопереработка,industry,IND-008,Мясопереработка,PAIN_X_INDUSTRY,кости,waste,diagnostic,Отраслевая карточка,pain_x_industry,4
кто принимает кровь мясопереработка,industry,IND-008,Мясопереработка,PAIN_X_INDUSTRY,кровь,general,diagnostic,Отраслевая карточка,pain_x_industry,4
кто принимает осадок очистных мясопереработка,industry,IND-008,Мясопереработка,PAIN_X_INDUSTRY,осадок очистных,waste,diagnostic,Вода,pain_x_industry,5
кто принимает сточные воды мясопереработка,industry,IND-008,Мясопереработка,PAIN_X_INDUSTRY,сточные воды,water,diagnostic,Вода,pain_x_industry,5
куда девать жир мясопереработка,industry,IND-008,Мясопереработка,PAIN_X_INDUSTRY,жир,waste,diagnostic,Отраслевая карточка,pain_x_industry,4
куда девать запах мясопереработка,industry,IND-008,Мясопереработка,PAIN_X_INDUSTRY,запах,air,diagnostic,Воздух,pain_x_industry,4
куда девать кости мясопереработка,industry,IND-008,Мясопереработка,PAIN_X_INDUSTRY,кости,waste,diagnostic,Отраслевая карточка,pain_x_industry,4
куда девать кровь мясопереработка,industry,IND-008,Мясопереработка,PAIN_X_INDUSTRY,кровь,general,diagnostic,Отраслевая карточка,pain_x_industry,4
куда девать осадок очистных мясопереработка,industry,IND-008,Мясопереработка,PAIN_X_INDUSTRY,осадок очистных,waste,diagnostic,Вода,pain_x_industry,5
куда девать сточные воды мясопереработка,industry,IND-008,Мясопереработка,PAIN_X_INDUSTRY,сточные воды,water,diagnostic,Вода,pain_x_industry,5
куда сдавать жир мясопереработка,industry,IND-008,Мясопереработка,PAIN_X_INDUSTRY,жир,waste,diagnostic,Отраслевая карточка,pain_x_industry,4
куда сдавать запах мясопереработка,industry,IND-008,Мясопереработка,PAIN_X_INDUSTRY,запах,air,diagnostic,Воздух,pain_x_industry,4
куда сдавать кости мясопереработка,industry,IND-008,Мясопереработка,PAIN_X_INDUSTRY,кости,waste,diagnostic,Отраслевая карточка,pain_x_industry,4
куда сдавать кровь мясопереработка,industry,IND-008,Мясопереработка,PAIN_X_INDUSTRY,кровь,general,diagnostic,Отраслевая карточка,pain_x_industry,4
куда сдавать осадок очистных мясопереработка,industry,IND-008,Мясопереработка,PAIN_X_INDUSTRY,осадок очистных,waste,diagnostic,Вода,pain_x_industry,5
куда сдавать сточные воды мясопереработка,industry,IND-008,Мясопереработка,PAIN_X_INDUSTRY,сточные воды,water,diagnostic,Вода,pain_x_industry,5
нужен ли договор на жир мясопереработка,industry,IND-008,Мясопереработка,PAIN_X_INDUSTRY,жир,waste,diagnostic,Отраслевая карточка,pain_x_industry,6
нужен ли договор на запах мясопереработка,industry,IND-008,Мясопереработка,PAIN_X_INDUSTRY,запах,air,diagnostic,Воздух,pain_x_industry,6
нужен ли договор на кости мясопереработка,industry,IND-008,Мясопереработка,PAIN_X_INDUSTRY,кости,waste,diagnostic,Отраслевая карточка,pain_x_industry,6
нужен ли договор на кровь мясопереработка,industry,IND-008,Мясопереработка,PAIN_X_INDUSTRY,кровь,general,diagnostic,Отраслевая карточка,pain_x_industry,6
нужен ли договор на осадок очистных мясопереработка,industry,IND-008,Мясопереработка,PAIN_X_INDUSTRY,осадок очистных,waste,diagnostic,Вода,pain_x_industry,7
нужен ли договор на сточные воды мясопереработка,industry,IND-008,Мясопереработка,PAIN_X_INDUSTRY,сточные воды,water,diagnostic,Вода,pain_x_industry,7
нужен ли паспорт на жир мясопереработка,industry,IND-008,Мясопереработка,PAIN_X_INDUSTRY,жир,waste,diagnostic,Отраслевая карточка,pain_x_industry,6
нужен ли паспорт на запах мясопереработка,industry,IND-008,Мясопереработка,PAIN_X_INDUSTRY,запах,air,diagnostic,Воздух,pain_x_industry,6
нужен ли паспорт на кости мясопереработка,industry,IND-008,Мясопереработка,PAIN_X_INDUSTRY,кости,waste,diagnostic,Отраслевая карточка,pain_x_industry,6
нужен ли паспорт на кровь мясопереработка,industry,IND-008,Мясопереработка,PAIN_X_INDUSTRY,кровь,general,diagnostic,Отраслевая карточка,pain_x_industry,6
нужен ли паспорт на осадок очистных мясопереработка,industry,IND-008,Мясопереработка,PAIN_X_INDUSTRY,осадок очистных,waste,diagnostic,Вода,pain_x_industry,7
нужен ли паспорт на сточные воды мясопереработка,industry,IND-008,Мясопереработка,PAIN_X_INDUSTRY,сточные воды,water,diagnostic,Вода,pain_x_industry,7
осадок очистных для мясопереработка,industry,IND-008,Мясопереработка,PAIN_X_INDUSTRY,осадок очистных,waste,mixed,Вода,pain_x_industry,4
осадок очистных мясопереработка,industry,IND-008,Мясопереработка,PAIN_X_INDUSTRY,осадок очистных,waste,mixed,Вода,pain_x_industry,3
осадок очистных на мясопереработка,industry,IND-008,Мясопереработка,PAIN_X_INDUSTRY,осадок очистных,waste,mixed,Вода,pain_x_industry,4
сточные воды для мясопереработка,industry,IND-008,Мясопереработка,PAIN_X_INDUSTRY,сточные воды,water,mixed,Вода,pain_x_industry,4
сточные воды на мясопереработка,industry,IND-008,Мясопереработка,PAIN_X_INDUSTRY,сточные воды,water,mixed,Вода,pain_x_industry,4
утилизация жир мясопереработка,industry,IND-008,Мясопереработка,PAIN_X_INDUSTRY,жир,waste,commercial,Отраслевая карточка,pain_x_industry,3
утилизация запах мясопереработка,industry,IND-008,Мясопереработка,PAIN_X_INDUSTRY,запах,air,commercial,Воздух,pain_x_industry,3
утилизация кости мясопереработка,industry,IND-008,Мясопереработка,PAIN_X_INDUSTRY,кости,waste,commercial,Отраслевая карточка,pain_x_industry,3
утилизация кровь мясопереработка,industry,IND-008,Мясопереработка,PAIN_X_INDUSTRY,кровь,general,commercial,Отраслевая карточка,pain_x_industry,3
утилизация осадок очистных мясопереработка,industry,IND-008,Мясопереработка,PAIN_X_INDUSTRY,осадок очистных,waste,commercial,Вода,pain_x_industry,4
утилизация сточные воды мясопереработка,industry,IND-008,Мясопереработка,PAIN_X_INDUSTRY,сточные воды,water,commercial,Вода,pain_x_industry,4
цена утилизации жир мясопереработка,industry,IND-008,Мясопереработка,PAIN_X_INDUSTRY,жир,waste,commercial,Отраслевая карточка,pain_x_industry,4
цена утилизации запах мясопереработка,industry,IND-008,Мясопереработка,PAIN_X_INDUSTRY,запах,air,commercial,Воздух,pain_x_industry,4
цена утилизации кости мясопереработка,industry,IND-008,Мясопереработка,PAIN_X_INDUSTRY,кости,waste,commercial,Отраслевая карточка,pain_x_industry,4
цена утилизации кровь мясопереработка,industry,IND-008,Мясопереработка,PAIN_X_INDUSTRY,кровь,general,commercial,Отраслевая карточка,pain_x_industry,4
цена утилизации осадок очистных мясопереработка,industry,IND-008,Мясопереработка,PAIN_X_INDUSTRY,осадок очистных,waste,commercial,Вода,pain_x_industry,5
цена утилизации сточные воды мясопереработка,industry,IND-008,Мясопереработка,PAIN_X_INDUSTRY,сточные воды,water,commercial,Вода,pain_x_industry,5
что делать с жир мясопереработка,industry,IND-008,Мясопереработка,PAIN_X_INDUSTRY,жир,waste,diagnostic,Отраслевая карточка,pain_x_industry,5
что делать с запах мясопереработка,industry,IND-008,Мясопереработка,PAIN_X_INDUSTRY,запах,air,diagnostic,Воздух,pain_x_industry,5
что делать с кости мясопереработка,industry,IND-008,Мясопереработка,PAIN_X_INDUSTRY,кости,waste,diagnostic,Отраслевая карточка,pain_x_industry,5
что делать с кровь мясопереработка,industry,IND-008,Мясопереработка,PAIN_X_INDUSTRY,кровь,general,diagnostic,Отраслевая карточка,pain_x_industry,5
что делать с осадок очистных мясопереработка,industry,IND-008,Мясопереработка,PAIN_X_INDUSTRY,осадок очистных,waste,diagnostic,Вода,pain_x_industry,6
что делать с сточные воды мясопереработка,industry,IND-008,Мясопереработка,PAIN_X_INDUSTRY,сточные воды,water,diagnostic,Вода,pain_x_industry,6
2 тп отходы небольшие мастерские / цеха,industry,IND-058,Небольшие мастерские / цеха,INDUSTRY_DIRECT,,,mixed,Отходы / учёт и отчётность,industry_template,7
ПЭК небольшие мастерские / цеха,industry,IND-058,Небольшие мастерские / цеха,INDUSTRY_DIRECT,,,mixed,Отраслевая карточка,industry_template,5
выбросы небольшие мастерские / цеха,industry,IND-058,Небольшие мастерские / цеха,INDUSTRY_DIRECT,,,mixed,Воздух,industry_template,5
запуск небольшие мастерские / цеха экологические документы,industry,IND-058,Небольшие мастерские / цеха,INDUSTRY_DIRECT,,,urgent,Отраслевая карточка,industry_template,7
какая экологическая отчетность у небольшие мастерские / цеха,industry,IND-058,Небольшие мастерские / цеха,INDUSTRY_DIRECT,,,mixed,Отходы / учёт и отчётность,industry_template,8
какие требования по экологии небольшие мастерские / цеха,industry,IND-058,Небольшие мастерские / цеха,INDUSTRY_DIRECT,,,diagnostic,Отраслевая карточка,industry_template,8
какие экологические документы нужны небольшие мастерские / цеха,industry,IND-058,Небольшие мастерские / цеха,INDUSTRY_DIRECT,,,mixed,Отраслевая карточка,industry_template,8
категория НВОС небольшие мастерские / цеха,industry,IND-058,Небольшие мастерские / цеха,INDUSTRY_DIRECT,,,mixed,НВОС,industry_template,6
ливневые воды небольшие мастерские / цеха,industry,IND-058,Небольшие мастерские / цеха,INDUSTRY_DIRECT,,,mixed,Вода,industry_template,6
нужен ли эколог небольшие мастерские / цеха,industry,IND-058,Небольшие мастерские / цеха,INDUSTRY_DIRECT,,,diagnostic,Отраслевая карточка,industry_template,7
нужно ли ставить на учет НВОС небольшие мастерские / цеха,industry,IND-058,Небольшие мастерские / цеха,INDUSTRY_DIRECT,,,mixed,НВОС,industry_template,10
отходы небольшие мастерские / цеха,industry,IND-058,Небольшие мастерские / цеха,INDUSTRY_DIRECT,,,mixed,Отраслевая карточка,industry_template,5
очистные небольшие мастерские / цеха,industry,IND-058,Небольшие мастерские / цеха,INDUSTRY_DIRECT,,,mixed,Вода,industry_template,5
предписание экология небольшие мастерские / цеха,industry,IND-058,Небольшие мастерские / цеха,INDUSTRY_DIRECT,,,urgent,Отраслевая карточка,industry_template,6
проверка экология небольшие мастерские / цеха,industry,IND-058,Небольшие мастерские / цеха,INDUSTRY_DIRECT,,,urgent,Отраслевая карточка,industry_template,6
сточные воды небольшие мастерские / цеха,industry,IND-058,Небольшие мастерские / цеха,INDUSTRY_DIRECT,,,mixed,Вода,industry_template,6
учет отходов небольшие мастерские / цеха,industry,IND-058,Небольшие мастерские / цеха,INDUSTRY_DIRECT,,,mixed,Отходы / учёт и отчётность,industry_template,6
что нужно по экологии небольшие мастерские / цеха,industry,IND-058,Небольшие мастерские / цеха,INDUSTRY_DIRECT,,,mixed,Отраслевая карточка,industry_template,8
что сдавать по экологии небольшие мастерские / цеха,industry,IND-058,Небольшие мастерские / цеха,INDUSTRY_DIRECT,,,mixed,Отраслевая карточка,industry_template,8
штраф экология небольшие мастерские / цеха,industry,IND-058,Небольшие мастерские / цеха,INDUSTRY_DIRECT,,,urgent,Отраслевая карточка,industry_template,6
2 тп отходы нефтебазы / склады гсм,industry,IND-005,Нефтебазы / склады ГСМ,INDUSTRY_DIRECT,,,mixed,Отходы / учёт и отчётность,industry_template,7
ПЭК нефтебазы / склады гсм,industry,IND-005,Нефтебазы / склады ГСМ,INDUSTRY_DIRECT,,,mixed,Отраслевая карточка,industry_template,5
выбросы нефтебазы / склады гсм,industry,IND-005,Нефтебазы / склады ГСМ,INDUSTRY_DIRECT,,,mixed,Воздух,industry_template,5
запуск нефтебазы / склады гсм экологические документы,industry,IND-005,Нефтебазы / склады ГСМ,INDUSTRY_DIRECT,,,urgent,Отраслевая карточка,industry_template,7
какая экологическая отчетность у нефтебазы / склады гсм,industry,IND-005,Нефтебазы / склады ГСМ,INDUSTRY_DIRECT,,,mixed,Отходы / учёт и отчётность,industry_template,8
какие требования по экологии нефтебазы / склады гсм,industry,IND-005,Нефтебазы / склады ГСМ,INDUSTRY_DIRECT,,,diagnostic,Отраслевая карточка,industry_template,8
какие экологические документы нужны нефтебазы / склады гсм,industry,IND-005,Нефтебазы / склады ГСМ,INDUSTRY_DIRECT,,,mixed,Отраслевая карточка,industry_template,8
категория НВОС нефтебазы / склады гсм,industry,IND-005,Нефтебазы / склады ГСМ,INDUSTRY_DIRECT,,,mixed,НВОС,industry_template,6
ливневые воды нефтебазы / склады гсм,industry,IND-005,Нефтебазы / склады ГСМ,INDUSTRY_DIRECT,,,mixed,Вода,industry_template,6
нужен ли эколог нефтебазы / склады гсм,industry,IND-005,Нефтебазы / склады ГСМ,INDUSTRY_DIRECT,,,diagnostic,Отраслевая карточка,industry_template,7
нужно ли ставить на учет НВОС нефтебазы / склады гсм,industry,IND-005,Нефтебазы / склады ГСМ,INDUSTRY_DIRECT,,,mixed,НВОС,industry_template,10
отходы нефтебазы / склады гсм,industry,IND-005,Нефтебазы / склады ГСМ,INDUSTRY_DIRECT,,,mixed,Отраслевая карточка,industry_template,5
очистные нефтебазы / склады гсм,industry,IND-005,Нефтебазы / склады ГСМ,INDUSTRY_DIRECT,,,mixed,Вода,industry_template,5
предписание экология нефтебазы / склады гсм,industry,IND-005,Нефтебазы / склады ГСМ,INDUSTRY_DIRECT,,,urgent,Отраслевая карточка,industry_template,6
проверка экология нефтебазы / склады гсм,industry,IND-005,Нефтебазы / склады ГСМ,INDUSTRY_DIRECT,,,urgent,Отраслевая карточка,industry_template,6
сточные воды нефтебазы / склады гсм,industry,IND-005,Нефтебазы / склады ГСМ,INDUSTRY_DIRECT,,,mixed,Вода,industry_template,6
учет отходов нефтебазы / склады гсм,industry,IND-005,Нефтебазы / склады ГСМ,INDUSTRY_DIRECT,,,mixed,Отходы / учёт и отчётность,industry_template,6
что нужно по экологии нефтебазы / склады гсм,industry,IND-005,Нефтебазы / склады ГСМ,INDUSTRY_DIRECT,,,mixed,Отраслевая карточка,industry_template,8
что сдавать по экологии нефтебазы / склады гсм,industry,IND-005,Нефтебазы / склады ГСМ,INDUSTRY_DIRECT,,,mixed,Отраслевая карточка,industry_template,8
штраф экология нефтебазы / склады гсм,industry,IND-005,Нефтебазы / склады ГСМ,INDUSTRY_DIRECT,,,urgent,Отраслевая карточка,industry_template,6
анализ нефтесодержащие стоки,industry,IND-005,Нефтебазы / склады ГСМ,PAIN_ACTION,нефтесодержащие стоки,water,mixed,Отраслевая карточка,pain_action,3
вывоз нефтешлам,industry,IND-005,Нефтебазы / склады ГСМ,PAIN_ACTION,нефтешлам,waste,commercial,Отраслевая карточка,pain_action,2
вывоз сорбент,industry,IND-005,Нефтебазы / склады ГСМ,PAIN_ACTION,сорбент,waste,commercial,Отраслевая карточка,pain_action,2
как накапливать нефтешлам,industry,IND-005,Нефтебазы / склады ГСМ,PAIN_ACTION,нефтешлам,waste,mixed,Отраслевая карточка,pain_action,3
как накапливать сорбент,industry,IND-005,Нефтебазы / склады ГСМ,PAIN_ACTION,сорбент,waste,mixed,Отраслевая карточка,pain_action,3
как обслуживать резервуары,industry,IND-005,Нефтебазы / склады ГСМ,PAIN_ACTION,резервуары,equipment,mixed,Отраслевая карточка,pain_action,3
как оформить разлив нефтепродуктов,industry,IND-005,Нефтебазы / склады ГСМ,PAIN_ACTION,разлив нефтепродуктов,incident,commercial,Отраслевая карточка,pain_action,4
как очищать нефтесодержащие стоки,industry,IND-005,Нефтебазы / склады ГСМ,PAIN_ACTION,нефтесодержащие стоки,water,mixed,Отраслевая карточка,pain_action,4
как учитывать нефтешлам,industry,IND-005,Нефтебазы / склады ГСМ,PAIN_ACTION,нефтешлам,waste,diagnostic,Отраслевая карточка,pain_action,3
как учитывать сорбент,industry,IND-005,Нефтебазы / склады ГСМ,PAIN_ACTION,сорбент,waste,diagnostic,Отраслевая карточка,pain_action,3
как хранить нефтешлам,industry,IND-005,Нефтебазы / склады ГСМ,PAIN_ACTION,нефтешлам,waste,diagnostic,Отраслевая карточка,pain_action,3
как хранить сорбент,industry,IND-005,Нефтебазы / склады ГСМ,PAIN_ACTION,сорбент,waste,diagnostic,Отраслевая карточка,pain_action,3
какие документы на резервуары,industry,IND-005,Нефтебазы / склады ГСМ,PAIN_ACTION,резервуары,equipment,diagnostic,Отраслевая карточка,pain_action,4
какой класс опасности нефтешлам,industry,IND-005,Нефтебазы / склады ГСМ,PAIN_ACTION,нефтешлам,waste,mixed,Отраслевая карточка,pain_action,4
какой класс опасности сорбент,industry,IND-005,Нефтебазы / склады ГСМ,PAIN_ACTION,сорбент,waste,mixed,Отраслевая карточка,pain_action,4
контроль нефтесодержащие стоки,industry,IND-005,Нефтебазы / склады ГСМ,PAIN_ACTION,нефтесодержащие стоки,water,mixed,Отраслевая карточка,pain_action,3
кто забирает нефтешлам,industry,IND-005,Нефтебазы / склады ГСМ,PAIN_ACTION,нефтешлам,waste,mixed,Отраслевая карточка,pain_action,3
кто забирает сорбент,industry,IND-005,Нефтебазы / склады ГСМ,PAIN_ACTION,сорбент,waste,mixed,Отраслевая карточка,pain_action,3
кто отвечает за разлив нефтепродуктов,industry,IND-005,Нефтебазы / склады ГСМ,PAIN_ACTION,разлив нефтепродуктов,incident,mixed,Отраслевая карточка,pain_action,5
кто принимает нефтешлам,industry,IND-005,Нефтебазы / склады ГСМ,PAIN_ACTION,нефтешлам,waste,diagnostic,Отраслевая карточка,pain_action,3
кто принимает сорбент,industry,IND-005,Нефтебазы / склады ГСМ,PAIN_ACTION,сорбент,waste,diagnostic,Отраслевая карточка,pain_action,3
куда девать нефтешлам,industry,IND-005,Нефтебазы / склады ГСМ,PAIN_ACTION,нефтешлам,waste,diagnostic,Отраслевая карточка,pain_action,3
куда девать сорбент,industry,IND-005,Нефтебазы / склады ГСМ,PAIN_ACTION,сорбент,waste,diagnostic,Отраслевая карточка,pain_action,3
куда отводить нефтесодержащие стоки,industry,IND-005,Нефтебазы / склады ГСМ,PAIN_ACTION,нефтесодержащие стоки,water,diagnostic,Отраслевая карточка,pain_action,4
куда передавать нефтешлам,industry,IND-005,Нефтебазы / склады ГСМ,PAIN_ACTION,нефтешлам,waste,diagnostic,Отраслевая карточка,pain_action,3
куда передавать сорбент,industry,IND-005,Нефтебазы / склады ГСМ,PAIN_ACTION,сорбент,waste,diagnostic,Отраслевая карточка,pain_action,3
куда сдавать нефтешлам,industry,IND-005,Нефтебазы / склады ГСМ,PAIN_ACTION,нефтешлам,waste,diagnostic,Отраслевая карточка,pain_action,3
куда сдавать сорбент,industry,IND-005,Нефтебазы / склады ГСМ,PAIN_ACTION,сорбент,waste,diagnostic,Отраслевая карточка,pain_action,3
куда сливать нефтесодержащие стоки,industry,IND-005,Нефтебазы / склады ГСМ,PAIN_ACTION,нефтесодержащие стоки,water,diagnostic,Отраслевая карточка,pain_action,4
куда сообщать о разлив нефтепродуктов,industry,IND-005,Нефтебазы / склады ГСМ,PAIN_ACTION,разлив нефтепродуктов,incident,diagnostic,Отраслевая карточка,pain_action,5
можно ли выбрасывать нефтешлам,industry,IND-005,Нефтебазы / склады ГСМ,PAIN_ACTION,нефтешлам,waste,mixed,Отраслевая карточка,pain_action,4
можно ли выбрасывать сорбент,industry,IND-005,Нефтебазы / склады ГСМ,PAIN_ACTION,сорбент,waste,mixed,Отраслевая карточка,pain_action,4
можно ли сбрасывать нефтесодержащие стоки,industry,IND-005,Нефтебазы / склады ГСМ,PAIN_ACTION,нефтесодержащие стоки,water,mixed,Отраслевая карточка,pain_action,5
можно ли хранить нефтешлам на улице,industry,IND-005,Нефтебазы / склады ГСМ,PAIN_ACTION,нефтешлам,waste,mixed,Отраслевая карточка,pain_action,6
можно ли хранить сорбент на улице,industry,IND-005,Нефтебазы / склады ГСМ,PAIN_ACTION,сорбент,waste,mixed,Отраслевая карточка,pain_action,6
нормативы нефтесодержащие стоки,industry,IND-005,Нефтебазы / склады ГСМ,PAIN_ACTION,нефтесодержащие стоки,water,mixed,Отраслевая карточка,pain_action,3
нужен ли договор на нефтешлам,industry,IND-005,Нефтебазы / склады ГСМ,PAIN_ACTION,нефтешлам,waste,diagnostic,Отраслевая карточка,pain_action,5
нужен ли договор на сорбент,industry,IND-005,Нефтебазы / склады ГСМ,PAIN_ACTION,сорбент,waste,diagnostic,Отраслевая карточка,pain_action,5
нужен ли контроль резервуары,industry,IND-005,Нефтебазы / склады ГСМ,PAIN_ACTION,резервуары,equipment,diagnostic,Отраслевая карточка,pain_action,4
нужен ли паспорт на нефтешлам,industry,IND-005,Нефтебазы / склады ГСМ,PAIN_ACTION,нефтешлам,waste,diagnostic,Отраслевая карточка,pain_action,5
нужен ли паспорт на сорбент,industry,IND-005,Нефтебазы / склады ГСМ,PAIN_ACTION,сорбент,waste,diagnostic,Отраслевая карточка,pain_action,5
нужна ли резервуары,industry,IND-005,Нефтебазы / склады ГСМ,PAIN_ACTION,резервуары,equipment,mixed,Отраслевая карточка,pain_action,3
нужны ли очистные для нефтесодержащие стоки,industry,IND-005,Нефтебазы / склады ГСМ,PAIN_ACTION,нефтесодержащие стоки,water,mixed,Вода,pain_action,6
обезвреживание нефтешлам,industry,IND-005,Нефтебазы / склады ГСМ,PAIN_ACTION,нефтешлам,waste,commercial,Отраслевая карточка,pain_action,2
обезвреживание сорбент,industry,IND-005,Нефтебазы / склады ГСМ,PAIN_ACTION,сорбент,waste,commercial,Отраслевая карточка,pain_action,2
переработка нефтешлам,industry,IND-005,Нефтебазы / склады ГСМ,PAIN_ACTION,нефтешлам,waste,mixed,Отраслевая карточка,pain_action,2
переработка сорбент,industry,IND-005,Нефтебазы / склады ГСМ,PAIN_ACTION,сорбент,waste,mixed,Отраслевая карточка,pain_action,2
последствия разлив нефтепродуктов,industry,IND-005,Нефтебазы / склады ГСМ,PAIN_ACTION,разлив нефтепродуктов,incident,mixed,Отраслевая карточка,pain_action,3
прием нефтешлам,industry,IND-005,Нефтебазы / склады ГСМ,PAIN_ACTION,нефтешлам,waste,mixed,Отраслевая карточка,pain_action,2
прием сорбент,industry,IND-005,Нефтебазы / склады ГСМ,PAIN_ACTION,сорбент,waste,mixed,Отраслевая карточка,pain_action,2
проверка резервуары,industry,IND-005,Нефтебазы / склады ГСМ,PAIN_ACTION,резервуары,equipment,urgent,Отраслевая карточка,pain_action,2
размещение нефтешлам,industry,IND-005,Нефтебазы / склады ГСМ,PAIN_ACTION,нефтешлам,waste,commercial,Отраслевая карточка,pain_action,2
размещение сорбент,industry,IND-005,Нефтебазы / склады ГСМ,PAIN_ACTION,сорбент,waste,commercial,Отраслевая карточка,pain_action,2
стоимость утилизации нефтешлам,industry,IND-005,Нефтебазы / склады ГСМ,PAIN_ACTION,нефтешлам,waste,commercial,Отраслевая карточка,pain_action,3
стоимость утилизации сорбент,industry,IND-005,Нефтебазы / склады ГСМ,PAIN_ACTION,сорбент,waste,commercial,Отраслевая карточка,pain_action,3
требования к нефтесодержащие стоки,industry,IND-005,Нефтебазы / склады ГСМ,PAIN_ACTION,нефтесодержащие стоки,water,mixed,Отраслевая карточка,pain_action,4
требования к резервуары,industry,IND-005,Нефтебазы / склады ГСМ,PAIN_ACTION,резервуары,equipment,mixed,Отраслевая карточка,pain_action,3
утилизация нефтешлам,industry,IND-005,Нефтебазы / склады ГСМ,PAIN_ACTION,нефтешлам,waste,commercial,Отраслевая карточка,pain_action,2
утилизация сорбент,industry,IND-005,Нефтебазы / склады ГСМ,PAIN_ACTION,сорбент,waste,commercial,Отраслевая карточка,pain_action,2
учет нефтесодержащие стоки,industry,IND-005,Нефтебазы / склады ГСМ,PAIN_ACTION,нефтесодержащие стоки,water,mixed,Отраслевая карточка,pain_action,3
цена вывоза нефтешлам,industry,IND-005,Нефтебазы / склады ГСМ,PAIN_ACTION,нефтешлам,waste,commercial,Отраслевая карточка,pain_action,3
цена вывоза сорбент,industry,IND-005,Нефтебазы / склады ГСМ,PAIN_ACTION,сорбент,waste,commercial,Отраслевая карточка,pain_action,3
что делать если есть резервуары,industry,IND-005,Нефтебазы / склады ГСМ,PAIN_ACTION,резервуары,equipment,diagnostic,Отраслевая карточка,pain_action,5
что делать после разлив нефтепродуктов,industry,IND-005,Нефтебазы / склады ГСМ,PAIN_ACTION,разлив нефтепродуктов,incident,diagnostic,Отраслевая карточка,pain_action,5
что делать при разлив нефтепродуктов,industry,IND-005,Нефтебазы / склады ГСМ,PAIN_ACTION,разлив нефтепродуктов,incident,diagnostic,Отраслевая карточка,pain_action,5
что делать с нефтесодержащие стоки,industry,IND-005,Нефтебазы / склады ГСМ,PAIN_ACTION,нефтесодержащие стоки,water,diagnostic,Отраслевая карточка,pain_action,5
что делать с нефтешлам,industry,IND-005,Нефтебазы / склады ГСМ,PAIN_ACTION,нефтешлам,waste,diagnostic,Отраслевая карточка,pain_action,4
что делать с сорбент,industry,IND-005,Нефтебазы / склады ГСМ,PAIN_ACTION,сорбент,waste,diagnostic,Отраслевая карточка,pain_action,4
штраф за разлив нефтепродуктов,industry,IND-005,Нефтебазы / склады ГСМ,PAIN_ACTION,разлив нефтепродуктов,incident,urgent,Отраслевая карточка,pain_action,4
вывоз нефтесодержащие стоки нефтебазы / склады гсм,industry,IND-005,Нефтебазы / склады ГСМ,PAIN_X_INDUSTRY,нефтесодержащие стоки,water,commercial,Отраслевая карточка,pain_x_industry,7
вывоз нефтешлам нефтебазы / склады гсм,industry,IND-005,Нефтебазы / склады ГСМ,PAIN_X_INDUSTRY,нефтешлам,waste,commercial,Отраслевая карточка,pain_x_industry,6
вывоз разлив нефтепродуктов нефтебазы / склады гсм,industry,IND-005,Нефтебазы / склады ГСМ,PAIN_X_INDUSTRY,разлив нефтепродуктов,incident,commercial,Отраслевая карточка,pain_x_industry,7
вывоз резервуары нефтебазы / склады гсм,industry,IND-005,Нефтебазы / склады ГСМ,PAIN_X_INDUSTRY,резервуары,equipment,commercial,Отраслевая карточка,pain_x_industry,6
вывоз сорбент нефтебазы / склады гсм,industry,IND-005,Нефтебазы / склады ГСМ,PAIN_X_INDUSTRY,сорбент,waste,commercial,Отраслевая карточка,pain_x_industry,6
как учитывать нефтесодержащие стоки нефтебазы / склады гсм,industry,IND-005,Нефтебазы / склады ГСМ,PAIN_X_INDUSTRY,нефтесодержащие стоки,water,diagnostic,Отраслевая карточка,pain_x_industry,8
как учитывать нефтешлам нефтебазы / склады гсм,industry,IND-005,Нефтебазы / склады ГСМ,PAIN_X_INDUSTRY,нефтешлам,waste,diagnostic,Отраслевая карточка,pain_x_industry,7
как учитывать разлив нефтепродуктов нефтебазы / склады гсм,industry,IND-005,Нефтебазы / склады ГСМ,PAIN_X_INDUSTRY,разлив нефтепродуктов,incident,diagnostic,Отраслевая карточка,pain_x_industry,8
как учитывать резервуары нефтебазы / склады гсм,industry,IND-005,Нефтебазы / склады ГСМ,PAIN_X_INDUSTRY,резервуары,equipment,diagnostic,Отраслевая карточка,pain_x_industry,7
как учитывать сорбент нефтебазы / склады гсм,industry,IND-005,Нефтебазы / склады ГСМ,PAIN_X_INDUSTRY,сорбент,waste,diagnostic,Отраслевая карточка,pain_x_industry,7
как хранить нефтесодержащие стоки нефтебазы / склады гсм,industry,IND-005,Нефтебазы / склады ГСМ,PAIN_X_INDUSTRY,нефтесодержащие стоки,water,diagnostic,Отраслевая карточка,pain_x_industry,8
как хранить нефтешлам нефтебазы / склады гсм,industry,IND-005,Нефтебазы / склады ГСМ,PAIN_X_INDUSTRY,нефтешлам,waste,diagnostic,Отраслевая карточка,pain_x_industry,7
как хранить разлив нефтепродуктов нефтебазы / склады гсм,industry,IND-005,Нефтебазы / склады ГСМ,PAIN_X_INDUSTRY,разлив нефтепродуктов,incident,diagnostic,Отраслевая карточка,pain_x_industry,8
как хранить резервуары нефтебазы / склады гсм,industry,IND-005,Нефтебазы / склады ГСМ,PAIN_X_INDUSTRY,резервуары,equipment,diagnostic,Отраслевая карточка,pain_x_industry,7
как хранить сорбент нефтебазы / склады гсм,industry,IND-005,Нефтебазы / склады ГСМ,PAIN_X_INDUSTRY,сорбент,waste,diagnostic,Отраслевая карточка,pain_x_industry,7
кто принимает нефтесодержащие стоки нефтебазы / склады гсм,industry,IND-005,Нефтебазы / склады ГСМ,PAIN_X_INDUSTRY,нефтесодержащие стоки,water,diagnostic,Отраслевая карточка,pain_x_industry,8
кто принимает нефтешлам нефтебазы / склады гсм,industry,IND-005,Нефтебазы / склады ГСМ,PAIN_X_INDUSTRY,нефтешлам,waste,diagnostic,Отраслевая карточка,pain_x_industry,7
кто принимает разлив нефтепродуктов нефтебазы / склады гсм,industry,IND-005,Нефтебазы / склады ГСМ,PAIN_X_INDUSTRY,разлив нефтепродуктов,incident,diagnostic,Отраслевая карточка,pain_x_industry,8
кто принимает резервуары нефтебазы / склады гсм,industry,IND-005,Нефтебазы / склады ГСМ,PAIN_X_INDUSTRY,резервуары,equipment,diagnostic,Отраслевая карточка,pain_x_industry,7
кто принимает сорбент нефтебазы / склады гсм,industry,IND-005,Нефтебазы / склады ГСМ,PAIN_X_INDUSTRY,сорбент,waste,diagnostic,Отраслевая карточка,pain_x_industry,7
куда девать нефтесодержащие стоки нефтебазы / склады гсм,industry,IND-005,Нефтебазы / склады ГСМ,PAIN_X_INDUSTRY,нефтесодержащие стоки,water,diagnostic,Отраслевая карточка,pain_x_industry,8
куда девать нефтешлам нефтебазы / склады гсм,industry,IND-005,Нефтебазы / склады ГСМ,PAIN_X_INDUSTRY,нефтешлам,waste,diagnostic,Отраслевая карточка,pain_x_industry,7
куда девать разлив нефтепродуктов нефтебазы / склады гсм,industry,IND-005,Нефтебазы / склады ГСМ,PAIN_X_INDUSTRY,разлив нефтепродуктов,incident,diagnostic,Отраслевая карточка,pain_x_industry,8
куда девать резервуары нефтебазы / склады гсм,industry,IND-005,Нефтебазы / склады ГСМ,PAIN_X_INDUSTRY,резервуары,equipment,diagnostic,Отраслевая карточка,pain_x_industry,7
куда девать сорбент нефтебазы / склады гсм,industry,IND-005,Нефтебазы / склады ГСМ,PAIN_X_INDUSTRY,сорбент,waste,diagnostic,Отраслевая карточка,pain_x_industry,7
куда сдавать нефтесодержащие стоки нефтебазы / склады гсм,industry,IND-005,Нефтебазы / склады ГСМ,PAIN_X_INDUSTRY,нефтесодержащие стоки,water,diagnostic,Отраслевая карточка,pain_x_industry,8
куда сдавать нефтешлам нефтебазы / склады гсм,industry,IND-005,Нефтебазы / склады ГСМ,PAIN_X_INDUSTRY,нефтешлам,waste,diagnostic,Отраслевая карточка,pain_x_industry,7
куда сдавать разлив нефтепродуктов нефтебазы / склады гсм,industry,IND-005,Нефтебазы / склады ГСМ,PAIN_X_INDUSTRY,разлив нефтепродуктов,incident,diagnostic,Отраслевая карточка,pain_x_industry,8
куда сдавать резервуары нефтебазы / склады гсм,industry,IND-005,Нефтебазы / склады ГСМ,PAIN_X_INDUSTRY,резервуары,equipment,diagnostic,Отраслевая карточка,pain_x_industry,7
куда сдавать сорбент нефтебазы / склады гсм,industry,IND-005,Нефтебазы / склады ГСМ,PAIN_X_INDUSTRY,сорбент,waste,diagnostic,Отраслевая карточка,pain_x_industry,7
нефтесодержащие стоки для нефтебазы / склады гсм,industry,IND-005,Нефтебазы / склады ГСМ,PAIN_X_INDUSTRY,нефтесодержащие стоки,water,mixed,Отраслевая карточка,pain_x_industry,7
нефтесодержащие стоки на нефтебазы / склады гсм,industry,IND-005,Нефтебазы / склады ГСМ,PAIN_X_INDUSTRY,нефтесодержащие стоки,water,mixed,Отраслевая карточка,pain_x_industry,7
нефтесодержащие стоки нефтебазы / склады гсм,industry,IND-005,Нефтебазы / склады ГСМ,PAIN_X_INDUSTRY,нефтесодержащие стоки,water,mixed,Отраслевая карточка,pain_x_industry,6
нефтешлам для нефтебазы / склады гсм,industry,IND-005,Нефтебазы / склады ГСМ,PAIN_X_INDUSTRY,нефтешлам,waste,mixed,Отраслевая карточка,pain_x_industry,6
нефтешлам на нефтебазы / склады гсм,industry,IND-005,Нефтебазы / склады ГСМ,PAIN_X_INDUSTRY,нефтешлам,waste,mixed,Отраслевая карточка,pain_x_industry,6
нефтешлам нефтебазы / склады гсм,industry,IND-005,Нефтебазы / склады ГСМ,PAIN_X_INDUSTRY,нефтешлам,waste,mixed,Отраслевая карточка,pain_x_industry,5
нужен ли договор на нефтесодержащие стоки нефтебазы / склады гсм,industry,IND-005,Нефтебазы / склады ГСМ,PAIN_X_INDUSTRY,нефтесодержащие стоки,water,diagnostic,Отраслевая карточка,pain_x_industry,10
нужен ли договор на нефтешлам нефтебазы / склады гсм,industry,IND-005,Нефтебазы / склады ГСМ,PAIN_X_INDUSTRY,нефтешлам,waste,diagnostic,Отраслевая карточка,pain_x_industry,9
нужен ли договор на разлив нефтепродуктов нефтебазы / склады гсм,industry,IND-005,Нефтебазы / склады ГСМ,PAIN_X_INDUSTRY,разлив нефтепродуктов,incident,diagnostic,Отраслевая карточка,pain_x_industry,10
нужен ли договор на резервуары нефтебазы / склады гсм,industry,IND-005,Нефтебазы / склады ГСМ,PAIN_X_INDUSTRY,резервуары,equipment,diagnostic,Отраслевая карточка,pain_x_industry,9
нужен ли договор на сорбент нефтебазы / склады гсм,industry,IND-005,Нефтебазы / склады ГСМ,PAIN_X_INDUSTRY,сорбент,waste,diagnostic,Отраслевая карточка,pain_x_industry,9
нужен ли паспорт на нефтесодержащие стоки нефтебазы / склады гсм,industry,IND-005,Нефтебазы / склады ГСМ,PAIN_X_INDUSTRY,нефтесодержащие стоки,water,diagnostic,Отраслевая карточка,pain_x_industry,10
нужен ли паспорт на нефтешлам нефтебазы / склады гсм,industry,IND-005,Нефтебазы / склады ГСМ,PAIN_X_INDUSTRY,нефтешлам,waste,diagnostic,Отраслевая карточка,pain_x_industry,9
нужен ли паспорт на разлив нефтепродуктов нефтебазы / склады гсм,industry,IND-005,Нефтебазы / склады ГСМ,PAIN_X_INDUSTRY,разлив нефтепродуктов,incident,diagnostic,Отраслевая карточка,pain_x_industry,10
нужен ли паспорт на резервуары нефтебазы / склады гсм,industry,IND-005,Нефтебазы / склады ГСМ,PAIN_X_INDUSTRY,резервуары,equipment,diagnostic,Отраслевая карточка,pain_x_industry,9
нужен ли паспорт на сорбент нефтебазы / склады гсм,industry,IND-005,Нефтебазы / склады ГСМ,PAIN_X_INDUSTRY,сорбент,waste,diagnostic,Отраслевая карточка,pain_x_industry,9
разлив нефтепродуктов для нефтебазы / склады гсм,industry,IND-005,Нефтебазы / склады ГСМ,PAIN_X_INDUSTRY,разлив нефтепродуктов,incident,mixed,Отраслевая карточка,pain_x_industry,7
разлив нефтепродуктов на нефтебазы / склады гсм,industry,IND-005,Нефтебазы / склады ГСМ,PAIN_X_INDUSTRY,разлив нефтепродуктов,incident,mixed,Отраслевая карточка,pain_x_industry,7
разлив нефтепродуктов нефтебазы / склады гсм,industry,IND-005,Нефтебазы / склады ГСМ,PAIN_X_INDUSTRY,разлив нефтепродуктов,incident,mixed,Отраслевая карточка,pain_x_industry,6
резервуары для нефтебазы / склады гсм,industry,IND-005,Нефтебазы / склады ГСМ,PAIN_X_INDUSTRY,резервуары,equipment,mixed,Отраслевая карточка,pain_x_industry,6
резервуары на нефтебазы / склады гсм,industry,IND-005,Нефтебазы / склады ГСМ,PAIN_X_INDUSTRY,резервуары,equipment,mixed,Отраслевая карточка,pain_x_industry,6
резервуары нефтебазы / склады гсм,industry,IND-005,Нефтебазы / склады ГСМ,PAIN_X_INDUSTRY,резервуары,equipment,mixed,Отраслевая карточка,pain_x_industry,5
сорбент для нефтебазы / склады гсм,industry,IND-005,Нефтебазы / склады ГСМ,PAIN_X_INDUSTRY,сорбент,waste,mixed,Отраслевая карточка,pain_x_industry,6
сорбент на нефтебазы / склады гсм,industry,IND-005,Нефтебазы / склады ГСМ,PAIN_X_INDUSTRY,сорбент,waste,mixed,Отраслевая карточка,pain_x_industry,6
сорбент нефтебазы / склады гсм,industry,IND-005,Нефтебазы / склады ГСМ,PAIN_X_INDUSTRY,сорбент,waste,mixed,Отраслевая карточка,pain_x_industry,5
утилизация нефтесодержащие стоки нефтебазы / склады гсм,industry,IND-005,Нефтебазы / склады ГСМ,PAIN_X_INDUSTRY,нефтесодержащие стоки,water,commercial,Отраслевая карточка,pain_x_industry,7
утилизация нефтешлам нефтебазы / склады гсм,industry,IND-005,Нефтебазы / склады ГСМ,PAIN_X_INDUSTRY,нефтешлам,waste,commercial,Отраслевая карточка,pain_x_industry,6
утилизация разлив нефтепродуктов нефтебазы / склады гсм,industry,IND-005,Нефтебазы / склады ГСМ,PAIN_X_INDUSTRY,разлив нефтепродуктов,incident,commercial,Отраслевая карточка,pain_x_industry,7
утилизация резервуары нефтебазы / склады гсм,industry,IND-005,Нефтебазы / склады ГСМ,PAIN_X_INDUSTRY,резервуары,equipment,commercial,Отраслевая карточка,pain_x_industry,6
утилизация сорбент нефтебазы / склады гсм,industry,IND-005,Нефтебазы / склады ГСМ,PAIN_X_INDUSTRY,сорбент,waste,commercial,Отраслевая карточка,pain_x_industry,6
цена утилизации нефтесодержащие стоки нефтебазы / склады гсм,industry,IND-005,Нефтебазы / склады ГСМ,PAIN_X_INDUSTRY,нефтесодержащие стоки,water,commercial,Отраслевая карточка,pain_x_industry,8
цена утилизации нефтешлам нефтебазы / склады гсм,industry,IND-005,Нефтебазы / склады ГСМ,PAIN_X_INDUSTRY,нефтешлам,waste,commercial,Отраслевая карточка,pain_x_industry,7
цена утилизации разлив нефтепродуктов нефтебазы / склады гсм,industry,IND-005,Нефтебазы / склады ГСМ,PAIN_X_INDUSTRY,разлив нефтепродуктов,incident,commercial,Отраслевая карточка,pain_x_industry,8
цена утилизации резервуары нефтебазы / склады гсм,industry,IND-005,Нефтебазы / склады ГСМ,PAIN_X_INDUSTRY,резервуары,equipment,commercial,Отраслевая карточка,pain_x_industry,7
цена утилизации сорбент нефтебазы / склады гсм,industry,IND-005,Нефтебазы / склады ГСМ,PAIN_X_INDUSTRY,сорбент,waste,commercial,Отраслевая карточка,pain_x_industry,7
что делать с нефтесодержащие стоки нефтебазы / склады гсм,industry,IND-005,Нефтебазы / склады ГСМ,PAIN_X_INDUSTRY,нефтесодержащие стоки,water,diagnostic,Отраслевая карточка,pain_x_industry,9
что делать с нефтешлам нефтебазы / склады гсм,industry,IND-005,Нефтебазы / склады ГСМ,PAIN_X_INDUSTRY,нефтешлам,waste,diagnostic,Отраслевая карточка,pain_x_industry,8
что делать с разлив нефтепродуктов нефтебазы / склады гсм,industry,IND-005,Нефтебазы / склады ГСМ,PAIN_X_INDUSTRY,разлив нефтепродуктов,incident,diagnostic,Отраслевая карточка,pain_x_industry,9
что делать с резервуары нефтебазы / склады гсм,industry,IND-005,Нефтебазы / склады ГСМ,PAIN_X_INDUSTRY,резервуары,equipment,diagnostic,Отраслевая карточка,pain_x_industry,8
что делать с сорбент нефтебазы / склады гсм,industry,IND-005,Нефтебазы / склады ГСМ,PAIN_X_INDUSTRY,сорбент,waste,diagnostic,Отраслевая карточка,pain_x_industry,8
2 тп отходы ногтевые студии,industry,IND-053,Ногтевые студии,INDUSTRY_DIRECT,,,mixed,Отходы / учёт и отчётность,industry_template,5
ПЭК ногтевые студии,industry,IND-053,Ногтевые студии,INDUSTRY_DIRECT,,,mixed,Отраслевая карточка,industry_template,3
выбросы ногтевые студии,industry,IND-053,Ногтевые студии,INDUSTRY_DIRECT,,,mixed,Воздух,industry_template,3
запуск ногтевые студии экологические документы,industry,IND-053,Ногтевые студии,INDUSTRY_DIRECT,,,urgent,Отраслевая карточка,industry_template,5
какая экологическая отчетность у ногтевые студии,industry,IND-053,Ногтевые студии,INDUSTRY_DIRECT,,,mixed,Отходы / учёт и отчётность,industry_template,6
какие требования по экологии ногтевые студии,industry,IND-053,Ногтевые студии,INDUSTRY_DIRECT,,,diagnostic,Отраслевая карточка,industry_template,6
какие экологические документы нужны ногтевые студии,industry,IND-053,Ногтевые студии,INDUSTRY_DIRECT,,,mixed,Отраслевая карточка,industry_template,6
категория НВОС ногтевые студии,industry,IND-053,Ногтевые студии,INDUSTRY_DIRECT,,,mixed,НВОС,industry_template,4
ливневые воды ногтевые студии,industry,IND-053,Ногтевые студии,INDUSTRY_DIRECT,,,mixed,Вода,industry_template,4
нужен ли эколог ногтевые студии,industry,IND-053,Ногтевые студии,INDUSTRY_DIRECT,,,diagnostic,Отраслевая карточка,industry_template,5
нужно ли ставить на учет НВОС ногтевые студии,industry,IND-053,Ногтевые студии,INDUSTRY_DIRECT,,,mixed,НВОС,industry_template,8
отходы ногтевые студии,industry,IND-053,Ногтевые студии,INDUSTRY_DIRECT,,,mixed,Отраслевая карточка,industry_template,3
очистные ногтевые студии,industry,IND-053,Ногтевые студии,INDUSTRY_DIRECT,,,mixed,Вода,industry_template,3
предписание экология ногтевые студии,industry,IND-053,Ногтевые студии,INDUSTRY_DIRECT,,,urgent,Отраслевая карточка,industry_template,4
проверка экология ногтевые студии,industry,IND-053,Ногтевые студии,INDUSTRY_DIRECT,,,urgent,Отраслевая карточка,industry_template,4
сточные воды ногтевые студии,industry,IND-053,Ногтевые студии,INDUSTRY_DIRECT,,,mixed,Вода,industry_template,4
учет отходов ногтевые студии,industry,IND-053,Ногтевые студии,INDUSTRY_DIRECT,,,mixed,Отходы / учёт и отчётность,industry_template,4
что нужно по экологии ногтевые студии,industry,IND-053,Ногтевые студии,INDUSTRY_DIRECT,,,mixed,Отраслевая карточка,industry_template,6
что сдавать по экологии ногтевые студии,industry,IND-053,Ногтевые студии,INDUSTRY_DIRECT,,,mixed,Отраслевая карточка,industry_template,6
штраф экология ногтевые студии,industry,IND-053,Ногтевые студии,INDUSTRY_DIRECT,,,urgent,Отраслевая карточка,industry_template,4
2 тп отходы общественное питание / фабрики-кухни,industry,IND-012,Общественное питание / фабрики-кухни,INDUSTRY_DIRECT,,,mixed,Отходы / учёт и отчётность,industry_template,7
ПЭК общественное питание / фабрики-кухни,industry,IND-012,Общественное питание / фабрики-кухни,INDUSTRY_DIRECT,,,mixed,Отраслевая карточка,industry_template,5
выбросы общественное питание / фабрики-кухни,industry,IND-012,Общественное питание / фабрики-кухни,INDUSTRY_DIRECT,,,mixed,Воздух,industry_template,5
запуск общественное питание / фабрики-кухни экологические документы,industry,IND-012,Общественное питание / фабрики-кухни,INDUSTRY_DIRECT,,,urgent,Отраслевая карточка,industry_template,7
какая экологическая отчетность у общественное питание / фабрики-кухни,industry,IND-012,Общественное питание / фабрики-кухни,INDUSTRY_DIRECT,,,mixed,Отходы / учёт и отчётность,industry_template,8
какие требования по экологии общественное питание / фабрики-кухни,industry,IND-012,Общественное питание / фабрики-кухни,INDUSTRY_DIRECT,,,diagnostic,Отраслевая карточка,industry_template,8
какие экологические документы нужны общественное питание / фабрики-кухни,industry,IND-012,Общественное питание / фабрики-кухни,INDUSTRY_DIRECT,,,mixed,Отраслевая карточка,industry_template,8
категория НВОС общественное питание / фабрики-кухни,industry,IND-012,Общественное питание / фабрики-кухни,INDUSTRY_DIRECT,,,mixed,НВОС,industry_template,6
ливневые воды общественное питание / фабрики-кухни,industry,IND-012,Общественное питание / фабрики-кухни,INDUSTRY_DIRECT,,,mixed,Вода,industry_template,6
нужен ли эколог общественное питание / фабрики-кухни,industry,IND-012,Общественное питание / фабрики-кухни,INDUSTRY_DIRECT,,,diagnostic,Отраслевая карточка,industry_template,7
нужно ли ставить на учет НВОС общественное питание / фабрики-кухни,industry,IND-012,Общественное питание / фабрики-кухни,INDUSTRY_DIRECT,,,mixed,НВОС,industry_template,10
отходы общественное питание / фабрики-кухни,industry,IND-012,Общественное питание / фабрики-кухни,INDUSTRY_DIRECT,,,mixed,Отраслевая карточка,industry_template,5
очистные общественное питание / фабрики-кухни,industry,IND-012,Общественное питание / фабрики-кухни,INDUSTRY_DIRECT,,,mixed,Вода,industry_template,5
предписание экология общественное питание / фабрики-кухни,industry,IND-012,Общественное питание / фабрики-кухни,INDUSTRY_DIRECT,,,urgent,Отраслевая карточка,industry_template,6
проверка экология общественное питание / фабрики-кухни,industry,IND-012,Общественное питание / фабрики-кухни,INDUSTRY_DIRECT,,,urgent,Отраслевая карточка,industry_template,6
сточные воды общественное питание / фабрики-кухни,industry,IND-012,Общественное питание / фабрики-кухни,INDUSTRY_DIRECT,,,mixed,Вода,industry_template,6
учет отходов общественное питание / фабрики-кухни,industry,IND-012,Общественное питание / фабрики-кухни,INDUSTRY_DIRECT,,,mixed,Отходы / учёт и отчётность,industry_template,6
что нужно по экологии общественное питание / фабрики-кухни,industry,IND-012,Общественное питание / фабрики-кухни,INDUSTRY_DIRECT,,,mixed,Отраслевая карточка,industry_template,8
что сдавать по экологии общественное питание / фабрики-кухни,industry,IND-012,Общественное питание / фабрики-кухни,INDUSTRY_DIRECT,,,mixed,Отраслевая карточка,industry_template,8
штраф экология общественное питание / фабрики-кухни,industry,IND-012,Общественное питание / фабрики-кухни,INDUSTRY_DIRECT,,,urgent,Отраслевая карточка,industry_template,6
анализ сточные воды,industry,IND-012,Общественное питание / фабрики-кухни,PAIN_ACTION,сточные воды,water,mixed,Вода,pain_action,3
вывоз пищевые отходы,industry,IND-012,Общественное питание / фабрики-кухни,PAIN_ACTION,пищевые отходы,waste,commercial,Отраслевая карточка,pain_action,3
вывоз упаковка,industry,IND-012,Общественное питание / фабрики-кухни,PAIN_ACTION,упаковка,waste,commercial,Отраслевая карточка,pain_action,2
вывоз фритюрное масло,industry,IND-012,Общественное питание / фабрики-кухни,PAIN_ACTION,фритюрное масло,waste,commercial,Отраслевая карточка,pain_action,3
как накапливать пищевые отходы,industry,IND-012,Общественное питание / фабрики-кухни,PAIN_ACTION,пищевые отходы,waste,mixed,Отраслевая карточка,pain_action,4
как накапливать упаковка,industry,IND-012,Общественное питание / фабрики-кухни,PAIN_ACTION,упаковка,waste,mixed,Отраслевая карточка,pain_action,3
как накапливать фритюрное масло,industry,IND-012,Общественное питание / фабрики-кухни,PAIN_ACTION,фритюрное масло,waste,mixed,Отраслевая карточка,pain_action,4
как обслуживать жироуловитель,industry,IND-012,Общественное питание / фабрики-кухни,PAIN_ACTION,жироуловитель,equipment,mixed,Отраслевая карточка,pain_action,3
как очищать сточные воды,industry,IND-012,Общественное питание / фабрики-кухни,PAIN_ACTION,сточные воды,water,mixed,Вода,pain_action,4
как учитывать пищевые отходы,industry,IND-012,Общественное питание / фабрики-кухни,PAIN_ACTION,пищевые отходы,waste,diagnostic,Отраслевая карточка,pain_action,4
как учитывать упаковка,industry,IND-012,Общественное питание / фабрики-кухни,PAIN_ACTION,упаковка,waste,diagnostic,Отраслевая карточка,pain_action,3
как учитывать фритюрное масло,industry,IND-012,Общественное питание / фабрики-кухни,PAIN_ACTION,фритюрное масло,waste,diagnostic,Отраслевая карточка,pain_action,4
как хранить пищевые отходы,industry,IND-012,Общественное питание / фабрики-кухни,PAIN_ACTION,пищевые отходы,waste,diagnostic,Отраслевая карточка,pain_action,4
как хранить упаковка,industry,IND-012,Общественное питание / фабрики-кухни,PAIN_ACTION,упаковка,waste,diagnostic,Отраслевая карточка,pain_action,3
как хранить фритюрное масло,industry,IND-012,Общественное питание / фабрики-кухни,PAIN_ACTION,фритюрное масло,waste,diagnostic,Отраслевая карточка,pain_action,4
какие документы на жироуловитель,industry,IND-012,Общественное питание / фабрики-кухни,PAIN_ACTION,жироуловитель,equipment,diagnostic,Отраслевая карточка,pain_action,4
какой класс опасности пищевые отходы,industry,IND-012,Общественное питание / фабрики-кухни,PAIN_ACTION,пищевые отходы,waste,mixed,Отраслевая карточка,pain_action,5
какой класс опасности упаковка,industry,IND-012,Общественное питание / фабрики-кухни,PAIN_ACTION,упаковка,waste,mixed,Отраслевая карточка,pain_action,4
какой класс опасности фритюрное масло,industry,IND-012,Общественное питание / фабрики-кухни,PAIN_ACTION,фритюрное масло,waste,mixed,Отраслевая карточка,pain_action,5
контроль сточные воды,industry,IND-012,Общественное питание / фабрики-кухни,PAIN_ACTION,сточные воды,water,mixed,Вода,pain_action,3
кто забирает пищевые отходы,industry,IND-012,Общественное питание / фабрики-кухни,PAIN_ACTION,пищевые отходы,waste,mixed,Отраслевая карточка,pain_action,4
кто забирает упаковка,industry,IND-012,Общественное питание / фабрики-кухни,PAIN_ACTION,упаковка,waste,mixed,Отраслевая карточка,pain_action,3
кто забирает фритюрное масло,industry,IND-012,Общественное питание / фабрики-кухни,PAIN_ACTION,фритюрное масло,waste,mixed,Отраслевая карточка,pain_action,4
кто принимает пищевые отходы,industry,IND-012,Общественное питание / фабрики-кухни,PAIN_ACTION,пищевые отходы,waste,diagnostic,Отраслевая карточка,pain_action,4
кто принимает упаковка,industry,IND-012,Общественное питание / фабрики-кухни,PAIN_ACTION,упаковка,waste,diagnostic,Отраслевая карточка,pain_action,3
кто принимает фритюрное масло,industry,IND-012,Общественное питание / фабрики-кухни,PAIN_ACTION,фритюрное масло,waste,diagnostic,Отраслевая карточка,pain_action,4
куда девать пищевые отходы,industry,IND-012,Общественное питание / фабрики-кухни,PAIN_ACTION,пищевые отходы,waste,diagnostic,Отраслевая карточка,pain_action,4
куда девать упаковка,industry,IND-012,Общественное питание / фабрики-кухни,PAIN_ACTION,упаковка,waste,diagnostic,Отраслевая карточка,pain_action,3
куда девать фритюрное масло,industry,IND-012,Общественное питание / фабрики-кухни,PAIN_ACTION,фритюрное масло,waste,diagnostic,Отраслевая карточка,pain_action,4
куда отводить сточные воды,industry,IND-012,Общественное питание / фабрики-кухни,PAIN_ACTION,сточные воды,water,diagnostic,Вода,pain_action,4
куда передавать пищевые отходы,industry,IND-012,Общественное питание / фабрики-кухни,PAIN_ACTION,пищевые отходы,waste,diagnostic,Отраслевая карточка,pain_action,4
куда передавать упаковка,industry,IND-012,Общественное питание / фабрики-кухни,PAIN_ACTION,упаковка,waste,diagnostic,Отраслевая карточка,pain_action,3
куда передавать фритюрное масло,industry,IND-012,Общественное питание / фабрики-кухни,PAIN_ACTION,фритюрное масло,waste,diagnostic,Отраслевая карточка,pain_action,4
куда сдавать пищевые отходы,industry,IND-012,Общественное питание / фабрики-кухни,PAIN_ACTION,пищевые отходы,waste,diagnostic,Отраслевая карточка,pain_action,4
куда сдавать упаковка,industry,IND-012,Общественное питание / фабрики-кухни,PAIN_ACTION,упаковка,waste,diagnostic,Отраслевая карточка,pain_action,3
куда сдавать фритюрное масло,industry,IND-012,Общественное питание / фабрики-кухни,PAIN_ACTION,фритюрное масло,waste,diagnostic,Отраслевая карточка,pain_action,4
куда сливать сточные воды,industry,IND-012,Общественное питание / фабрики-кухни,PAIN_ACTION,сточные воды,water,diagnostic,Вода,pain_action,4
можно ли выбрасывать пищевые отходы,industry,IND-012,Общественное питание / фабрики-кухни,PAIN_ACTION,пищевые отходы,waste,mixed,Отраслевая карточка,pain_action,5
можно ли выбрасывать упаковка,industry,IND-012,Общественное питание / фабрики-кухни,PAIN_ACTION,упаковка,waste,mixed,Отраслевая карточка,pain_action,4
можно ли выбрасывать фритюрное масло,industry,IND-012,Общественное питание / фабрики-кухни,PAIN_ACTION,фритюрное масло,waste,mixed,Отраслевая карточка,pain_action,5
можно ли сбрасывать сточные воды,industry,IND-012,Общественное питание / фабрики-кухни,PAIN_ACTION,сточные воды,water,mixed,Вода,pain_action,5
можно ли хранить пищевые отходы на улице,industry,IND-012,Общественное питание / фабрики-кухни,PAIN_ACTION,пищевые отходы,waste,mixed,Отраслевая карточка,pain_action,7
можно ли хранить упаковка на улице,industry,IND-012,Общественное питание / фабрики-кухни,PAIN_ACTION,упаковка,waste,mixed,Отраслевая карточка,pain_action,6
можно ли хранить фритюрное масло на улице,industry,IND-012,Общественное питание / фабрики-кухни,PAIN_ACTION,фритюрное масло,waste,mixed,Отраслевая карточка,pain_action,7
нормативы сточные воды,industry,IND-012,Общественное питание / фабрики-кухни,PAIN_ACTION,сточные воды,water,mixed,Вода,pain_action,3
нужен ли договор на пищевые отходы,industry,IND-012,Общественное питание / фабрики-кухни,PAIN_ACTION,пищевые отходы,waste,diagnostic,Отраслевая карточка,pain_action,6
нужен ли договор на упаковка,industry,IND-012,Общественное питание / фабрики-кухни,PAIN_ACTION,упаковка,waste,diagnostic,Отраслевая карточка,pain_action,5
нужен ли договор на фритюрное масло,industry,IND-012,Общественное питание / фабрики-кухни,PAIN_ACTION,фритюрное масло,waste,diagnostic,Отраслевая карточка,pain_action,6
нужен ли контроль жироуловитель,industry,IND-012,Общественное питание / фабрики-кухни,PAIN_ACTION,жироуловитель,equipment,diagnostic,Отраслевая карточка,pain_action,4
нужен ли паспорт на пищевые отходы,industry,IND-012,Общественное питание / фабрики-кухни,PAIN_ACTION,пищевые отходы,waste,diagnostic,Паспорта отходов,pain_action,6
нужен ли паспорт на упаковка,industry,IND-012,Общественное питание / фабрики-кухни,PAIN_ACTION,упаковка,waste,diagnostic,Отраслевая карточка,pain_action,5
нужен ли паспорт на фритюрное масло,industry,IND-012,Общественное питание / фабрики-кухни,PAIN_ACTION,фритюрное масло,waste,diagnostic,Отраслевая карточка,pain_action,6
нужна ли жироуловитель,industry,IND-012,Общественное питание / фабрики-кухни,PAIN_ACTION,жироуловитель,equipment,mixed,Отраслевая карточка,pain_action,3
нужны ли очистные для сточные воды,industry,IND-012,Общественное питание / фабрики-кухни,PAIN_ACTION,сточные воды,water,mixed,Вода,pain_action,6
обезвреживание пищевые отходы,industry,IND-012,Общественное питание / фабрики-кухни,PAIN_ACTION,пищевые отходы,waste,commercial,Отраслевая карточка,pain_action,3
обезвреживание упаковка,industry,IND-012,Общественное питание / фабрики-кухни,PAIN_ACTION,упаковка,waste,commercial,Отраслевая карточка,pain_action,2
обезвреживание фритюрное масло,industry,IND-012,Общественное питание / фабрики-кухни,PAIN_ACTION,фритюрное масло,waste,commercial,Отраслевая карточка,pain_action,3
переработка пищевые отходы,industry,IND-012,Общественное питание / фабрики-кухни,PAIN_ACTION,пищевые отходы,waste,mixed,Отраслевая карточка,pain_action,3
переработка упаковка,industry,IND-012,Общественное питание / фабрики-кухни,PAIN_ACTION,упаковка,waste,mixed,Отраслевая карточка,pain_action,2
переработка фритюрное масло,industry,IND-012,Общественное питание / фабрики-кухни,PAIN_ACTION,фритюрное масло,waste,mixed,Отраслевая карточка,pain_action,3
прием пищевые отходы,industry,IND-012,Общественное питание / фабрики-кухни,PAIN_ACTION,пищевые отходы,waste,mixed,Отраслевая карточка,pain_action,3
прием упаковка,industry,IND-012,Общественное питание / фабрики-кухни,PAIN_ACTION,упаковка,waste,mixed,Отраслевая карточка,pain_action,2
прием фритюрное масло,industry,IND-012,Общественное питание / фабрики-кухни,PAIN_ACTION,фритюрное масло,waste,mixed,Отраслевая карточка,pain_action,3
проверка жироуловитель,industry,IND-012,Общественное питание / фабрики-кухни,PAIN_ACTION,жироуловитель,equipment,urgent,Отраслевая карточка,pain_action,2
размещение пищевые отходы,industry,IND-012,Общественное питание / фабрики-кухни,PAIN_ACTION,пищевые отходы,waste,commercial,Отраслевая карточка,pain_action,3
размещение упаковка,industry,IND-012,Общественное питание / фабрики-кухни,PAIN_ACTION,упаковка,waste,commercial,Отраслевая карточка,pain_action,2
размещение фритюрное масло,industry,IND-012,Общественное питание / фабрики-кухни,PAIN_ACTION,фритюрное масло,waste,commercial,Отраслевая карточка,pain_action,3
стоимость утилизации пищевые отходы,industry,IND-012,Общественное питание / фабрики-кухни,PAIN_ACTION,пищевые отходы,waste,commercial,Отраслевая карточка,pain_action,4
стоимость утилизации упаковка,industry,IND-012,Общественное питание / фабрики-кухни,PAIN_ACTION,упаковка,waste,commercial,Отраслевая карточка,pain_action,3
стоимость утилизации фритюрное масло,industry,IND-012,Общественное питание / фабрики-кухни,PAIN_ACTION,фритюрное масло,waste,commercial,Отраслевая карточка,pain_action,4
требования к жироуловитель,industry,IND-012,Общественное питание / фабрики-кухни,PAIN_ACTION,жироуловитель,equipment,mixed,Отраслевая карточка,pain_action,3
требования к сточные воды,industry,IND-012,Общественное питание / фабрики-кухни,PAIN_ACTION,сточные воды,water,mixed,Вода,pain_action,4
утилизация пищевые отходы,industry,IND-012,Общественное питание / фабрики-кухни,PAIN_ACTION,пищевые отходы,waste,commercial,Отраслевая карточка,pain_action,3
утилизация упаковка,industry,IND-012,Общественное питание / фабрики-кухни,PAIN_ACTION,упаковка,waste,commercial,Отраслевая карточка,pain_action,2
утилизация фритюрное масло,industry,IND-012,Общественное питание / фабрики-кухни,PAIN_ACTION,фритюрное масло,waste,commercial,Отраслевая карточка,pain_action,3
учет сточные воды,industry,IND-012,Общественное питание / фабрики-кухни,PAIN_ACTION,сточные воды,water,mixed,Вода,pain_action,3
цена вывоза пищевые отходы,industry,IND-012,Общественное питание / фабрики-кухни,PAIN_ACTION,пищевые отходы,waste,commercial,Отраслевая карточка,pain_action,4
цена вывоза упаковка,industry,IND-012,Общественное питание / фабрики-кухни,PAIN_ACTION,упаковка,waste,commercial,Отраслевая карточка,pain_action,3
цена вывоза фритюрное масло,industry,IND-012,Общественное питание / фабрики-кухни,PAIN_ACTION,фритюрное масло,waste,commercial,Отраслевая карточка,pain_action,4
что делать если есть жироуловитель,industry,IND-012,Общественное питание / фабрики-кухни,PAIN_ACTION,жироуловитель,equipment,diagnostic,Отраслевая карточка,pain_action,5
что делать с пищевые отходы,industry,IND-012,Общественное питание / фабрики-кухни,PAIN_ACTION,пищевые отходы,waste,diagnostic,Отраслевая карточка,pain_action,5
что делать с сточные воды,industry,IND-012,Общественное питание / фабрики-кухни,PAIN_ACTION,сточные воды,water,diagnostic,Вода,pain_action,5
что делать с упаковка,industry,IND-012,Общественное питание / фабрики-кухни,PAIN_ACTION,упаковка,waste,diagnostic,Отраслевая карточка,pain_action,4
что делать с фритюрное масло,industry,IND-012,Общественное питание / фабрики-кухни,PAIN_ACTION,фритюрное масло,waste,diagnostic,Отраслевая карточка,pain_action,5
вывоз жироуловитель общественное питание / фабрики-кухни,industry,IND-012,Общественное питание / фабрики-кухни,PAIN_X_INDUSTRY,жироуловитель,equipment,commercial,Отраслевая карточка,pain_x_industry,6
вывоз пищевые отходы общественное питание / фабрики-кухни,industry,IND-012,Общественное питание / фабрики-кухни,PAIN_X_INDUSTRY,пищевые отходы,waste,commercial,Отраслевая карточка,pain_x_industry,7
вывоз сточные воды общественное питание / фабрики-кухни,industry,IND-012,Общественное питание / фабрики-кухни,PAIN_X_INDUSTRY,сточные воды,water,commercial,Вода,pain_x_industry,7
вывоз упаковка общественное питание / фабрики-кухни,industry,IND-012,Общественное питание / фабрики-кухни,PAIN_X_INDUSTRY,упаковка,waste,commercial,Отраслевая карточка,pain_x_industry,6
вывоз фритюрное масло общественное питание / фабрики-кухни,industry,IND-012,Общественное питание / фабрики-кухни,PAIN_X_INDUSTRY,фритюрное масло,waste,commercial,Отраслевая карточка,pain_x_industry,7
жироуловитель для общественное питание / фабрики-кухни,industry,IND-012,Общественное питание / фабрики-кухни,PAIN_X_INDUSTRY,жироуловитель,equipment,mixed,Отраслевая карточка,pain_x_industry,6
жироуловитель на общественное питание / фабрики-кухни,industry,IND-012,Общественное питание / фабрики-кухни,PAIN_X_INDUSTRY,жироуловитель,equipment,mixed,Отраслевая карточка,pain_x_industry,6
жироуловитель общественное питание / фабрики-кухни,industry,IND-012,Общественное питание / фабрики-кухни,PAIN_X_INDUSTRY,жироуловитель,equipment,mixed,Отраслевая карточка,pain_x_industry,5
как учитывать жироуловитель общественное питание / фабрики-кухни,industry,IND-012,Общественное питание / фабрики-кухни,PAIN_X_INDUSTRY,жироуловитель,equipment,diagnostic,Отраслевая карточка,pain_x_industry,7
как учитывать пищевые отходы общественное питание / фабрики-кухни,industry,IND-012,Общественное питание / фабрики-кухни,PAIN_X_INDUSTRY,пищевые отходы,waste,diagnostic,Отраслевая карточка,pain_x_industry,8
как учитывать сточные воды общественное питание / фабрики-кухни,industry,IND-012,Общественное питание / фабрики-кухни,PAIN_X_INDUSTRY,сточные воды,water,diagnostic,Вода,pain_x_industry,8
как учитывать упаковка общественное питание / фабрики-кухни,industry,IND-012,Общественное питание / фабрики-кухни,PAIN_X_INDUSTRY,упаковка,waste,diagnostic,Отраслевая карточка,pain_x_industry,7
как учитывать фритюрное масло общественное питание / фабрики-кухни,industry,IND-012,Общественное питание / фабрики-кухни,PAIN_X_INDUSTRY,фритюрное масло,waste,diagnostic,Отраслевая карточка,pain_x_industry,8
как хранить жироуловитель общественное питание / фабрики-кухни,industry,IND-012,Общественное питание / фабрики-кухни,PAIN_X_INDUSTRY,жироуловитель,equipment,diagnostic,Отраслевая карточка,pain_x_industry,7
как хранить пищевые отходы общественное питание / фабрики-кухни,industry,IND-012,Общественное питание / фабрики-кухни,PAIN_X_INDUSTRY,пищевые отходы,waste,diagnostic,Отраслевая карточка,pain_x_industry,8
как хранить сточные воды общественное питание / фабрики-кухни,industry,IND-012,Общественное питание / фабрики-кухни,PAIN_X_INDUSTRY,сточные воды,water,diagnostic,Вода,pain_x_industry,8
как хранить упаковка общественное питание / фабрики-кухни,industry,IND-012,Общественное питание / фабрики-кухни,PAIN_X_INDUSTRY,упаковка,waste,diagnostic,Отраслевая карточка,pain_x_industry,7
как хранить фритюрное масло общественное питание / фабрики-кухни,industry,IND-012,Общественное питание / фабрики-кухни,PAIN_X_INDUSTRY,фритюрное масло,waste,diagnostic,Отраслевая карточка,pain_x_industry,8
кто принимает жироуловитель общественное питание / фабрики-кухни,industry,IND-012,Общественное питание / фабрики-кухни,PAIN_X_INDUSTRY,жироуловитель,equipment,diagnostic,Отраслевая карточка,pain_x_industry,7
кто принимает пищевые отходы общественное питание / фабрики-кухни,industry,IND-012,Общественное питание / фабрики-кухни,PAIN_X_INDUSTRY,пищевые отходы,waste,diagnostic,Отраслевая карточка,pain_x_industry,8
кто принимает сточные воды общественное питание / фабрики-кухни,industry,IND-012,Общественное питание / фабрики-кухни,PAIN_X_INDUSTRY,сточные воды,water,diagnostic,Вода,pain_x_industry,8
кто принимает упаковка общественное питание / фабрики-кухни,industry,IND-012,Общественное питание / фабрики-кухни,PAIN_X_INDUSTRY,упаковка,waste,diagnostic,Отраслевая карточка,pain_x_industry,7
кто принимает фритюрное масло общественное питание / фабрики-кухни,industry,IND-012,Общественное питание / фабрики-кухни,PAIN_X_INDUSTRY,фритюрное масло,waste,diagnostic,Отраслевая карточка,pain_x_industry,8
куда девать жироуловитель общественное питание / фабрики-кухни,industry,IND-012,Общественное питание / фабрики-кухни,PAIN_X_INDUSTRY,жироуловитель,equipment,diagnostic,Отраслевая карточка,pain_x_industry,7
куда девать пищевые отходы общественное питание / фабрики-кухни,industry,IND-012,Общественное питание / фабрики-кухни,PAIN_X_INDUSTRY,пищевые отходы,waste,diagnostic,Отраслевая карточка,pain_x_industry,8
куда девать сточные воды общественное питание / фабрики-кухни,industry,IND-012,Общественное питание / фабрики-кухни,PAIN_X_INDUSTRY,сточные воды,water,diagnostic,Вода,pain_x_industry,8
куда девать упаковка общественное питание / фабрики-кухни,industry,IND-012,Общественное питание / фабрики-кухни,PAIN_X_INDUSTRY,упаковка,waste,diagnostic,Отраслевая карточка,pain_x_industry,7
куда девать фритюрное масло общественное питание / фабрики-кухни,industry,IND-012,Общественное питание / фабрики-кухни,PAIN_X_INDUSTRY,фритюрное масло,waste,diagnostic,Отраслевая карточка,pain_x_industry,8
куда сдавать жироуловитель общественное питание / фабрики-кухни,industry,IND-012,Общественное питание / фабрики-кухни,PAIN_X_INDUSTRY,жироуловитель,equipment,diagnostic,Отраслевая карточка,pain_x_industry,7
куда сдавать пищевые отходы общественное питание / фабрики-кухни,industry,IND-012,Общественное питание / фабрики-кухни,PAIN_X_INDUSTRY,пищевые отходы,waste,diagnostic,Отраслевая карточка,pain_x_industry,8
куда сдавать сточные воды общественное питание / фабрики-кухни,industry,IND-012,Общественное питание / фабрики-кухни,PAIN_X_INDUSTRY,сточные воды,water,diagnostic,Вода,pain_x_industry,8
куда сдавать упаковка общественное питание / фабрики-кухни,industry,IND-012,Общественное питание / фабрики-кухни,PAIN_X_INDUSTRY,упаковка,waste,diagnostic,Отраслевая карточка,pain_x_industry,7
куда сдавать фритюрное масло общественное питание / фабрики-кухни,industry,IND-012,Общественное питание / фабрики-кухни,PAIN_X_INDUSTRY,фритюрное масло,waste,diagnostic,Отраслевая карточка,pain_x_industry,8
нужен ли договор на жироуловитель общественное питание / фабрики-кухни,industry,IND-012,Общественное питание / фабрики-кухни,PAIN_X_INDUSTRY,жироуловитель,equipment,diagnostic,Отраслевая карточка,pain_x_industry,9
нужен ли договор на пищевые отходы общественное питание / фабрики-кухни,industry,IND-012,Общественное питание / фабрики-кухни,PAIN_X_INDUSTRY,пищевые отходы,waste,diagnostic,Отраслевая карточка,pain_x_industry,10
нужен ли договор на сточные воды общественное питание / фабрики-кухни,industry,IND-012,Общественное питание / фабрики-кухни,PAIN_X_INDUSTRY,сточные воды,water,diagnostic,Вода,pain_x_industry,10
нужен ли договор на упаковка общественное питание / фабрики-кухни,industry,IND-012,Общественное питание / фабрики-кухни,PAIN_X_INDUSTRY,упаковка,waste,diagnostic,Отраслевая карточка,pain_x_industry,9
нужен ли договор на фритюрное масло общественное питание / фабрики-кухни,industry,IND-012,Общественное питание / фабрики-кухни,PAIN_X_INDUSTRY,фритюрное масло,waste,diagnostic,Отраслевая карточка,pain_x_industry,10
нужен ли паспорт на жироуловитель общественное питание / фабрики-кухни,industry,IND-012,Общественное питание / фабрики-кухни,PAIN_X_INDUSTRY,жироуловитель,equipment,diagnostic,Отраслевая карточка,pain_x_industry,9
нужен ли паспорт на пищевые отходы общественное питание / фабрики-кухни,industry,IND-012,Общественное питание / фабрики-кухни,PAIN_X_INDUSTRY,пищевые отходы,waste,diagnostic,Паспорта отходов,pain_x_industry,10
нужен ли паспорт на сточные воды общественное питание / фабрики-кухни,industry,IND-012,Общественное питание / фабрики-кухни,PAIN_X_INDUSTRY,сточные воды,water,diagnostic,Вода,pain_x_industry,10
нужен ли паспорт на упаковка общественное питание / фабрики-кухни,industry,IND-012,Общественное питание / фабрики-кухни,PAIN_X_INDUSTRY,упаковка,waste,diagnostic,Отраслевая карточка,pain_x_industry,9
нужен ли паспорт на фритюрное масло общественное питание / фабрики-кухни,industry,IND-012,Общественное питание / фабрики-кухни,PAIN_X_INDUSTRY,фритюрное масло,waste,diagnostic,Отраслевая карточка,pain_x_industry,10
пищевые отходы для общественное питание / фабрики-кухни,industry,IND-012,Общественное питание / фабрики-кухни,PAIN_X_INDUSTRY,пищевые отходы,waste,mixed,Отраслевая карточка,pain_x_industry,7
пищевые отходы на общественное питание / фабрики-кухни,industry,IND-012,Общественное питание / фабрики-кухни,PAIN_X_INDUSTRY,пищевые отходы,waste,mixed,Отраслевая карточка,pain_x_industry,7
пищевые отходы общественное питание / фабрики-кухни,industry,IND-012,Общественное питание / фабрики-кухни,PAIN_X_INDUSTRY,пищевые отходы,waste,mixed,Отраслевая карточка,pain_x_industry,6
сточные воды для общественное питание / фабрики-кухни,industry,IND-012,Общественное питание / фабрики-кухни,PAIN_X_INDUSTRY,сточные воды,water,mixed,Вода,pain_x_industry,7
сточные воды на общественное питание / фабрики-кухни,industry,IND-012,Общественное питание / фабрики-кухни,PAIN_X_INDUSTRY,сточные воды,water,mixed,Вода,pain_x_industry,7
упаковка для общественное питание / фабрики-кухни,industry,IND-012,Общественное питание / фабрики-кухни,PAIN_X_INDUSTRY,упаковка,waste,mixed,Отраслевая карточка,pain_x_industry,6
упаковка на общественное питание / фабрики-кухни,industry,IND-012,Общественное питание / фабрики-кухни,PAIN_X_INDUSTRY,упаковка,waste,mixed,Отраслевая карточка,pain_x_industry,6
упаковка общественное питание / фабрики-кухни,industry,IND-012,Общественное питание / фабрики-кухни,PAIN_X_INDUSTRY,упаковка,waste,mixed,Отраслевая карточка,pain_x_industry,5
утилизация жироуловитель общественное питание / фабрики-кухни,industry,IND-012,Общественное питание / фабрики-кухни,PAIN_X_INDUSTRY,жироуловитель,equipment,commercial,Отраслевая карточка,pain_x_industry,6
утилизация пищевые отходы общественное питание / фабрики-кухни,industry,IND-012,Общественное питание / фабрики-кухни,PAIN_X_INDUSTRY,пищевые отходы,waste,commercial,Отраслевая карточка,pain_x_industry,7
утилизация сточные воды общественное питание / фабрики-кухни,industry,IND-012,Общественное питание / фабрики-кухни,PAIN_X_INDUSTRY,сточные воды,water,commercial,Вода,pain_x_industry,7
утилизация упаковка общественное питание / фабрики-кухни,industry,IND-012,Общественное питание / фабрики-кухни,PAIN_X_INDUSTRY,упаковка,waste,commercial,Отраслевая карточка,pain_x_industry,6
утилизация фритюрное масло общественное питание / фабрики-кухни,industry,IND-012,Общественное питание / фабрики-кухни,PAIN_X_INDUSTRY,фритюрное масло,waste,commercial,Отраслевая карточка,pain_x_industry,7
фритюрное масло для общественное питание / фабрики-кухни,industry,IND-012,Общественное питание / фабрики-кухни,PAIN_X_INDUSTRY,фритюрное масло,waste,mixed,Отраслевая карточка,pain_x_industry,7
фритюрное масло на общественное питание / фабрики-кухни,industry,IND-012,Общественное питание / фабрики-кухни,PAIN_X_INDUSTRY,фритюрное масло,waste,mixed,Отраслевая карточка,pain_x_industry,7
фритюрное масло общественное питание / фабрики-кухни,industry,IND-012,Общественное питание / фабрики-кухни,PAIN_X_INDUSTRY,фритюрное масло,waste,mixed,Отраслевая карточка,pain_x_industry,6
цена утилизации жироуловитель общественное питание / фабрики-кухни,industry,IND-012,Общественное питание / фабрики-кухни,PAIN_X_INDUSTRY,жироуловитель,equipment,commercial,Отраслевая карточка,pain_x_industry,7
цена утилизации пищевые отходы общественное питание / фабрики-кухни,industry,IND-012,Общественное питание / фабрики-кухни,PAIN_X_INDUSTRY,пищевые отходы,waste,commercial,Отраслевая карточка,pain_x_industry,8
цена утилизации сточные воды общественное питание / фабрики-кухни,industry,IND-012,Общественное питание / фабрики-кухни,PAIN_X_INDUSTRY,сточные воды,water,commercial,Вода,pain_x_industry,8
цена утилизации упаковка общественное питание / фабрики-кухни,industry,IND-012,Общественное питание / фабрики-кухни,PAIN_X_INDUSTRY,упаковка,waste,commercial,Отраслевая карточка,pain_x_industry,7
цена утилизации фритюрное масло общественное питание / фабрики-кухни,industry,IND-012,Общественное питание / фабрики-кухни,PAIN_X_INDUSTRY,фритюрное масло,waste,commercial,Отраслевая карточка,pain_x_industry,8
что делать с жироуловитель общественное питание / фабрики-кухни,industry,IND-012,Общественное питание / фабрики-кухни,PAIN_X_INDUSTRY,жироуловитель,equipment,diagnostic,Отраслевая карточка,pain_x_industry,8
что делать с пищевые отходы общественное питание / фабрики-кухни,industry,IND-012,Общественное питание / фабрики-кухни,PAIN_X_INDUSTRY,пищевые отходы,waste,diagnostic,Отраслевая карточка,pain_x_industry,9
что делать с сточные воды общественное питание / фабрики-кухни,industry,IND-012,Общественное питание / фабрики-кухни,PAIN_X_INDUSTRY,сточные воды,water,diagnostic,Вода,pain_x_industry,9
что делать с упаковка общественное питание / фабрики-кухни,industry,IND-012,Общественное питание / фабрики-кухни,PAIN_X_INDUSTRY,упаковка,waste,diagnostic,Отраслевая карточка,pain_x_industry,8
что делать с фритюрное масло общественное питание / фабрики-кухни,industry,IND-012,Общественное питание / фабрики-кухни,PAIN_X_INDUSTRY,фритюрное масло,waste,diagnostic,Отраслевая карточка,pain_x_industry,9
2 тп отходы объекты размещения отходов / полигоны,industry,IND-043,Объекты размещения отходов / полигоны,INDUSTRY_DIRECT,,,mixed,Отходы / учёт и отчётность,industry_template,8
ПЭК объекты размещения отходов / полигоны,industry,IND-043,Объекты размещения отходов / полигоны,INDUSTRY_DIRECT,,,mixed,Отраслевая карточка,industry_template,6
выбросы объекты размещения отходов / полигоны,industry,IND-043,Объекты размещения отходов / полигоны,INDUSTRY_DIRECT,,,mixed,Воздух,industry_template,6
запуск объекты размещения отходов / полигоны экологические документы,industry,IND-043,Объекты размещения отходов / полигоны,INDUSTRY_DIRECT,,,urgent,Отраслевая карточка,industry_template,8
какая экологическая отчетность у объекты размещения отходов / полигоны,industry,IND-043,Объекты размещения отходов / полигоны,INDUSTRY_DIRECT,,,mixed,Отходы / учёт и отчётность,industry_template,9
какие требования по экологии объекты размещения отходов / полигоны,industry,IND-043,Объекты размещения отходов / полигоны,INDUSTRY_DIRECT,,,diagnostic,Отраслевая карточка,industry_template,9
какие экологические документы нужны объекты размещения отходов / полигоны,industry,IND-043,Объекты размещения отходов / полигоны,INDUSTRY_DIRECT,,,mixed,Отраслевая карточка,industry_template,9
категория НВОС объекты размещения отходов / полигоны,industry,IND-043,Объекты размещения отходов / полигоны,INDUSTRY_DIRECT,,,mixed,НВОС,industry_template,7
ливневые воды объекты размещения отходов / полигоны,industry,IND-043,Объекты размещения отходов / полигоны,INDUSTRY_DIRECT,,,mixed,Вода,industry_template,7
нужен ли эколог объекты размещения отходов / полигоны,industry,IND-043,Объекты размещения отходов / полигоны,INDUSTRY_DIRECT,,,diagnostic,Отраслевая карточка,industry_template,8
нужно ли ставить на учет НВОС объекты размещения отходов / полигоны,industry,IND-043,Объекты размещения отходов / полигоны,INDUSTRY_DIRECT,,,mixed,НВОС,industry_template,11
отходы объекты размещения отходов / полигоны,industry,IND-043,Объекты размещения отходов / полигоны,INDUSTRY_DIRECT,,,mixed,Отраслевая карточка,industry_template,6
очистные объекты размещения отходов / полигоны,industry,IND-043,Объекты размещения отходов / полигоны,INDUSTRY_DIRECT,,,mixed,Вода,industry_template,6
предписание экология объекты размещения отходов / полигоны,industry,IND-043,Объекты размещения отходов / полигоны,INDUSTRY_DIRECT,,,urgent,Отраслевая карточка,industry_template,7
проверка экология объекты размещения отходов / полигоны,industry,IND-043,Объекты размещения отходов / полигоны,INDUSTRY_DIRECT,,,urgent,Отраслевая карточка,industry_template,7
сточные воды объекты размещения отходов / полигоны,industry,IND-043,Объекты размещения отходов / полигоны,INDUSTRY_DIRECT,,,mixed,Вода,industry_template,7
учет отходов объекты размещения отходов / полигоны,industry,IND-043,Объекты размещения отходов / полигоны,INDUSTRY_DIRECT,,,mixed,Отходы / учёт и отчётность,industry_template,7
что нужно по экологии объекты размещения отходов / полигоны,industry,IND-043,Объекты размещения отходов / полигоны,INDUSTRY_DIRECT,,,mixed,Отраслевая карточка,industry_template,9
что сдавать по экологии объекты размещения отходов / полигоны,industry,IND-043,Объекты размещения отходов / полигоны,INDUSTRY_DIRECT,,,mixed,Отраслевая карточка,industry_template,9
штраф экология объекты размещения отходов / полигоны,industry,IND-043,Объекты размещения отходов / полигоны,INDUSTRY_DIRECT,,,urgent,Отраслевая карточка,industry_template,7
2 тп отходы операторы тко / сортировочные комплексы,industry,IND-044,Операторы ТКО / сортировочные комплексы,INDUSTRY_DIRECT,,,mixed,Отходы / учёт и отчётность,industry_template,8
ПЭК операторы тко / сортировочные комплексы,industry,IND-044,Операторы ТКО / сортировочные комплексы,INDUSTRY_DIRECT,,,mixed,Отраслевая карточка,industry_template,6
выбросы операторы тко / сортировочные комплексы,industry,IND-044,Операторы ТКО / сортировочные комплексы,INDUSTRY_DIRECT,,,mixed,Воздух,industry_template,6
запуск операторы тко / сортировочные комплексы экологические документы,industry,IND-044,Операторы ТКО / сортировочные комплексы,INDUSTRY_DIRECT,,,urgent,Отраслевая карточка,industry_template,8
какая экологическая отчетность у операторы тко / сортировочные комплексы,industry,IND-044,Операторы ТКО / сортировочные комплексы,INDUSTRY_DIRECT,,,mixed,Отходы / учёт и отчётность,industry_template,9
какие требования по экологии операторы тко / сортировочные комплексы,industry,IND-044,Операторы ТКО / сортировочные комплексы,INDUSTRY_DIRECT,,,diagnostic,Отраслевая карточка,industry_template,9
какие экологические документы нужны операторы тко / сортировочные комплексы,industry,IND-044,Операторы ТКО / сортировочные комплексы,INDUSTRY_DIRECT,,,mixed,Отраслевая карточка,industry_template,9
категория НВОС операторы тко / сортировочные комплексы,industry,IND-044,Операторы ТКО / сортировочные комплексы,INDUSTRY_DIRECT,,,mixed,НВОС,industry_template,7
ливневые воды операторы тко / сортировочные комплексы,industry,IND-044,Операторы ТКО / сортировочные комплексы,INDUSTRY_DIRECT,,,mixed,Вода,industry_template,7
нужен ли эколог операторы тко / сортировочные комплексы,industry,IND-044,Операторы ТКО / сортировочные комплексы,INDUSTRY_DIRECT,,,diagnostic,Отраслевая карточка,industry_template,8
нужно ли ставить на учет НВОС операторы тко / сортировочные комплексы,industry,IND-044,Операторы ТКО / сортировочные комплексы,INDUSTRY_DIRECT,,,mixed,НВОС,industry_template,11
отходы операторы тко / сортировочные комплексы,industry,IND-044,Операторы ТКО / сортировочные комплексы,INDUSTRY_DIRECT,,,mixed,Отраслевая карточка,industry_template,6
очистные операторы тко / сортировочные комплексы,industry,IND-044,Операторы ТКО / сортировочные комплексы,INDUSTRY_DIRECT,,,mixed,Вода,industry_template,6
предписание экология операторы тко / сортировочные комплексы,industry,IND-044,Операторы ТКО / сортировочные комплексы,INDUSTRY_DIRECT,,,urgent,Отраслевая карточка,industry_template,7
проверка экология операторы тко / сортировочные комплексы,industry,IND-044,Операторы ТКО / сортировочные комплексы,INDUSTRY_DIRECT,,,urgent,Отраслевая карточка,industry_template,7
сточные воды операторы тко / сортировочные комплексы,industry,IND-044,Операторы ТКО / сортировочные комплексы,INDUSTRY_DIRECT,,,mixed,Вода,industry_template,7
учет отходов операторы тко / сортировочные комплексы,industry,IND-044,Операторы ТКО / сортировочные комплексы,INDUSTRY_DIRECT,,,mixed,Отходы / учёт и отчётность,industry_template,7
что нужно по экологии операторы тко / сортировочные комплексы,industry,IND-044,Операторы ТКО / сортировочные комплексы,INDUSTRY_DIRECT,,,mixed,Отраслевая карточка,industry_template,9
что сдавать по экологии операторы тко / сортировочные комплексы,industry,IND-044,Операторы ТКО / сортировочные комплексы,INDUSTRY_DIRECT,,,mixed,Отраслевая карточка,industry_template,9
штраф экология операторы тко / сортировочные комплексы,industry,IND-044,Операторы ТКО / сортировочные комплексы,INDUSTRY_DIRECT,,,urgent,Отраслевая карточка,industry_template,7
2 тп отходы парикмахерские,industry,IND-051,Парикмахерские,INDUSTRY_DIRECT,,,mixed,Отходы / учёт и отчётность,industry_template,4
ПЭК парикмахерские,industry,IND-051,Парикмахерские,INDUSTRY_DIRECT,,,mixed,Отраслевая карточка,industry_template,2
выбросы парикмахерские,industry,IND-051,Парикмахерские,INDUSTRY_DIRECT,,,mixed,Воздух,industry_template,2
запуск парикмахерские экологические документы,industry,IND-051,Парикмахерские,INDUSTRY_DIRECT,,,urgent,Отраслевая карточка,industry_template,4
какая экологическая отчетность у парикмахерские,industry,IND-051,Парикмахерские,INDUSTRY_DIRECT,,,mixed,Отходы / учёт и отчётность,industry_template,5
какие требования по экологии парикмахерские,industry,IND-051,Парикмахерские,INDUSTRY_DIRECT,,,diagnostic,Отраслевая карточка,industry_template,5
какие экологические документы нужны парикмахерские,industry,IND-051,Парикмахерские,INDUSTRY_DIRECT,,,mixed,Отраслевая карточка,industry_template,5
категория НВОС парикмахерские,industry,IND-051,Парикмахерские,INDUSTRY_DIRECT,,,mixed,НВОС,industry_template,3
ливневые воды парикмахерские,industry,IND-051,Парикмахерские,INDUSTRY_DIRECT,,,mixed,Вода,industry_template,3
нужен ли эколог парикмахерские,industry,IND-051,Парикмахерские,INDUSTRY_DIRECT,,,diagnostic,Отраслевая карточка,industry_template,4
нужно ли ставить на учет НВОС парикмахерские,industry,IND-051,Парикмахерские,INDUSTRY_DIRECT,,,mixed,НВОС,industry_template,7
отходы парикмахерские,industry,IND-051,Парикмахерские,INDUSTRY_DIRECT,,,mixed,Отраслевая карточка,industry_template,2
очистные парикмахерские,industry,IND-051,Парикмахерские,INDUSTRY_DIRECT,,,mixed,Вода,industry_template,2
предписание экология парикмахерские,industry,IND-051,Парикмахерские,INDUSTRY_DIRECT,,,urgent,Отраслевая карточка,industry_template,3
проверка экология парикмахерские,industry,IND-051,Парикмахерские,INDUSTRY_DIRECT,,,urgent,Отраслевая карточка,industry_template,3
сточные воды парикмахерские,industry,IND-051,Парикмахерские,INDUSTRY_DIRECT,,,mixed,Вода,industry_template,3
учет отходов парикмахерские,industry,IND-051,Парикмахерские,INDUSTRY_DIRECT,,,mixed,Отходы / учёт и отчётность,industry_template,3
что нужно по экологии парикмахерские,industry,IND-051,Парикмахерские,INDUSTRY_DIRECT,,,mixed,Отраслевая карточка,industry_template,5
что сдавать по экологии парикмахерские,industry,IND-051,Парикмахерские,INDUSTRY_DIRECT,,,mixed,Отраслевая карточка,industry_template,5
штраф экология парикмахерские,industry,IND-051,Парикмахерские,INDUSTRY_DIRECT,,,urgent,Отраслевая карточка,industry_template,3
анализ сточные воды,industry,IND-051,Парикмахерские,PAIN_ACTION,сточные воды,water,mixed,Вода,pain_action,3
вывоз ватные материалы,industry,IND-051,Парикмахерские,PAIN_ACTION,ватные материалы,waste,commercial,Отраслевая карточка,pain_action,3
вывоз волосы,industry,IND-051,Парикмахерские,PAIN_ACTION,волосы,waste,commercial,Отраслевая карточка,pain_action,2
вывоз упаковка косметики,industry,IND-051,Парикмахерские,PAIN_ACTION,упаковка косметики,waste,commercial,Отраслевая карточка,pain_action,3
как накапливать ватные материалы,industry,IND-051,Парикмахерские,PAIN_ACTION,ватные материалы,waste,mixed,Отраслевая карточка,pain_action,4
как накапливать волосы,industry,IND-051,Парикмахерские,PAIN_ACTION,волосы,waste,mixed,Отраслевая карточка,pain_action,3
как накапливать упаковка косметики,industry,IND-051,Парикмахерские,PAIN_ACTION,упаковка косметики,waste,mixed,Отраслевая карточка,pain_action,4
как очищать сточные воды,industry,IND-051,Парикмахерские,PAIN_ACTION,сточные воды,water,mixed,Вода,pain_action,4
как учитывать ватные материалы,industry,IND-051,Парикмахерские,PAIN_ACTION,ватные материалы,waste,diagnostic,Отраслевая карточка,pain_action,4
как учитывать волосы,industry,IND-051,Парикмахерские,PAIN_ACTION,волосы,waste,diagnostic,Отраслевая карточка,pain_action,3
как учитывать упаковка косметики,industry,IND-051,Парикмахерские,PAIN_ACTION,упаковка косметики,waste,diagnostic,Отраслевая карточка,pain_action,4
как хранить ватные материалы,industry,IND-051,Парикмахерские,PAIN_ACTION,ватные материалы,waste,diagnostic,Отраслевая карточка,pain_action,4
как хранить волосы,industry,IND-051,Парикмахерские,PAIN_ACTION,волосы,waste,diagnostic,Отраслевая карточка,pain_action,3
как хранить упаковка косметики,industry,IND-051,Парикмахерские,PAIN_ACTION,упаковка косметики,waste,diagnostic,Отраслевая карточка,pain_action,4
какой класс опасности ватные материалы,industry,IND-051,Парикмахерские,PAIN_ACTION,ватные материалы,waste,mixed,Отраслевая карточка,pain_action,5
какой класс опасности волосы,industry,IND-051,Парикмахерские,PAIN_ACTION,волосы,waste,mixed,Отраслевая карточка,pain_action,4
какой класс опасности упаковка косметики,industry,IND-051,Парикмахерские,PAIN_ACTION,упаковка косметики,waste,mixed,Отраслевая карточка,pain_action,5
контроль сточные воды,industry,IND-051,Парикмахерские,PAIN_ACTION,сточные воды,water,mixed,Вода,pain_action,3
кто забирает ватные материалы,industry,IND-051,Парикмахерские,PAIN_ACTION,ватные материалы,waste,mixed,Отраслевая карточка,pain_action,4
кто забирает волосы,industry,IND-051,Парикмахерские,PAIN_ACTION,волосы,waste,mixed,Отраслевая карточка,pain_action,3
кто забирает упаковка косметики,industry,IND-051,Парикмахерские,PAIN_ACTION,упаковка косметики,waste,mixed,Отраслевая карточка,pain_action,4
кто принимает ватные материалы,industry,IND-051,Парикмахерские,PAIN_ACTION,ватные материалы,waste,diagnostic,Отраслевая карточка,pain_action,4
кто принимает волосы,industry,IND-051,Парикмахерские,PAIN_ACTION,волосы,waste,diagnostic,Отраслевая карточка,pain_action,3
кто принимает упаковка косметики,industry,IND-051,Парикмахерские,PAIN_ACTION,упаковка косметики,waste,diagnostic,Отраслевая карточка,pain_action,4
куда девать ватные материалы,industry,IND-051,Парикмахерские,PAIN_ACTION,ватные материалы,waste,diagnostic,Отраслевая карточка,pain_action,4
куда девать волосы,industry,IND-051,Парикмахерские,PAIN_ACTION,волосы,waste,diagnostic,Отраслевая карточка,pain_action,3
куда девать упаковка косметики,industry,IND-051,Парикмахерские,PAIN_ACTION,упаковка косметики,waste,diagnostic,Отраслевая карточка,pain_action,4
куда отводить сточные воды,industry,IND-051,Парикмахерские,PAIN_ACTION,сточные воды,water,diagnostic,Вода,pain_action,4
куда передавать ватные материалы,industry,IND-051,Парикмахерские,PAIN_ACTION,ватные материалы,waste,diagnostic,Отраслевая карточка,pain_action,4
куда передавать волосы,industry,IND-051,Парикмахерские,PAIN_ACTION,волосы,waste,diagnostic,Отраслевая карточка,pain_action,3
куда передавать упаковка косметики,industry,IND-051,Парикмахерские,PAIN_ACTION,упаковка косметики,waste,diagnostic,Отраслевая карточка,pain_action,4
куда сдавать ватные материалы,industry,IND-051,Парикмахерские,PAIN_ACTION,ватные материалы,waste,diagnostic,Отраслевая карточка,pain_action,4
куда сдавать волосы,industry,IND-051,Парикмахерские,PAIN_ACTION,волосы,waste,diagnostic,Отраслевая карточка,pain_action,3
куда сдавать упаковка косметики,industry,IND-051,Парикмахерские,PAIN_ACTION,упаковка косметики,waste,diagnostic,Отраслевая карточка,pain_action,4
куда сливать сточные воды,industry,IND-051,Парикмахерские,PAIN_ACTION,сточные воды,water,diagnostic,Вода,pain_action,4
можно ли выбрасывать ватные материалы,industry,IND-051,Парикмахерские,PAIN_ACTION,ватные материалы,waste,mixed,Отраслевая карточка,pain_action,5
можно ли выбрасывать волосы,industry,IND-051,Парикмахерские,PAIN_ACTION,волосы,waste,mixed,Отраслевая карточка,pain_action,4
можно ли выбрасывать упаковка косметики,industry,IND-051,Парикмахерские,PAIN_ACTION,упаковка косметики,waste,mixed,Отраслевая карточка,pain_action,5
можно ли сбрасывать сточные воды,industry,IND-051,Парикмахерские,PAIN_ACTION,сточные воды,water,mixed,Вода,pain_action,5
можно ли хранить ватные материалы на улице,industry,IND-051,Парикмахерские,PAIN_ACTION,ватные материалы,waste,mixed,Отраслевая карточка,pain_action,7
можно ли хранить волосы на улице,industry,IND-051,Парикмахерские,PAIN_ACTION,волосы,waste,mixed,Отраслевая карточка,pain_action,6
можно ли хранить упаковка косметики на улице,industry,IND-051,Парикмахерские,PAIN_ACTION,упаковка косметики,waste,mixed,Отраслевая карточка,pain_action,7
нормативы сточные воды,industry,IND-051,Парикмахерские,PAIN_ACTION,сточные воды,water,mixed,Вода,pain_action,3
нужен ли договор на ватные материалы,industry,IND-051,Парикмахерские,PAIN_ACTION,ватные материалы,waste,diagnostic,Отраслевая карточка,pain_action,6
нужен ли договор на волосы,industry,IND-051,Парикмахерские,PAIN_ACTION,волосы,waste,diagnostic,Отраслевая карточка,pain_action,5
нужен ли договор на упаковка косметики,industry,IND-051,Парикмахерские,PAIN_ACTION,упаковка косметики,waste,diagnostic,Отраслевая карточка,pain_action,6
нужен ли паспорт на ватные материалы,industry,IND-051,Парикмахерские,PAIN_ACTION,ватные материалы,waste,diagnostic,Отраслевая карточка,pain_action,6
нужен ли паспорт на волосы,industry,IND-051,Парикмахерские,PAIN_ACTION,волосы,waste,diagnostic,Отраслевая карточка,pain_action,5
нужен ли паспорт на упаковка косметики,industry,IND-051,Парикмахерские,PAIN_ACTION,упаковка косметики,waste,diagnostic,Отраслевая карточка,pain_action,6
нужны ли очистные для сточные воды,industry,IND-051,Парикмахерские,PAIN_ACTION,сточные воды,water,mixed,Вода,pain_action,6
обезвреживание ватные материалы,industry,IND-051,Парикмахерские,PAIN_ACTION,ватные материалы,waste,commercial,Отраслевая карточка,pain_action,3
обезвреживание волосы,industry,IND-051,Парикмахерские,PAIN_ACTION,волосы,waste,commercial,Отраслевая карточка,pain_action,2
обезвреживание упаковка косметики,industry,IND-051,Парикмахерские,PAIN_ACTION,упаковка косметики,waste,commercial,Отраслевая карточка,pain_action,3
переработка ватные материалы,industry,IND-051,Парикмахерские,PAIN_ACTION,ватные материалы,waste,mixed,Отраслевая карточка,pain_action,3
переработка волосы,industry,IND-051,Парикмахерские,PAIN_ACTION,волосы,waste,mixed,Отраслевая карточка,pain_action,2
переработка упаковка косметики,industry,IND-051,Парикмахерские,PAIN_ACTION,упаковка косметики,waste,mixed,Отраслевая карточка,pain_action,3
прием ватные материалы,industry,IND-051,Парикмахерские,PAIN_ACTION,ватные материалы,waste,mixed,Отраслевая карточка,pain_action,3
прием волосы,industry,IND-051,Парикмахерские,PAIN_ACTION,волосы,waste,mixed,Отраслевая карточка,pain_action,2
прием упаковка косметики,industry,IND-051,Парикмахерские,PAIN_ACTION,упаковка косметики,waste,mixed,Отраслевая карточка,pain_action,3
размещение ватные материалы,industry,IND-051,Парикмахерские,PAIN_ACTION,ватные материалы,waste,commercial,Отраслевая карточка,pain_action,3
размещение волосы,industry,IND-051,Парикмахерские,PAIN_ACTION,волосы,waste,commercial,Отраслевая карточка,pain_action,2
размещение упаковка косметики,industry,IND-051,Парикмахерские,PAIN_ACTION,упаковка косметики,waste,commercial,Отраслевая карточка,pain_action,3
стоимость утилизации ватные материалы,industry,IND-051,Парикмахерские,PAIN_ACTION,ватные материалы,waste,commercial,Отраслевая карточка,pain_action,4
стоимость утилизации волосы,industry,IND-051,Парикмахерские,PAIN_ACTION,волосы,waste,commercial,Отраслевая карточка,pain_action,3
стоимость утилизации упаковка косметики,industry,IND-051,Парикмахерские,PAIN_ACTION,упаковка косметики,waste,commercial,Отраслевая карточка,pain_action,4
требования к сточные воды,industry,IND-051,Парикмахерские,PAIN_ACTION,сточные воды,water,mixed,Вода,pain_action,4
утилизация ватные материалы,industry,IND-051,Парикмахерские,PAIN_ACTION,ватные материалы,waste,commercial,Отраслевая карточка,pain_action,3
утилизация волосы,industry,IND-051,Парикмахерские,PAIN_ACTION,волосы,waste,commercial,Отраслевая карточка,pain_action,2
утилизация упаковка косметики,industry,IND-051,Парикмахерские,PAIN_ACTION,упаковка косметики,waste,commercial,Отраслевая карточка,pain_action,3
учет сточные воды,industry,IND-051,Парикмахерские,PAIN_ACTION,сточные воды,water,mixed,Вода,pain_action,3
цена вывоза ватные материалы,industry,IND-051,Парикмахерские,PAIN_ACTION,ватные материалы,waste,commercial,Отраслевая карточка,pain_action,4
цена вывоза волосы,industry,IND-051,Парикмахерские,PAIN_ACTION,волосы,waste,commercial,Отраслевая карточка,pain_action,3
цена вывоза упаковка косметики,industry,IND-051,Парикмахерские,PAIN_ACTION,упаковка косметики,waste,commercial,Отраслевая карточка,pain_action,4
что делать с ватные материалы,industry,IND-051,Парикмахерские,PAIN_ACTION,ватные материалы,waste,diagnostic,Отраслевая карточка,pain_action,5
что делать с волосы,industry,IND-051,Парикмахерские,PAIN_ACTION,волосы,waste,diagnostic,Отраслевая карточка,pain_action,4
что делать с сточные воды,industry,IND-051,Парикмахерские,PAIN_ACTION,сточные воды,water,diagnostic,Вода,pain_action,5
что делать с упаковка косметики,industry,IND-051,Парикмахерские,PAIN_ACTION,упаковка косметики,waste,diagnostic,Отраслевая карточка,pain_action,5
ватные материалы для парикмахерские,industry,IND-051,Парикмахерские,PAIN_X_INDUSTRY,ватные материалы,waste,mixed,Отраслевая карточка,pain_x_industry,4
ватные материалы на парикмахерские,industry,IND-051,Парикмахерские,PAIN_X_INDUSTRY,ватные материалы,waste,mixed,Отраслевая карточка,pain_x_industry,4
ватные материалы парикмахерские,industry,IND-051,Парикмахерские,PAIN_X_INDUSTRY,ватные материалы,waste,mixed,Отраслевая карточка,pain_x_industry,3
волосы для парикмахерские,industry,IND-051,Парикмахерские,PAIN_X_INDUSTRY,волосы,waste,mixed,Отраслевая карточка,pain_x_industry,3
волосы на парикмахерские,industry,IND-051,Парикмахерские,PAIN_X_INDUSTRY,волосы,waste,mixed,Отраслевая карточка,pain_x_industry,3
волосы парикмахерские,industry,IND-051,Парикмахерские,PAIN_X_INDUSTRY,волосы,waste,mixed,Отраслевая карточка,pain_x_industry,2
вывоз ватные материалы парикмахерские,industry,IND-051,Парикмахерские,PAIN_X_INDUSTRY,ватные материалы,waste,commercial,Отраслевая карточка,pain_x_industry,4
вывоз волосы парикмахерские,industry,IND-051,Парикмахерские,PAIN_X_INDUSTRY,волосы,waste,commercial,Отраслевая карточка,pain_x_industry,3
вывоз сточные воды парикмахерские,industry,IND-051,Парикмахерские,PAIN_X_INDUSTRY,сточные воды,water,commercial,Вода,pain_x_industry,4
вывоз упаковка косметики парикмахерские,industry,IND-051,Парикмахерские,PAIN_X_INDUSTRY,упаковка косметики,waste,commercial,Отраслевая карточка,pain_x_industry,4
как учитывать ватные материалы парикмахерские,industry,IND-051,Парикмахерские,PAIN_X_INDUSTRY,ватные материалы,waste,diagnostic,Отраслевая карточка,pain_x_industry,5
как учитывать волосы парикмахерские,industry,IND-051,Парикмахерские,PAIN_X_INDUSTRY,волосы,waste,diagnostic,Отраслевая карточка,pain_x_industry,4
как учитывать сточные воды парикмахерские,industry,IND-051,Парикмахерские,PAIN_X_INDUSTRY,сточные воды,water,diagnostic,Вода,pain_x_industry,5
как учитывать упаковка косметики парикмахерские,industry,IND-051,Парикмахерские,PAIN_X_INDUSTRY,упаковка косметики,waste,diagnostic,Отраслевая карточка,pain_x_industry,5
как хранить ватные материалы парикмахерские,industry,IND-051,Парикмахерские,PAIN_X_INDUSTRY,ватные материалы,waste,diagnostic,Отраслевая карточка,pain_x_industry,5
как хранить волосы парикмахерские,industry,IND-051,Парикмахерские,PAIN_X_INDUSTRY,волосы,waste,diagnostic,Отраслевая карточка,pain_x_industry,4
как хранить сточные воды парикмахерские,industry,IND-051,Парикмахерские,PAIN_X_INDUSTRY,сточные воды,water,diagnostic,Вода,pain_x_industry,5
как хранить упаковка косметики парикмахерские,industry,IND-051,Парикмахерские,PAIN_X_INDUSTRY,упаковка косметики,waste,diagnostic,Отраслевая карточка,pain_x_industry,5
кто принимает ватные материалы парикмахерские,industry,IND-051,Парикмахерские,PAIN_X_INDUSTRY,ватные материалы,waste,diagnostic,Отраслевая карточка,pain_x_industry,5
кто принимает волосы парикмахерские,industry,IND-051,Парикмахерские,PAIN_X_INDUSTRY,волосы,waste,diagnostic,Отраслевая карточка,pain_x_industry,4
кто принимает сточные воды парикмахерские,industry,IND-051,Парикмахерские,PAIN_X_INDUSTRY,сточные воды,water,diagnostic,Вода,pain_x_industry,5
кто принимает упаковка косметики парикмахерские,industry,IND-051,Парикмахерские,PAIN_X_INDUSTRY,упаковка косметики,waste,diagnostic,Отраслевая карточка,pain_x_industry,5
куда девать ватные материалы парикмахерские,industry,IND-051,Парикмахерские,PAIN_X_INDUSTRY,ватные материалы,waste,diagnostic,Отраслевая карточка,pain_x_industry,5
куда девать волосы парикмахерские,industry,IND-051,Парикмахерские,PAIN_X_INDUSTRY,волосы,waste,diagnostic,Отраслевая карточка,pain_x_industry,4
куда девать сточные воды парикмахерские,industry,IND-051,Парикмахерские,PAIN_X_INDUSTRY,сточные воды,water,diagnostic,Вода,pain_x_industry,5
куда девать упаковка косметики парикмахерские,industry,IND-051,Парикмахерские,PAIN_X_INDUSTRY,упаковка косметики,waste,diagnostic,Отраслевая карточка,pain_x_industry,5
куда сдавать ватные материалы парикмахерские,industry,IND-051,Парикмахерские,PAIN_X_INDUSTRY,ватные материалы,waste,diagnostic,Отраслевая карточка,pain_x_industry,5
куда сдавать волосы парикмахерские,industry,IND-051,Парикмахерские,PAIN_X_INDUSTRY,волосы,waste,diagnostic,Отраслевая карточка,pain_x_industry,4
куда сдавать сточные воды парикмахерские,industry,IND-051,Парикмахерские,PAIN_X_INDUSTRY,сточные воды,water,diagnostic,Вода,pain_x_industry,5
куда сдавать упаковка косметики парикмахерские,industry,IND-051,Парикмахерские,PAIN_X_INDUSTRY,упаковка косметики,waste,diagnostic,Отраслевая карточка,pain_x_industry,5
нужен ли договор на ватные материалы парикмахерские,industry,IND-051,Парикмахерские,PAIN_X_INDUSTRY,ватные материалы,waste,diagnostic,Отраслевая карточка,pain_x_industry,7
нужен ли договор на волосы парикмахерские,industry,IND-051,Парикмахерские,PAIN_X_INDUSTRY,волосы,waste,diagnostic,Отраслевая карточка,pain_x_industry,6
нужен ли договор на сточные воды парикмахерские,industry,IND-051,Парикмахерские,PAIN_X_INDUSTRY,сточные воды,water,diagnostic,Вода,pain_x_industry,7
нужен ли договор на упаковка косметики парикмахерские,industry,IND-051,Парикмахерские,PAIN_X_INDUSTRY,упаковка косметики,waste,diagnostic,Отраслевая карточка,pain_x_industry,7
нужен ли паспорт на ватные материалы парикмахерские,industry,IND-051,Парикмахерские,PAIN_X_INDUSTRY,ватные материалы,waste,diagnostic,Отраслевая карточка,pain_x_industry,7
нужен ли паспорт на волосы парикмахерские,industry,IND-051,Парикмахерские,PAIN_X_INDUSTRY,волосы,waste,diagnostic,Отраслевая карточка,pain_x_industry,6
нужен ли паспорт на сточные воды парикмахерские,industry,IND-051,Парикмахерские,PAIN_X_INDUSTRY,сточные воды,water,diagnostic,Вода,pain_x_industry,7
нужен ли паспорт на упаковка косметики парикмахерские,industry,IND-051,Парикмахерские,PAIN_X_INDUSTRY,упаковка косметики,waste,diagnostic,Отраслевая карточка,pain_x_industry,7
сточные воды для парикмахерские,industry,IND-051,Парикмахерские,PAIN_X_INDUSTRY,сточные воды,water,mixed,Вода,pain_x_industry,4
сточные воды на парикмахерские,industry,IND-051,Парикмахерские,PAIN_X_INDUSTRY,сточные воды,water,mixed,Вода,pain_x_industry,4
упаковка косметики для парикмахерские,industry,IND-051,Парикмахерские,PAIN_X_INDUSTRY,упаковка косметики,waste,mixed,Отраслевая карточка,pain_x_industry,4
упаковка косметики на парикмахерские,industry,IND-051,Парикмахерские,PAIN_X_INDUSTRY,упаковка косметики,waste,mixed,Отраслевая карточка,pain_x_industry,4
упаковка косметики парикмахерские,industry,IND-051,Парикмахерские,PAIN_X_INDUSTRY,упаковка косметики,waste,mixed,Отраслевая карточка,pain_x_industry,3
утилизация ватные материалы парикмахерские,industry,IND-051,Парикмахерские,PAIN_X_INDUSTRY,ватные материалы,waste,commercial,Отраслевая карточка,pain_x_industry,4
утилизация волосы парикмахерские,industry,IND-051,Парикмахерские,PAIN_X_INDUSTRY,волосы,waste,commercial,Отраслевая карточка,pain_x_industry,3
утилизация сточные воды парикмахерские,industry,IND-051,Парикмахерские,PAIN_X_INDUSTRY,сточные воды,water,commercial,Вода,pain_x_industry,4
утилизация упаковка косметики парикмахерские,industry,IND-051,Парикмахерские,PAIN_X_INDUSTRY,упаковка косметики,waste,commercial,Отраслевая карточка,pain_x_industry,4
цена утилизации ватные материалы парикмахерские,industry,IND-051,Парикмахерские,PAIN_X_INDUSTRY,ватные материалы,waste,commercial,Отраслевая карточка,pain_x_industry,5
цена утилизации волосы парикмахерские,industry,IND-051,Парикмахерские,PAIN_X_INDUSTRY,волосы,waste,commercial,Отраслевая карточка,pain_x_industry,4
цена утилизации сточные воды парикмахерские,industry,IND-051,Парикмахерские,PAIN_X_INDUSTRY,сточные воды,water,commercial,Вода,pain_x_industry,5
цена утилизации упаковка косметики парикмахерские,industry,IND-051,Парикмахерские,PAIN_X_INDUSTRY,упаковка косметики,waste,commercial,Отраслевая карточка,pain_x_industry,5
что делать с ватные материалы парикмахерские,industry,IND-051,Парикмахерские,PAIN_X_INDUSTRY,ватные материалы,waste,diagnostic,Отраслевая карточка,pain_x_industry,6
что делать с волосы парикмахерские,industry,IND-051,Парикмахерские,PAIN_X_INDUSTRY,волосы,waste,diagnostic,Отраслевая карточка,pain_x_industry,5
что делать с сточные воды парикмахерские,industry,IND-051,Парикмахерские,PAIN_X_INDUSTRY,сточные воды,water,diagnostic,Вода,pain_x_industry,6
что делать с упаковка косметики парикмахерские,industry,IND-051,Парикмахерские,PAIN_X_INDUSTRY,упаковка косметики,waste,diagnostic,Отраслевая карточка,pain_x_industry,6
2 тп отходы пищевые производства,industry,IND-007,Пищевые производства,INDUSTRY_DIRECT,,,mixed,Отходы / учёт и отчётность,industry_template,5
ПЭК пищевые производства,industry,IND-007,Пищевые производства,INDUSTRY_DIRECT,,,mixed,Отраслевая карточка,industry_template,3
выбросы пищевые производства,industry,IND-007,Пищевые производства,INDUSTRY_DIRECT,,,mixed,Воздух,industry_template,3
запуск пищевые производства экологические документы,industry,IND-007,Пищевые производства,INDUSTRY_DIRECT,,,urgent,Отраслевая карточка,industry_template,5
какая экологическая отчетность у пищевые производства,industry,IND-007,Пищевые производства,INDUSTRY_DIRECT,,,mixed,Отходы / учёт и отчётность,industry_template,6
какие требования по экологии пищевые производства,industry,IND-007,Пищевые производства,INDUSTRY_DIRECT,,,diagnostic,Отраслевая карточка,industry_template,6
какие экологические документы нужны пищевые производства,industry,IND-007,Пищевые производства,INDUSTRY_DIRECT,,,mixed,Отраслевая карточка,industry_template,6
категория НВОС пищевые производства,industry,IND-007,Пищевые производства,INDUSTRY_DIRECT,,,mixed,НВОС,industry_template,4
ливневые воды пищевые производства,industry,IND-007,Пищевые производства,INDUSTRY_DIRECT,,,mixed,Вода,industry_template,4
нужен ли эколог пищевые производства,industry,IND-007,Пищевые производства,INDUSTRY_DIRECT,,,diagnostic,Отраслевая карточка,industry_template,5
нужно ли ставить на учет НВОС пищевые производства,industry,IND-007,Пищевые производства,INDUSTRY_DIRECT,,,mixed,НВОС,industry_template,8
отходы пищевые производства,industry,IND-007,Пищевые производства,INDUSTRY_DIRECT,,,mixed,Отраслевая карточка,industry_template,3
очистные пищевые производства,industry,IND-007,Пищевые производства,INDUSTRY_DIRECT,,,mixed,Вода,industry_template,3
предписание экология пищевые производства,industry,IND-007,Пищевые производства,INDUSTRY_DIRECT,,,urgent,Отраслевая карточка,industry_template,4
проверка экология пищевые производства,industry,IND-007,Пищевые производства,INDUSTRY_DIRECT,,,urgent,Отраслевая карточка,industry_template,4
сточные воды пищевые производства,industry,IND-007,Пищевые производства,INDUSTRY_DIRECT,,,mixed,Вода,industry_template,4
учет отходов пищевые производства,industry,IND-007,Пищевые производства,INDUSTRY_DIRECT,,,mixed,Отходы / учёт и отчётность,industry_template,4
что нужно по экологии пищевые производства,industry,IND-007,Пищевые производства,INDUSTRY_DIRECT,,,mixed,Отраслевая карточка,industry_template,6
что сдавать по экологии пищевые производства,industry,IND-007,Пищевые производства,INDUSTRY_DIRECT,,,mixed,Отраслевая карточка,industry_template,6
штраф экология пищевые производства,industry,IND-007,Пищевые производства,INDUSTRY_DIRECT,,,urgent,Отраслевая карточка,industry_template,4
анализ сточные воды,industry,IND-007,Пищевые производства,PAIN_ACTION,сточные воды,water,mixed,Вода,pain_action,3
вывоз органические отходы,industry,IND-007,Пищевые производства,PAIN_ACTION,органические отходы,waste,commercial,Отраслевая карточка,pain_action,3
вывоз пищевые отходы,industry,IND-007,Пищевые производства,PAIN_ACTION,пищевые отходы,waste,commercial,Отраслевая карточка,pain_action,3
вывоз упаковка,industry,IND-007,Пищевые производства,PAIN_ACTION,упаковка,waste,commercial,Отраслевая карточка,pain_action,2
жалобы на запах,industry,IND-007,Пищевые производства,PAIN_ACTION,запах,air,mixed,Воздух,pain_action,3
как накапливать органические отходы,industry,IND-007,Пищевые производства,PAIN_ACTION,органические отходы,waste,mixed,Отраслевая карточка,pain_action,4
как накапливать пищевые отходы,industry,IND-007,Пищевые производства,PAIN_ACTION,пищевые отходы,waste,mixed,Отраслевая карточка,pain_action,4
как накапливать упаковка,industry,IND-007,Пищевые производства,PAIN_ACTION,упаковка,waste,mixed,Отраслевая карточка,pain_action,3
как обслуживать жироуловитель,industry,IND-007,Пищевые производства,PAIN_ACTION,жироуловитель,equipment,mixed,Отраслевая карточка,pain_action,3
как очищать сточные воды,industry,IND-007,Пищевые производства,PAIN_ACTION,сточные воды,water,mixed,Вода,pain_action,4
как уменьшить запах,industry,IND-007,Пищевые производства,PAIN_ACTION,запах,air,mixed,Воздух,pain_action,3
как учитывать органические отходы,industry,IND-007,Пищевые производства,PAIN_ACTION,органические отходы,waste,diagnostic,Отраслевая карточка,pain_action,4
как учитывать пищевые отходы,industry,IND-007,Пищевые производства,PAIN_ACTION,пищевые отходы,waste,diagnostic,Отраслевая карточка,pain_action,4
как учитывать упаковка,industry,IND-007,Пищевые производства,PAIN_ACTION,упаковка,waste,diagnostic,Отраслевая карточка,pain_action,3
как хранить органические отходы,industry,IND-007,Пищевые производства,PAIN_ACTION,органические отходы,waste,diagnostic,Отраслевая карточка,pain_action,4
как хранить пищевые отходы,industry,IND-007,Пищевые производства,PAIN_ACTION,пищевые отходы,waste,diagnostic,Отраслевая карточка,pain_action,4
как хранить упаковка,industry,IND-007,Пищевые производства,PAIN_ACTION,упаковка,waste,diagnostic,Отраслевая карточка,pain_action,3
какие документы на жироуловитель,industry,IND-007,Пищевые производства,PAIN_ACTION,жироуловитель,equipment,diagnostic,Отраслевая карточка,pain_action,4
какой класс опасности органические отходы,industry,IND-007,Пищевые производства,PAIN_ACTION,органические отходы,waste,mixed,Отраслевая карточка,pain_action,5
какой класс опасности пищевые отходы,industry,IND-007,Пищевые производства,PAIN_ACTION,пищевые отходы,waste,mixed,Отраслевая карточка,pain_action,5
какой класс опасности упаковка,industry,IND-007,Пищевые производства,PAIN_ACTION,упаковка,waste,mixed,Отраслевая карточка,pain_action,4
контроль запах,industry,IND-007,Пищевые производства,PAIN_ACTION,запах,air,mixed,Воздух,pain_action,2
контроль сточные воды,industry,IND-007,Пищевые производства,PAIN_ACTION,сточные воды,water,mixed,Вода,pain_action,3
кто забирает органические отходы,industry,IND-007,Пищевые производства,PAIN_ACTION,органические отходы,waste,mixed,Отраслевая карточка,pain_action,4
кто забирает пищевые отходы,industry,IND-007,Пищевые производства,PAIN_ACTION,пищевые отходы,waste,mixed,Отраслевая карточка,pain_action,4
кто забирает упаковка,industry,IND-007,Пищевые производства,PAIN_ACTION,упаковка,waste,mixed,Отраслевая карточка,pain_action,3
кто принимает органические отходы,industry,IND-007,Пищевые производства,PAIN_ACTION,органические отходы,waste,diagnostic,Отраслевая карточка,pain_action,4
кто принимает пищевые отходы,industry,IND-007,Пищевые производства,PAIN_ACTION,пищевые отходы,waste,diagnostic,Отраслевая карточка,pain_action,4
кто принимает упаковка,industry,IND-007,Пищевые производства,PAIN_ACTION,упаковка,waste,diagnostic,Отраслевая карточка,pain_action,3
куда девать органические отходы,industry,IND-007,Пищевые производства,PAIN_ACTION,органические отходы,waste,diagnostic,Отраслевая карточка,pain_action,4
куда девать пищевые отходы,industry,IND-007,Пищевые производства,PAIN_ACTION,пищевые отходы,waste,diagnostic,Отраслевая карточка,pain_action,4
куда девать упаковка,industry,IND-007,Пищевые производства,PAIN_ACTION,упаковка,waste,diagnostic,Отраслевая карточка,pain_action,3
куда отводить сточные воды,industry,IND-007,Пищевые производства,PAIN_ACTION,сточные воды,water,diagnostic,Вода,pain_action,4
куда передавать органические отходы,industry,IND-007,Пищевые производства,PAIN_ACTION,органические отходы,waste,diagnostic,Отраслевая карточка,pain_action,4
куда передавать пищевые отходы,industry,IND-007,Пищевые производства,PAIN_ACTION,пищевые отходы,waste,diagnostic,Отраслевая карточка,pain_action,4
куда передавать упаковка,industry,IND-007,Пищевые производства,PAIN_ACTION,упаковка,waste,diagnostic,Отраслевая карточка,pain_action,3
куда сдавать органические отходы,industry,IND-007,Пищевые производства,PAIN_ACTION,органические отходы,waste,diagnostic,Отраслевая карточка,pain_action,4
куда сдавать пищевые отходы,industry,IND-007,Пищевые производства,PAIN_ACTION,пищевые отходы,waste,diagnostic,Отраслевая карточка,pain_action,4
куда сдавать упаковка,industry,IND-007,Пищевые производства,PAIN_ACTION,упаковка,waste,diagnostic,Отраслевая карточка,pain_action,3
куда сливать сточные воды,industry,IND-007,Пищевые производства,PAIN_ACTION,сточные воды,water,diagnostic,Вода,pain_action,4
можно ли выбрасывать органические отходы,industry,IND-007,Пищевые производства,PAIN_ACTION,органические отходы,waste,mixed,Отраслевая карточка,pain_action,5
можно ли выбрасывать пищевые отходы,industry,IND-007,Пищевые производства,PAIN_ACTION,пищевые отходы,waste,mixed,Отраслевая карточка,pain_action,5
можно ли выбрасывать упаковка,industry,IND-007,Пищевые производства,PAIN_ACTION,упаковка,waste,mixed,Отраслевая карточка,pain_action,4
можно ли сбрасывать сточные воды,industry,IND-007,Пищевые производства,PAIN_ACTION,сточные воды,water,mixed,Вода,pain_action,5
можно ли хранить органические отходы на улице,industry,IND-007,Пищевые производства,PAIN_ACTION,органические отходы,waste,mixed,Отраслевая карточка,pain_action,7
можно ли хранить пищевые отходы на улице,industry,IND-007,Пищевые производства,PAIN_ACTION,пищевые отходы,waste,mixed,Отраслевая карточка,pain_action,7
можно ли хранить упаковка на улице,industry,IND-007,Пищевые производства,PAIN_ACTION,упаковка,waste,mixed,Отраслевая карточка,pain_action,6
нормативы запах,industry,IND-007,Пищевые производства,PAIN_ACTION,запах,air,mixed,Воздух,pain_action,2
нормативы сточные воды,industry,IND-007,Пищевые производства,PAIN_ACTION,сточные воды,water,mixed,Вода,pain_action,3
нужен ли договор на органические отходы,industry,IND-007,Пищевые производства,PAIN_ACTION,органические отходы,waste,diagnostic,Отраслевая карточка,pain_action,6
нужен ли договор на пищевые отходы,industry,IND-007,Пищевые производства,PAIN_ACTION,пищевые отходы,waste,diagnostic,Отраслевая карточка,pain_action,6
нужен ли договор на упаковка,industry,IND-007,Пищевые производства,PAIN_ACTION,упаковка,waste,diagnostic,Отраслевая карточка,pain_action,5
нужен ли контроль жироуловитель,industry,IND-007,Пищевые производства,PAIN_ACTION,жироуловитель,equipment,diagnostic,Отраслевая карточка,pain_action,4
нужен ли паспорт на органические отходы,industry,IND-007,Пищевые производства,PAIN_ACTION,органические отходы,waste,diagnostic,Паспорта отходов,pain_action,6
нужен ли паспорт на пищевые отходы,industry,IND-007,Пищевые производства,PAIN_ACTION,пищевые отходы,waste,diagnostic,Паспорта отходов,pain_action,6
нужен ли паспорт на упаковка,industry,IND-007,Пищевые производства,PAIN_ACTION,упаковка,waste,diagnostic,Отраслевая карточка,pain_action,5
нужна ли жироуловитель,industry,IND-007,Пищевые производства,PAIN_ACTION,жироуловитель,equipment,mixed,Отраслевая карточка,pain_action,3
нужна ли инвентаризация запах,industry,IND-007,Пищевые производства,PAIN_ACTION,запах,air,mixed,Воздух,pain_action,4
нужно ли учитывать запах,industry,IND-007,Пищевые производства,PAIN_ACTION,запах,air,mixed,Воздух,pain_action,4
нужны ли очистные для сточные воды,industry,IND-007,Пищевые производства,PAIN_ACTION,сточные воды,water,mixed,Вода,pain_action,6
обезвреживание органические отходы,industry,IND-007,Пищевые производства,PAIN_ACTION,органические отходы,waste,commercial,Отраслевая карточка,pain_action,3
обезвреживание пищевые отходы,industry,IND-007,Пищевые производства,PAIN_ACTION,пищевые отходы,waste,commercial,Отраслевая карточка,pain_action,3
обезвреживание упаковка,industry,IND-007,Пищевые производства,PAIN_ACTION,упаковка,waste,commercial,Отраслевая карточка,pain_action,2
переработка органические отходы,industry,IND-007,Пищевые производства,PAIN_ACTION,органические отходы,waste,mixed,Отраслевая карточка,pain_action,3
переработка пищевые отходы,industry,IND-007,Пищевые производства,PAIN_ACTION,пищевые отходы,waste,mixed,Отраслевая карточка,pain_action,3
переработка упаковка,industry,IND-007,Пищевые производства,PAIN_ACTION,упаковка,waste,mixed,Отраслевая карточка,pain_action,2
прием органические отходы,industry,IND-007,Пищевые производства,PAIN_ACTION,органические отходы,waste,mixed,Отраслевая карточка,pain_action,3
прием пищевые отходы,industry,IND-007,Пищевые производства,PAIN_ACTION,пищевые отходы,waste,mixed,Отраслевая карточка,pain_action,3
прием упаковка,industry,IND-007,Пищевые производства,PAIN_ACTION,упаковка,waste,mixed,Отраслевая карточка,pain_action,2
проверка жироуловитель,industry,IND-007,Пищевые производства,PAIN_ACTION,жироуловитель,equipment,urgent,Отраслевая карточка,pain_action,2
размещение органические отходы,industry,IND-007,Пищевые производства,PAIN_ACTION,органические отходы,waste,commercial,Отраслевая карточка,pain_action,3
размещение пищевые отходы,industry,IND-007,Пищевые производства,PAIN_ACTION,пищевые отходы,waste,commercial,Отраслевая карточка,pain_action,3
размещение упаковка,industry,IND-007,Пищевые производства,PAIN_ACTION,упаковка,waste,commercial,Отраслевая карточка,pain_action,2
стоимость утилизации органические отходы,industry,IND-007,Пищевые производства,PAIN_ACTION,органические отходы,waste,commercial,Отраслевая карточка,pain_action,4
стоимость утилизации пищевые отходы,industry,IND-007,Пищевые производства,PAIN_ACTION,пищевые отходы,waste,commercial,Отраслевая карточка,pain_action,4
стоимость утилизации упаковка,industry,IND-007,Пищевые производства,PAIN_ACTION,упаковка,waste,commercial,Отраслевая карточка,pain_action,3
требования к жироуловитель,industry,IND-007,Пищевые производства,PAIN_ACTION,жироуловитель,equipment,mixed,Отраслевая карточка,pain_action,3
требования к запах,industry,IND-007,Пищевые производства,PAIN_ACTION,запах,air,mixed,Воздух,pain_action,3
требования к сточные воды,industry,IND-007,Пищевые производства,PAIN_ACTION,сточные воды,water,mixed,Вода,pain_action,4
утилизация органические отходы,industry,IND-007,Пищевые производства,PAIN_ACTION,органические отходы,waste,commercial,Отраслевая карточка,pain_action,3
утилизация пищевые отходы,industry,IND-007,Пищевые производства,PAIN_ACTION,пищевые отходы,waste,commercial,Отраслевая карточка,pain_action,3
утилизация упаковка,industry,IND-007,Пищевые производства,PAIN_ACTION,упаковка,waste,commercial,Отраслевая карточка,pain_action,2
учет сточные воды,industry,IND-007,Пищевые производства,PAIN_ACTION,сточные воды,water,mixed,Вода,pain_action,3
цена вывоза органические отходы,industry,IND-007,Пищевые производства,PAIN_ACTION,органические отходы,waste,commercial,Отраслевая карточка,pain_action,4
цена вывоза пищевые отходы,industry,IND-007,Пищевые производства,PAIN_ACTION,пищевые отходы,waste,commercial,Отраслевая карточка,pain_action,4
цена вывоза упаковка,industry,IND-007,Пищевые производства,PAIN_ACTION,упаковка,waste,commercial,Отраслевая карточка,pain_action,3
что делать если есть жироуловитель,industry,IND-007,Пищевые производства,PAIN_ACTION,жироуловитель,equipment,diagnostic,Отраслевая карточка,pain_action,5
что делать с запах,industry,IND-007,Пищевые производства,PAIN_ACTION,запах,air,diagnostic,Воздух,pain_action,4
что делать с органические отходы,industry,IND-007,Пищевые производства,PAIN_ACTION,органические отходы,waste,diagnostic,Отраслевая карточка,pain_action,5
что делать с пищевые отходы,industry,IND-007,Пищевые производства,PAIN_ACTION,пищевые отходы,waste,diagnostic,Отраслевая карточка,pain_action,5
что делать с сточные воды,industry,IND-007,Пищевые производства,PAIN_ACTION,сточные воды,water,diagnostic,Вода,pain_action,5
что делать с упаковка,industry,IND-007,Пищевые производства,PAIN_ACTION,упаковка,waste,diagnostic,Отраслевая карточка,pain_action,4
вывоз жироуловитель пищевые производства,industry,IND-007,Пищевые производства,PAIN_X_INDUSTRY,жироуловитель,equipment,commercial,Отраслевая карточка,pain_x_industry,4
вывоз запах пищевые производства,industry,IND-007,Пищевые производства,PAIN_X_INDUSTRY,запах,air,commercial,Воздух,pain_x_industry,4
вывоз органические отходы пищевые производства,industry,IND-007,Пищевые производства,PAIN_X_INDUSTRY,органические отходы,waste,commercial,Отраслевая карточка,pain_x_industry,5
вывоз пищевые отходы пищевые производства,industry,IND-007,Пищевые производства,PAIN_X_INDUSTRY,пищевые отходы,waste,commercial,Отраслевая карточка,pain_x_industry,5
вывоз сточные воды пищевые производства,industry,IND-007,Пищевые производства,PAIN_X_INDUSTRY,сточные воды,water,commercial,Вода,pain_x_industry,5
вывоз упаковка пищевые производства,industry,IND-007,Пищевые производства,PAIN_X_INDUSTRY,упаковка,waste,commercial,Отраслевая карточка,pain_x_industry,4
жироуловитель для пищевые производства,industry,IND-007,Пищевые производства,PAIN_X_INDUSTRY,жироуловитель,equipment,mixed,Отраслевая карточка,pain_x_industry,4
жироуловитель на пищевые производства,industry,IND-007,Пищевые производства,PAIN_X_INDUSTRY,жироуловитель,equipment,mixed,Отраслевая карточка,pain_x_industry,4
жироуловитель пищевые производства,industry,IND-007,Пищевые производства,PAIN_X_INDUSTRY,жироуловитель,equipment,mixed,Отраслевая карточка,pain_x_industry,3
запах для пищевые производства,industry,IND-007,Пищевые производства,PAIN_X_INDUSTRY,запах,air,mixed,Воздух,pain_x_industry,4
запах на пищевые производства,industry,IND-007,Пищевые производства,PAIN_X_INDUSTRY,запах,air,mixed,Воздух,pain_x_industry,4
запах пищевые производства,industry,IND-007,Пищевые производства,PAIN_X_INDUSTRY,запах,air,mixed,Воздух,pain_x_industry,3
как учитывать жироуловитель пищевые производства,industry,IND-007,Пищевые производства,PAIN_X_INDUSTRY,жироуловитель,equipment,diagnostic,Отраслевая карточка,pain_x_industry,5
как учитывать запах пищевые производства,industry,IND-007,Пищевые производства,PAIN_X_INDUSTRY,запах,air,diagnostic,Воздух,pain_x_industry,5
как учитывать органические отходы пищевые производства,industry,IND-007,Пищевые производства,PAIN_X_INDUSTRY,органические отходы,waste,diagnostic,Отраслевая карточка,pain_x_industry,6
как учитывать пищевые отходы пищевые производства,industry,IND-007,Пищевые производства,PAIN_X_INDUSTRY,пищевые отходы,waste,diagnostic,Отраслевая карточка,pain_x_industry,6
как учитывать сточные воды пищевые производства,industry,IND-007,Пищевые производства,PAIN_X_INDUSTRY,сточные воды,water,diagnostic,Вода,pain_x_industry,6
как учитывать упаковка пищевые производства,industry,IND-007,Пищевые производства,PAIN_X_INDUSTRY,упаковка,waste,diagnostic,Отраслевая карточка,pain_x_industry,5
как хранить жироуловитель пищевые производства,industry,IND-007,Пищевые производства,PAIN_X_INDUSTRY,жироуловитель,equipment,diagnostic,Отраслевая карточка,pain_x_industry,5
как хранить запах пищевые производства,industry,IND-007,Пищевые производства,PAIN_X_INDUSTRY,запах,air,diagnostic,Воздух,pain_x_industry,5
как хранить органические отходы пищевые производства,industry,IND-007,Пищевые производства,PAIN_X_INDUSTRY,органические отходы,waste,diagnostic,Отраслевая карточка,pain_x_industry,6
как хранить пищевые отходы пищевые производства,industry,IND-007,Пищевые производства,PAIN_X_INDUSTRY,пищевые отходы,waste,diagnostic,Отраслевая карточка,pain_x_industry,6
как хранить сточные воды пищевые производства,industry,IND-007,Пищевые производства,PAIN_X_INDUSTRY,сточные воды,water,diagnostic,Вода,pain_x_industry,6
как хранить упаковка пищевые производства,industry,IND-007,Пищевые производства,PAIN_X_INDUSTRY,упаковка,waste,diagnostic,Отраслевая карточка,pain_x_industry,5
кто принимает жироуловитель пищевые производства,industry,IND-007,Пищевые производства,PAIN_X_INDUSTRY,жироуловитель,equipment,diagnostic,Отраслевая карточка,pain_x_industry,5
кто принимает запах пищевые производства,industry,IND-007,Пищевые производства,PAIN_X_INDUSTRY,запах,air,diagnostic,Воздух,pain_x_industry,5
кто принимает органические отходы пищевые производства,industry,IND-007,Пищевые производства,PAIN_X_INDUSTRY,органические отходы,waste,diagnostic,Отраслевая карточка,pain_x_industry,6
кто принимает пищевые отходы пищевые производства,industry,IND-007,Пищевые производства,PAIN_X_INDUSTRY,пищевые отходы,waste,diagnostic,Отраслевая карточка,pain_x_industry,6
кто принимает сточные воды пищевые производства,industry,IND-007,Пищевые производства,PAIN_X_INDUSTRY,сточные воды,water,diagnostic,Вода,pain_x_industry,6
кто принимает упаковка пищевые производства,industry,IND-007,Пищевые производства,PAIN_X_INDUSTRY,упаковка,waste,diagnostic,Отраслевая карточка,pain_x_industry,5
куда девать жироуловитель пищевые производства,industry,IND-007,Пищевые производства,PAIN_X_INDUSTRY,жироуловитель,equipment,diagnostic,Отраслевая карточка,pain_x_industry,5
куда девать запах пищевые производства,industry,IND-007,Пищевые производства,PAIN_X_INDUSTRY,запах,air,diagnostic,Воздух,pain_x_industry,5
куда девать органические отходы пищевые производства,industry,IND-007,Пищевые производства,PAIN_X_INDUSTRY,органические отходы,waste,diagnostic,Отраслевая карточка,pain_x_industry,6
куда девать пищевые отходы пищевые производства,industry,IND-007,Пищевые производства,PAIN_X_INDUSTRY,пищевые отходы,waste,diagnostic,Отраслевая карточка,pain_x_industry,6
куда девать сточные воды пищевые производства,industry,IND-007,Пищевые производства,PAIN_X_INDUSTRY,сточные воды,water,diagnostic,Вода,pain_x_industry,6
куда девать упаковка пищевые производства,industry,IND-007,Пищевые производства,PAIN_X_INDUSTRY,упаковка,waste,diagnostic,Отраслевая карточка,pain_x_industry,5
куда сдавать жироуловитель пищевые производства,industry,IND-007,Пищевые производства,PAIN_X_INDUSTRY,жироуловитель,equipment,diagnostic,Отраслевая карточка,pain_x_industry,5
куда сдавать запах пищевые производства,industry,IND-007,Пищевые производства,PAIN_X_INDUSTRY,запах,air,diagnostic,Воздух,pain_x_industry,5
куда сдавать органические отходы пищевые производства,industry,IND-007,Пищевые производства,PAIN_X_INDUSTRY,органические отходы,waste,diagnostic,Отраслевая карточка,pain_x_industry,6
куда сдавать пищевые отходы пищевые производства,industry,IND-007,Пищевые производства,PAIN_X_INDUSTRY,пищевые отходы,waste,diagnostic,Отраслевая карточка,pain_x_industry,6
куда сдавать сточные воды пищевые производства,industry,IND-007,Пищевые производства,PAIN_X_INDUSTRY,сточные воды,water,diagnostic,Вода,pain_x_industry,6
куда сдавать упаковка пищевые производства,industry,IND-007,Пищевые производства,PAIN_X_INDUSTRY,упаковка,waste,diagnostic,Отраслевая карточка,pain_x_industry,5
нужен ли договор на жироуловитель пищевые производства,industry,IND-007,Пищевые производства,PAIN_X_INDUSTRY,жироуловитель,equipment,diagnostic,Отраслевая карточка,pain_x_industry,7
нужен ли договор на запах пищевые производства,industry,IND-007,Пищевые производства,PAIN_X_INDUSTRY,запах,air,diagnostic,Воздух,pain_x_industry,7
нужен ли договор на органические отходы пищевые производства,industry,IND-007,Пищевые производства,PAIN_X_INDUSTRY,органические отходы,waste,diagnostic,Отраслевая карточка,pain_x_industry,8
нужен ли договор на пищевые отходы пищевые производства,industry,IND-007,Пищевые производства,PAIN_X_INDUSTRY,пищевые отходы,waste,diagnostic,Отраслевая карточка,pain_x_industry,8
нужен ли договор на сточные воды пищевые производства,industry,IND-007,Пищевые производства,PAIN_X_INDUSTRY,сточные воды,water,diagnostic,Вода,pain_x_industry,8
нужен ли договор на упаковка пищевые производства,industry,IND-007,Пищевые производства,PAIN_X_INDUSTRY,упаковка,waste,diagnostic,Отраслевая карточка,pain_x_industry,7
нужен ли паспорт на жироуловитель пищевые производства,industry,IND-007,Пищевые производства,PAIN_X_INDUSTRY,жироуловитель,equipment,diagnostic,Отраслевая карточка,pain_x_industry,7
нужен ли паспорт на запах пищевые производства,industry,IND-007,Пищевые производства,PAIN_X_INDUSTRY,запах,air,diagnostic,Воздух,pain_x_industry,7
нужен ли паспорт на органические отходы пищевые производства,industry,IND-007,Пищевые производства,PAIN_X_INDUSTRY,органические отходы,waste,diagnostic,Паспорта отходов,pain_x_industry,8
нужен ли паспорт на пищевые отходы пищевые производства,industry,IND-007,Пищевые производства,PAIN_X_INDUSTRY,пищевые отходы,waste,diagnostic,Паспорта отходов,pain_x_industry,8
нужен ли паспорт на сточные воды пищевые производства,industry,IND-007,Пищевые производства,PAIN_X_INDUSTRY,сточные воды,water,diagnostic,Вода,pain_x_industry,8
нужен ли паспорт на упаковка пищевые производства,industry,IND-007,Пищевые производства,PAIN_X_INDUSTRY,упаковка,waste,diagnostic,Отраслевая карточка,pain_x_industry,7
органические отходы для пищевые производства,industry,IND-007,Пищевые производства,PAIN_X_INDUSTRY,органические отходы,waste,mixed,Отраслевая карточка,pain_x_industry,5
органические отходы на пищевые производства,industry,IND-007,Пищевые производства,PAIN_X_INDUSTRY,органические отходы,waste,mixed,Отраслевая карточка,pain_x_industry,5
органические отходы пищевые производства,industry,IND-007,Пищевые производства,PAIN_X_INDUSTRY,органические отходы,waste,mixed,Отраслевая карточка,pain_x_industry,4
пищевые отходы для пищевые производства,industry,IND-007,Пищевые производства,PAIN_X_INDUSTRY,пищевые отходы,waste,mixed,Отраслевая карточка,pain_x_industry,5
пищевые отходы на пищевые производства,industry,IND-007,Пищевые производства,PAIN_X_INDUSTRY,пищевые отходы,waste,mixed,Отраслевая карточка,pain_x_industry,5
пищевые отходы пищевые производства,industry,IND-007,Пищевые производства,PAIN_X_INDUSTRY,пищевые отходы,waste,mixed,Отраслевая карточка,pain_x_industry,4
сточные воды для пищевые производства,industry,IND-007,Пищевые производства,PAIN_X_INDUSTRY,сточные воды,water,mixed,Вода,pain_x_industry,5
сточные воды на пищевые производства,industry,IND-007,Пищевые производства,PAIN_X_INDUSTRY,сточные воды,water,mixed,Вода,pain_x_industry,5
упаковка для пищевые производства,industry,IND-007,Пищевые производства,PAIN_X_INDUSTRY,упаковка,waste,mixed,Отраслевая карточка,pain_x_industry,4
упаковка на пищевые производства,industry,IND-007,Пищевые производства,PAIN_X_INDUSTRY,упаковка,waste,mixed,Отраслевая карточка,pain_x_industry,4
упаковка пищевые производства,industry,IND-007,Пищевые производства,PAIN_X_INDUSTRY,упаковка,waste,mixed,Отраслевая карточка,pain_x_industry,3
утилизация жироуловитель пищевые производства,industry,IND-007,Пищевые производства,PAIN_X_INDUSTRY,жироуловитель,equipment,commercial,Отраслевая карточка,pain_x_industry,4
утилизация запах пищевые производства,industry,IND-007,Пищевые производства,PAIN_X_INDUSTRY,запах,air,commercial,Воздух,pain_x_industry,4
утилизация органические отходы пищевые производства,industry,IND-007,Пищевые производства,PAIN_X_INDUSTRY,органические отходы,waste,commercial,Отраслевая карточка,pain_x_industry,5
утилизация пищевые отходы пищевые производства,industry,IND-007,Пищевые производства,PAIN_X_INDUSTRY,пищевые отходы,waste,commercial,Отраслевая карточка,pain_x_industry,5
утилизация сточные воды пищевые производства,industry,IND-007,Пищевые производства,PAIN_X_INDUSTRY,сточные воды,water,commercial,Вода,pain_x_industry,5
утилизация упаковка пищевые производства,industry,IND-007,Пищевые производства,PAIN_X_INDUSTRY,упаковка,waste,commercial,Отраслевая карточка,pain_x_industry,4
цена утилизации жироуловитель пищевые производства,industry,IND-007,Пищевые производства,PAIN_X_INDUSTRY,жироуловитель,equipment,commercial,Отраслевая карточка,pain_x_industry,5
цена утилизации запах пищевые производства,industry,IND-007,Пищевые производства,PAIN_X_INDUSTRY,запах,air,commercial,Воздух,pain_x_industry,5
цена утилизации органические отходы пищевые производства,industry,IND-007,Пищевые производства,PAIN_X_INDUSTRY,органические отходы,waste,commercial,Отраслевая карточка,pain_x_industry,6
цена утилизации пищевые отходы пищевые производства,industry,IND-007,Пищевые производства,PAIN_X_INDUSTRY,пищевые отходы,waste,commercial,Отраслевая карточка,pain_x_industry,6
цена утилизации сточные воды пищевые производства,industry,IND-007,Пищевые производства,PAIN_X_INDUSTRY,сточные воды,water,commercial,Вода,pain_x_industry,6
цена утилизации упаковка пищевые производства,industry,IND-007,Пищевые производства,PAIN_X_INDUSTRY,упаковка,waste,commercial,Отраслевая карточка,pain_x_industry,5
что делать с жироуловитель пищевые производства,industry,IND-007,Пищевые производства,PAIN_X_INDUSTRY,жироуловитель,equipment,diagnostic,Отраслевая карточка,pain_x_industry,6
что делать с запах пищевые производства,industry,IND-007,Пищевые производства,PAIN_X_INDUSTRY,запах,air,diagnostic,Воздух,pain_x_industry,6
что делать с органические отходы пищевые производства,industry,IND-007,Пищевые производства,PAIN_X_INDUSTRY,органические отходы,waste,diagnostic,Отраслевая карточка,pain_x_industry,7
что делать с пищевые отходы пищевые производства,industry,IND-007,Пищевые производства,PAIN_X_INDUSTRY,пищевые отходы,waste,diagnostic,Отраслевая карточка,pain_x_industry,7
что делать с сточные воды пищевые производства,industry,IND-007,Пищевые производства,PAIN_X_INDUSTRY,сточные воды,water,diagnostic,Вода,pain_x_industry,7
что делать с упаковка пищевые производства,industry,IND-007,Пищевые производства,PAIN_X_INDUSTRY,упаковка,waste,diagnostic,Отраслевая карточка,pain_x_industry,6
2 тп отходы полиграфия / типографии,industry,IND-027,Полиграфия / типографии,INDUSTRY_DIRECT,,,mixed,Отходы / учёт и отчётность,industry_template,6
ПЭК полиграфия / типографии,industry,IND-027,Полиграфия / типографии,INDUSTRY_DIRECT,,,mixed,Отраслевая карточка,industry_template,4
выбросы полиграфия / типографии,industry,IND-027,Полиграфия / типографии,INDUSTRY_DIRECT,,,mixed,Воздух,industry_template,4
запуск полиграфия / типографии экологические документы,industry,IND-027,Полиграфия / типографии,INDUSTRY_DIRECT,,,urgent,Отраслевая карточка,industry_template,6
какая экологическая отчетность у полиграфия / типографии,industry,IND-027,Полиграфия / типографии,INDUSTRY_DIRECT,,,mixed,Отходы / учёт и отчётность,industry_template,7
какие требования по экологии полиграфия / типографии,industry,IND-027,Полиграфия / типографии,INDUSTRY_DIRECT,,,diagnostic,Отраслевая карточка,industry_template,7
какие экологические документы нужны полиграфия / типографии,industry,IND-027,Полиграфия / типографии,INDUSTRY_DIRECT,,,mixed,Отраслевая карточка,industry_template,7
категория НВОС полиграфия / типографии,industry,IND-027,Полиграфия / типографии,INDUSTRY_DIRECT,,,mixed,НВОС,industry_template,5
ливневые воды полиграфия / типографии,industry,IND-027,Полиграфия / типографии,INDUSTRY_DIRECT,,,mixed,Вода,industry_template,5
нужен ли эколог полиграфия / типографии,industry,IND-027,Полиграфия / типографии,INDUSTRY_DIRECT,,,diagnostic,Отраслевая карточка,industry_template,6
нужно ли ставить на учет НВОС полиграфия / типографии,industry,IND-027,Полиграфия / типографии,INDUSTRY_DIRECT,,,mixed,НВОС,industry_template,9
отходы полиграфия / типографии,industry,IND-027,Полиграфия / типографии,INDUSTRY_DIRECT,,,mixed,Отраслевая карточка,industry_template,4
очистные полиграфия / типографии,industry,IND-027,Полиграфия / типографии,INDUSTRY_DIRECT,,,mixed,Вода,industry_template,4
предписание экология полиграфия / типографии,industry,IND-027,Полиграфия / типографии,INDUSTRY_DIRECT,,,urgent,Отраслевая карточка,industry_template,5
проверка экология полиграфия / типографии,industry,IND-027,Полиграфия / типографии,INDUSTRY_DIRECT,,,urgent,Отраслевая карточка,industry_template,5
сточные воды полиграфия / типографии,industry,IND-027,Полиграфия / типографии,INDUSTRY_DIRECT,,,mixed,Вода,industry_template,5
учет отходов полиграфия / типографии,industry,IND-027,Полиграфия / типографии,INDUSTRY_DIRECT,,,mixed,Отходы / учёт и отчётность,industry_template,5
что нужно по экологии полиграфия / типографии,industry,IND-027,Полиграфия / типографии,INDUSTRY_DIRECT,,,mixed,Отраслевая карточка,industry_template,7
что сдавать по экологии полиграфия / типографии,industry,IND-027,Полиграфия / типографии,INDUSTRY_DIRECT,,,mixed,Отраслевая карточка,industry_template,7
штраф экология полиграфия / типографии,industry,IND-027,Полиграфия / типографии,INDUSTRY_DIRECT,,,urgent,Отраслевая карточка,industry_template,5
вывоз ветошь,industry,IND-027,Полиграфия / типографии,PAIN_ACTION,ветошь,waste,commercial,Отраслевая карточка,pain_action,2
вывоз краски,industry,IND-027,Полиграфия / типографии,PAIN_ACTION,краски,waste,commercial,Отраслевая карточка,pain_action,2
вывоз макулатура,industry,IND-027,Полиграфия / типографии,PAIN_ACTION,макулатура,waste,commercial,Отраслевая карточка,pain_action,2
вывоз пленка,industry,IND-027,Полиграфия / типографии,PAIN_ACTION,пленка,waste,commercial,Отраслевая карточка,pain_action,2
вывоз растворители,industry,IND-027,Полиграфия / типографии,PAIN_ACTION,растворители,waste,commercial,Отраслевая карточка,pain_action,2
как накапливать ветошь,industry,IND-027,Полиграфия / типографии,PAIN_ACTION,ветошь,waste,mixed,Отраслевая карточка,pain_action,3
как накапливать краски,industry,IND-027,Полиграфия / типографии,PAIN_ACTION,краски,waste,mixed,Отраслевая карточка,pain_action,3
как накапливать макулатура,industry,IND-027,Полиграфия / типографии,PAIN_ACTION,макулатура,waste,mixed,Отраслевая карточка,pain_action,3
как накапливать пленка,industry,IND-027,Полиграфия / типографии,PAIN_ACTION,пленка,waste,mixed,Отраслевая карточка,pain_action,3
как накапливать растворители,industry,IND-027,Полиграфия / типографии,PAIN_ACTION,растворители,waste,mixed,Отраслевая карточка,pain_action,3
как учитывать ветошь,industry,IND-027,Полиграфия / типографии,PAIN_ACTION,ветошь,waste,diagnostic,Отраслевая карточка,pain_action,3
как учитывать краски,industry,IND-027,Полиграфия / типографии,PAIN_ACTION,краски,waste,diagnostic,Отраслевая карточка,pain_action,3
как учитывать макулатура,industry,IND-027,Полиграфия / типографии,PAIN_ACTION,макулатура,waste,diagnostic,Отраслевая карточка,pain_action,3
как учитывать пленка,industry,IND-027,Полиграфия / типографии,PAIN_ACTION,пленка,waste,diagnostic,Отраслевая карточка,pain_action,3
как учитывать растворители,industry,IND-027,Полиграфия / типографии,PAIN_ACTION,растворители,waste,diagnostic,Отраслевая карточка,pain_action,3
как хранить ветошь,industry,IND-027,Полиграфия / типографии,PAIN_ACTION,ветошь,waste,diagnostic,Отраслевая карточка,pain_action,3
как хранить краски,industry,IND-027,Полиграфия / типографии,PAIN_ACTION,краски,waste,diagnostic,Отраслевая карточка,pain_action,3
как хранить макулатура,industry,IND-027,Полиграфия / типографии,PAIN_ACTION,макулатура,waste,diagnostic,Отраслевая карточка,pain_action,3
как хранить пленка,industry,IND-027,Полиграфия / типографии,PAIN_ACTION,пленка,waste,diagnostic,Отраслевая карточка,pain_action,3
как хранить растворители,industry,IND-027,Полиграфия / типографии,PAIN_ACTION,растворители,waste,diagnostic,Отраслевая карточка,pain_action,3
какой класс опасности ветошь,industry,IND-027,Полиграфия / типографии,PAIN_ACTION,ветошь,waste,mixed,Отраслевая карточка,pain_action,4
какой класс опасности краски,industry,IND-027,Полиграфия / типографии,PAIN_ACTION,краски,waste,mixed,Отраслевая карточка,pain_action,4
какой класс опасности макулатура,industry,IND-027,Полиграфия / типографии,PAIN_ACTION,макулатура,waste,mixed,Отраслевая карточка,pain_action,4
какой класс опасности пленка,industry,IND-027,Полиграфия / типографии,PAIN_ACTION,пленка,waste,mixed,Отраслевая карточка,pain_action,4
какой класс опасности растворители,industry,IND-027,Полиграфия / типографии,PAIN_ACTION,растворители,waste,mixed,Отраслевая карточка,pain_action,4
кто забирает ветошь,industry,IND-027,Полиграфия / типографии,PAIN_ACTION,ветошь,waste,mixed,Отраслевая карточка,pain_action,3
кто забирает краски,industry,IND-027,Полиграфия / типографии,PAIN_ACTION,краски,waste,mixed,Отраслевая карточка,pain_action,3
кто забирает макулатура,industry,IND-027,Полиграфия / типографии,PAIN_ACTION,макулатура,waste,mixed,Отраслевая карточка,pain_action,3
кто забирает пленка,industry,IND-027,Полиграфия / типографии,PAIN_ACTION,пленка,waste,mixed,Отраслевая карточка,pain_action,3
кто забирает растворители,industry,IND-027,Полиграфия / типографии,PAIN_ACTION,растворители,waste,mixed,Отраслевая карточка,pain_action,3
кто принимает ветошь,industry,IND-027,Полиграфия / типографии,PAIN_ACTION,ветошь,waste,diagnostic,Отраслевая карточка,pain_action,3
кто принимает краски,industry,IND-027,Полиграфия / типографии,PAIN_ACTION,краски,waste,diagnostic,Отраслевая карточка,pain_action,3
кто принимает макулатура,industry,IND-027,Полиграфия / типографии,PAIN_ACTION,макулатура,waste,diagnostic,Отраслевая карточка,pain_action,3
кто принимает пленка,industry,IND-027,Полиграфия / типографии,PAIN_ACTION,пленка,waste,diagnostic,Отраслевая карточка,pain_action,3
кто принимает растворители,industry,IND-027,Полиграфия / типографии,PAIN_ACTION,растворители,waste,diagnostic,Отраслевая карточка,pain_action,3
куда девать ветошь,industry,IND-027,Полиграфия / типографии,PAIN_ACTION,ветошь,waste,diagnostic,Отраслевая карточка,pain_action,3
куда девать краски,industry,IND-027,Полиграфия / типографии,PAIN_ACTION,краски,waste,diagnostic,Отраслевая карточка,pain_action,3
куда девать макулатура,industry,IND-027,Полиграфия / типографии,PAIN_ACTION,макулатура,waste,diagnostic,Отраслевая карточка,pain_action,3
куда девать пленка,industry,IND-027,Полиграфия / типографии,PAIN_ACTION,пленка,waste,diagnostic,Отраслевая карточка,pain_action,3
куда девать растворители,industry,IND-027,Полиграфия / типографии,PAIN_ACTION,растворители,waste,diagnostic,Отраслевая карточка,pain_action,3
куда передавать ветошь,industry,IND-027,Полиграфия / типографии,PAIN_ACTION,ветошь,waste,diagnostic,Отраслевая карточка,pain_action,3
куда передавать краски,industry,IND-027,Полиграфия / типографии,PAIN_ACTION,краски,waste,diagnostic,Отраслевая карточка,pain_action,3
куда передавать макулатура,industry,IND-027,Полиграфия / типографии,PAIN_ACTION,макулатура,waste,diagnostic,Отраслевая карточка,pain_action,3
куда передавать пленка,industry,IND-027,Полиграфия / типографии,PAIN_ACTION,пленка,waste,diagnostic,Отраслевая карточка,pain_action,3
куда передавать растворители,industry,IND-027,Полиграфия / типографии,PAIN_ACTION,растворители,waste,diagnostic,Отраслевая карточка,pain_action,3
куда сдавать ветошь,industry,IND-027,Полиграфия / типографии,PAIN_ACTION,ветошь,waste,diagnostic,Отраслевая карточка,pain_action,3
куда сдавать краски,industry,IND-027,Полиграфия / типографии,PAIN_ACTION,краски,waste,diagnostic,Отраслевая карточка,pain_action,3
куда сдавать макулатура,industry,IND-027,Полиграфия / типографии,PAIN_ACTION,макулатура,waste,diagnostic,Отраслевая карточка,pain_action,3
куда сдавать пленка,industry,IND-027,Полиграфия / типографии,PAIN_ACTION,пленка,waste,diagnostic,Отраслевая карточка,pain_action,3
куда сдавать растворители,industry,IND-027,Полиграфия / типографии,PAIN_ACTION,растворители,waste,diagnostic,Отраслевая карточка,pain_action,3
можно ли выбрасывать ветошь,industry,IND-027,Полиграфия / типографии,PAIN_ACTION,ветошь,waste,mixed,Отраслевая карточка,pain_action,4
можно ли выбрасывать краски,industry,IND-027,Полиграфия / типографии,PAIN_ACTION,краски,waste,mixed,Отраслевая карточка,pain_action,4
можно ли выбрасывать макулатура,industry,IND-027,Полиграфия / типографии,PAIN_ACTION,макулатура,waste,mixed,Отраслевая карточка,pain_action,4
можно ли выбрасывать пленка,industry,IND-027,Полиграфия / типографии,PAIN_ACTION,пленка,waste,mixed,Отраслевая карточка,pain_action,4
можно ли выбрасывать растворители,industry,IND-027,Полиграфия / типографии,PAIN_ACTION,растворители,waste,mixed,Отраслевая карточка,pain_action,4
можно ли хранить ветошь на улице,industry,IND-027,Полиграфия / типографии,PAIN_ACTION,ветошь,waste,mixed,Отраслевая карточка,pain_action,6
можно ли хранить краски на улице,industry,IND-027,Полиграфия / типографии,PAIN_ACTION,краски,waste,mixed,Отраслевая карточка,pain_action,6
можно ли хранить макулатура на улице,industry,IND-027,Полиграфия / типографии,PAIN_ACTION,макулатура,waste,mixed,Отраслевая карточка,pain_action,6
можно ли хранить пленка на улице,industry,IND-027,Полиграфия / типографии,PAIN_ACTION,пленка,waste,mixed,Отраслевая карточка,pain_action,6
можно ли хранить растворители на улице,industry,IND-027,Полиграфия / типографии,PAIN_ACTION,растворители,waste,mixed,Отраслевая карточка,pain_action,6
нужен ли договор на ветошь,industry,IND-027,Полиграфия / типографии,PAIN_ACTION,ветошь,waste,diagnostic,Отраслевая карточка,pain_action,5
нужен ли договор на краски,industry,IND-027,Полиграфия / типографии,PAIN_ACTION,краски,waste,diagnostic,Отраслевая карточка,pain_action,5
нужен ли договор на макулатура,industry,IND-027,Полиграфия / типографии,PAIN_ACTION,макулатура,waste,diagnostic,Отраслевая карточка,pain_action,5
нужен ли договор на пленка,industry,IND-027,Полиграфия / типографии,PAIN_ACTION,пленка,waste,diagnostic,Отраслевая карточка,pain_action,5
нужен ли договор на растворители,industry,IND-027,Полиграфия / типографии,PAIN_ACTION,растворители,waste,diagnostic,Отраслевая карточка,pain_action,5
нужен ли паспорт на ветошь,industry,IND-027,Полиграфия / типографии,PAIN_ACTION,ветошь,waste,diagnostic,Отраслевая карточка,pain_action,5
нужен ли паспорт на краски,industry,IND-027,Полиграфия / типографии,PAIN_ACTION,краски,waste,diagnostic,Отраслевая карточка,pain_action,5
нужен ли паспорт на макулатура,industry,IND-027,Полиграфия / типографии,PAIN_ACTION,макулатура,waste,diagnostic,Отраслевая карточка,pain_action,5
нужен ли паспорт на пленка,industry,IND-027,Полиграфия / типографии,PAIN_ACTION,пленка,waste,diagnostic,Отраслевая карточка,pain_action,5
нужен ли паспорт на растворители,industry,IND-027,Полиграфия / типографии,PAIN_ACTION,растворители,waste,diagnostic,Отраслевая карточка,pain_action,5
обезвреживание ветошь,industry,IND-027,Полиграфия / типографии,PAIN_ACTION,ветошь,waste,commercial,Отраслевая карточка,pain_action,2
обезвреживание краски,industry,IND-027,Полиграфия / типографии,PAIN_ACTION,краски,waste,commercial,Отраслевая карточка,pain_action,2
обезвреживание макулатура,industry,IND-027,Полиграфия / типографии,PAIN_ACTION,макулатура,waste,commercial,Отраслевая карточка,pain_action,2
обезвреживание пленка,industry,IND-027,Полиграфия / типографии,PAIN_ACTION,пленка,waste,commercial,Отраслевая карточка,pain_action,2
обезвреживание растворители,industry,IND-027,Полиграфия / типографии,PAIN_ACTION,растворители,waste,commercial,Отраслевая карточка,pain_action,2
переработка ветошь,industry,IND-027,Полиграфия / типографии,PAIN_ACTION,ветошь,waste,mixed,Отраслевая карточка,pain_action,2
переработка краски,industry,IND-027,Полиграфия / типографии,PAIN_ACTION,краски,waste,mixed,Отраслевая карточка,pain_action,2
переработка макулатура,industry,IND-027,Полиграфия / типографии,PAIN_ACTION,макулатура,waste,mixed,Отраслевая карточка,pain_action,2
переработка пленка,industry,IND-027,Полиграфия / типографии,PAIN_ACTION,пленка,waste,mixed,Отраслевая карточка,pain_action,2
переработка растворители,industry,IND-027,Полиграфия / типографии,PAIN_ACTION,растворители,waste,mixed,Отраслевая карточка,pain_action,2
прием ветошь,industry,IND-027,Полиграфия / типографии,PAIN_ACTION,ветошь,waste,mixed,Отраслевая карточка,pain_action,2
прием краски,industry,IND-027,Полиграфия / типографии,PAIN_ACTION,краски,waste,mixed,Отраслевая карточка,pain_action,2
прием макулатура,industry,IND-027,Полиграфия / типографии,PAIN_ACTION,макулатура,waste,mixed,Отраслевая карточка,pain_action,2
прием пленка,industry,IND-027,Полиграфия / типографии,PAIN_ACTION,пленка,waste,mixed,Отраслевая карточка,pain_action,2
прием растворители,industry,IND-027,Полиграфия / типографии,PAIN_ACTION,растворители,waste,mixed,Отраслевая карточка,pain_action,2
размещение ветошь,industry,IND-027,Полиграфия / типографии,PAIN_ACTION,ветошь,waste,commercial,Отраслевая карточка,pain_action,2
размещение краски,industry,IND-027,Полиграфия / типографии,PAIN_ACTION,краски,waste,commercial,Отраслевая карточка,pain_action,2
размещение макулатура,industry,IND-027,Полиграфия / типографии,PAIN_ACTION,макулатура,waste,commercial,Отраслевая карточка,pain_action,2
размещение пленка,industry,IND-027,Полиграфия / типографии,PAIN_ACTION,пленка,waste,commercial,Отраслевая карточка,pain_action,2
размещение растворители,industry,IND-027,Полиграфия / типографии,PAIN_ACTION,растворители,waste,commercial,Отраслевая карточка,pain_action,2
стоимость утилизации ветошь,industry,IND-027,Полиграфия / типографии,PAIN_ACTION,ветошь,waste,commercial,Отраслевая карточка,pain_action,3
стоимость утилизации краски,industry,IND-027,Полиграфия / типографии,PAIN_ACTION,краски,waste,commercial,Отраслевая карточка,pain_action,3
стоимость утилизации макулатура,industry,IND-027,Полиграфия / типографии,PAIN_ACTION,макулатура,waste,commercial,Отраслевая карточка,pain_action,3
стоимость утилизации пленка,industry,IND-027,Полиграфия / типографии,PAIN_ACTION,пленка,waste,commercial,Отраслевая карточка,pain_action,3
стоимость утилизации растворители,industry,IND-027,Полиграфия / типографии,PAIN_ACTION,растворители,waste,commercial,Отраслевая карточка,pain_action,3
утилизация ветошь,industry,IND-027,Полиграфия / типографии,PAIN_ACTION,ветошь,waste,commercial,Отраслевая карточка,pain_action,2
утилизация краски,industry,IND-027,Полиграфия / типографии,PAIN_ACTION,краски,waste,commercial,Отраслевая карточка,pain_action,2
утилизация макулатура,industry,IND-027,Полиграфия / типографии,PAIN_ACTION,макулатура,waste,commercial,Отраслевая карточка,pain_action,2
утилизация пленка,industry,IND-027,Полиграфия / типографии,PAIN_ACTION,пленка,waste,commercial,Отраслевая карточка,pain_action,2
утилизация растворители,industry,IND-027,Полиграфия / типографии,PAIN_ACTION,растворители,waste,commercial,Отраслевая карточка,pain_action,2
цена вывоза ветошь,industry,IND-027,Полиграфия / типографии,PAIN_ACTION,ветошь,waste,commercial,Отраслевая карточка,pain_action,3
цена вывоза краски,industry,IND-027,Полиграфия / типографии,PAIN_ACTION,краски,waste,commercial,Отраслевая карточка,pain_action,3
цена вывоза макулатура,industry,IND-027,Полиграфия / типографии,PAIN_ACTION,макулатура,waste,commercial,Отраслевая карточка,pain_action,3
цена вывоза пленка,industry,IND-027,Полиграфия / типографии,PAIN_ACTION,пленка,waste,commercial,Отраслевая карточка,pain_action,3
цена вывоза растворители,industry,IND-027,Полиграфия / типографии,PAIN_ACTION,растворители,waste,commercial,Отраслевая карточка,pain_action,3
что делать с ветошь,industry,IND-027,Полиграфия / типографии,PAIN_ACTION,ветошь,waste,diagnostic,Отраслевая карточка,pain_action,4
что делать с краски,industry,IND-027,Полиграфия / типографии,PAIN_ACTION,краски,waste,diagnostic,Отраслевая карточка,pain_action,4
что делать с макулатура,industry,IND-027,Полиграфия / типографии,PAIN_ACTION,макулатура,waste,diagnostic,Отраслевая карточка,pain_action,4
что делать с пленка,industry,IND-027,Полиграфия / типографии,PAIN_ACTION,пленка,waste,diagnostic,Отраслевая карточка,pain_action,4
что делать с растворители,industry,IND-027,Полиграфия / типографии,PAIN_ACTION,растворители,waste,diagnostic,Отраслевая карточка,pain_action,4
ветошь для полиграфия / типографии,industry,IND-027,Полиграфия / типографии,PAIN_X_INDUSTRY,ветошь,waste,mixed,Отраслевая карточка,pain_x_industry,5
ветошь на полиграфия / типографии,industry,IND-027,Полиграфия / типографии,PAIN_X_INDUSTRY,ветошь,waste,mixed,Отраслевая карточка,pain_x_industry,5
ветошь полиграфия / типографии,industry,IND-027,Полиграфия / типографии,PAIN_X_INDUSTRY,ветошь,waste,mixed,Отраслевая карточка,pain_x_industry,4
вывоз ветошь полиграфия / типографии,industry,IND-027,Полиграфия / типографии,PAIN_X_INDUSTRY,ветошь,waste,commercial,Отраслевая карточка,pain_x_industry,5
вывоз краски полиграфия / типографии,industry,IND-027,Полиграфия / типографии,PAIN_X_INDUSTRY,краски,waste,commercial,Отраслевая карточка,pain_x_industry,5
вывоз макулатура полиграфия / типографии,industry,IND-027,Полиграфия / типографии,PAIN_X_INDUSTRY,макулатура,waste,commercial,Отраслевая карточка,pain_x_industry,5
вывоз пленка полиграфия / типографии,industry,IND-027,Полиграфия / типографии,PAIN_X_INDUSTRY,пленка,waste,commercial,Отраслевая карточка,pain_x_industry,5
вывоз растворители полиграфия / типографии,industry,IND-027,Полиграфия / типографии,PAIN_X_INDUSTRY,растворители,waste,commercial,Отраслевая карточка,pain_x_industry,5
как учитывать ветошь полиграфия / типографии,industry,IND-027,Полиграфия / типографии,PAIN_X_INDUSTRY,ветошь,waste,diagnostic,Отраслевая карточка,pain_x_industry,6
как учитывать краски полиграфия / типографии,industry,IND-027,Полиграфия / типографии,PAIN_X_INDUSTRY,краски,waste,diagnostic,Отраслевая карточка,pain_x_industry,6
как учитывать макулатура полиграфия / типографии,industry,IND-027,Полиграфия / типографии,PAIN_X_INDUSTRY,макулатура,waste,diagnostic,Отраслевая карточка,pain_x_industry,6
как учитывать пленка полиграфия / типографии,industry,IND-027,Полиграфия / типографии,PAIN_X_INDUSTRY,пленка,waste,diagnostic,Отраслевая карточка,pain_x_industry,6
как учитывать растворители полиграфия / типографии,industry,IND-027,Полиграфия / типографии,PAIN_X_INDUSTRY,растворители,waste,diagnostic,Отраслевая карточка,pain_x_industry,6
как хранить ветошь полиграфия / типографии,industry,IND-027,Полиграфия / типографии,PAIN_X_INDUSTRY,ветошь,waste,diagnostic,Отраслевая карточка,pain_x_industry,6
как хранить краски полиграфия / типографии,industry,IND-027,Полиграфия / типографии,PAIN_X_INDUSTRY,краски,waste,diagnostic,Отраслевая карточка,pain_x_industry,6
как хранить макулатура полиграфия / типографии,industry,IND-027,Полиграфия / типографии,PAIN_X_INDUSTRY,макулатура,waste,diagnostic,Отраслевая карточка,pain_x_industry,6
как хранить пленка полиграфия / типографии,industry,IND-027,Полиграфия / типографии,PAIN_X_INDUSTRY,пленка,waste,diagnostic,Отраслевая карточка,pain_x_industry,6
как хранить растворители полиграфия / типографии,industry,IND-027,Полиграфия / типографии,PAIN_X_INDUSTRY,растворители,waste,diagnostic,Отраслевая карточка,pain_x_industry,6
краски для полиграфия / типографии,industry,IND-027,Полиграфия / типографии,PAIN_X_INDUSTRY,краски,waste,mixed,Отраслевая карточка,pain_x_industry,5
краски на полиграфия / типографии,industry,IND-027,Полиграфия / типографии,PAIN_X_INDUSTRY,краски,waste,mixed,Отраслевая карточка,pain_x_industry,5
краски полиграфия / типографии,industry,IND-027,Полиграфия / типографии,PAIN_X_INDUSTRY,краски,waste,mixed,Отраслевая карточка,pain_x_industry,4
кто принимает ветошь полиграфия / типографии,industry,IND-027,Полиграфия / типографии,PAIN_X_INDUSTRY,ветошь,waste,diagnostic,Отраслевая карточка,pain_x_industry,6
кто принимает краски полиграфия / типографии,industry,IND-027,Полиграфия / типографии,PAIN_X_INDUSTRY,краски,waste,diagnostic,Отраслевая карточка,pain_x_industry,6
кто принимает макулатура полиграфия / типографии,industry,IND-027,Полиграфия / типографии,PAIN_X_INDUSTRY,макулатура,waste,diagnostic,Отраслевая карточка,pain_x_industry,6
кто принимает пленка полиграфия / типографии,industry,IND-027,Полиграфия / типографии,PAIN_X_INDUSTRY,пленка,waste,diagnostic,Отраслевая карточка,pain_x_industry,6
кто принимает растворители полиграфия / типографии,industry,IND-027,Полиграфия / типографии,PAIN_X_INDUSTRY,растворители,waste,diagnostic,Отраслевая карточка,pain_x_industry,6
куда девать ветошь полиграфия / типографии,industry,IND-027,Полиграфия / типографии,PAIN_X_INDUSTRY,ветошь,waste,diagnostic,Отраслевая карточка,pain_x_industry,6
куда девать краски полиграфия / типографии,industry,IND-027,Полиграфия / типографии,PAIN_X_INDUSTRY,краски,waste,diagnostic,Отраслевая карточка,pain_x_industry,6
куда девать макулатура полиграфия / типографии,industry,IND-027,Полиграфия / типографии,PAIN_X_INDUSTRY,макулатура,waste,diagnostic,Отраслевая карточка,pain_x_industry,6
куда девать пленка полиграфия / типографии,industry,IND-027,Полиграфия / типографии,PAIN_X_INDUSTRY,пленка,waste,diagnostic,Отраслевая карточка,pain_x_industry,6
куда девать растворители полиграфия / типографии,industry,IND-027,Полиграфия / типографии,PAIN_X_INDUSTRY,растворители,waste,diagnostic,Отраслевая карточка,pain_x_industry,6
куда сдавать ветошь полиграфия / типографии,industry,IND-027,Полиграфия / типографии,PAIN_X_INDUSTRY,ветошь,waste,diagnostic,Отраслевая карточка,pain_x_industry,6
куда сдавать краски полиграфия / типографии,industry,IND-027,Полиграфия / типографии,PAIN_X_INDUSTRY,краски,waste,diagnostic,Отраслевая карточка,pain_x_industry,6
куда сдавать макулатура полиграфия / типографии,industry,IND-027,Полиграфия / типографии,PAIN_X_INDUSTRY,макулатура,waste,diagnostic,Отраслевая карточка,pain_x_industry,6
куда сдавать пленка полиграфия / типографии,industry,IND-027,Полиграфия / типографии,PAIN_X_INDUSTRY,пленка,waste,diagnostic,Отраслевая карточка,pain_x_industry,6
куда сдавать растворители полиграфия / типографии,industry,IND-027,Полиграфия / типографии,PAIN_X_INDUSTRY,растворители,waste,diagnostic,Отраслевая карточка,pain_x_industry,6
макулатура для полиграфия / типографии,industry,IND-027,Полиграфия / типографии,PAIN_X_INDUSTRY,макулатура,waste,mixed,Отраслевая карточка,pain_x_industry,5
макулатура на полиграфия / типографии,industry,IND-027,Полиграфия / типографии,PAIN_X_INDUSTRY,макулатура,waste,mixed,Отраслевая карточка,pain_x_industry,5
макулатура полиграфия / типографии,industry,IND-027,Полиграфия / типографии,PAIN_X_INDUSTRY,макулатура,waste,mixed,Отраслевая карточка,pain_x_industry,4
нужен ли договор на ветошь полиграфия / типографии,industry,IND-027,Полиграфия / типографии,PAIN_X_INDUSTRY,ветошь,waste,diagnostic,Отраслевая карточка,pain_x_industry,8
нужен ли договор на краски полиграфия / типографии,industry,IND-027,Полиграфия / типографии,PAIN_X_INDUSTRY,краски,waste,diagnostic,Отраслевая карточка,pain_x_industry,8
нужен ли договор на макулатура полиграфия / типографии,industry,IND-027,Полиграфия / типографии,PAIN_X_INDUSTRY,макулатура,waste,diagnostic,Отраслевая карточка,pain_x_industry,8
нужен ли договор на пленка полиграфия / типографии,industry,IND-027,Полиграфия / типографии,PAIN_X_INDUSTRY,пленка,waste,diagnostic,Отраслевая карточка,pain_x_industry,8
нужен ли договор на растворители полиграфия / типографии,industry,IND-027,Полиграфия / типографии,PAIN_X_INDUSTRY,растворители,waste,diagnostic,Отраслевая карточка,pain_x_industry,8
нужен ли паспорт на ветошь полиграфия / типографии,industry,IND-027,Полиграфия / типографии,PAIN_X_INDUSTRY,ветошь,waste,diagnostic,Отраслевая карточка,pain_x_industry,8
нужен ли паспорт на краски полиграфия / типографии,industry,IND-027,Полиграфия / типографии,PAIN_X_INDUSTRY,краски,waste,diagnostic,Отраслевая карточка,pain_x_industry,8
нужен ли паспорт на макулатура полиграфия / типографии,industry,IND-027,Полиграфия / типографии,PAIN_X_INDUSTRY,макулатура,waste,diagnostic,Отраслевая карточка,pain_x_industry,8
нужен ли паспорт на пленка полиграфия / типографии,industry,IND-027,Полиграфия / типографии,PAIN_X_INDUSTRY,пленка,waste,diagnostic,Отраслевая карточка,pain_x_industry,8
нужен ли паспорт на растворители полиграфия / типографии,industry,IND-027,Полиграфия / типографии,PAIN_X_INDUSTRY,растворители,waste,diagnostic,Отраслевая карточка,pain_x_industry,8
пленка для полиграфия / типографии,industry,IND-027,Полиграфия / типографии,PAIN_X_INDUSTRY,пленка,waste,mixed,Отраслевая карточка,pain_x_industry,5
пленка на полиграфия / типографии,industry,IND-027,Полиграфия / типографии,PAIN_X_INDUSTRY,пленка,waste,mixed,Отраслевая карточка,pain_x_industry,5
пленка полиграфия / типографии,industry,IND-027,Полиграфия / типографии,PAIN_X_INDUSTRY,пленка,waste,mixed,Отраслевая карточка,pain_x_industry,4
растворители для полиграфия / типографии,industry,IND-027,Полиграфия / типографии,PAIN_X_INDUSTRY,растворители,waste,mixed,Отраслевая карточка,pain_x_industry,5
растворители на полиграфия / типографии,industry,IND-027,Полиграфия / типографии,PAIN_X_INDUSTRY,растворители,waste,mixed,Отраслевая карточка,pain_x_industry,5
растворители полиграфия / типографии,industry,IND-027,Полиграфия / типографии,PAIN_X_INDUSTRY,растворители,waste,mixed,Отраслевая карточка,pain_x_industry,4
утилизация ветошь полиграфия / типографии,industry,IND-027,Полиграфия / типографии,PAIN_X_INDUSTRY,ветошь,waste,commercial,Отраслевая карточка,pain_x_industry,5
утилизация краски полиграфия / типографии,industry,IND-027,Полиграфия / типографии,PAIN_X_INDUSTRY,краски,waste,commercial,Отраслевая карточка,pain_x_industry,5
утилизация макулатура полиграфия / типографии,industry,IND-027,Полиграфия / типографии,PAIN_X_INDUSTRY,макулатура,waste,commercial,Отраслевая карточка,pain_x_industry,5
утилизация пленка полиграфия / типографии,industry,IND-027,Полиграфия / типографии,PAIN_X_INDUSTRY,пленка,waste,commercial,Отраслевая карточка,pain_x_industry,5
утилизация растворители полиграфия / типографии,industry,IND-027,Полиграфия / типографии,PAIN_X_INDUSTRY,растворители,waste,commercial,Отраслевая карточка,pain_x_industry,5
цена утилизации ветошь полиграфия / типографии,industry,IND-027,Полиграфия / типографии,PAIN_X_INDUSTRY,ветошь,waste,commercial,Отраслевая карточка,pain_x_industry,6
цена утилизации краски полиграфия / типографии,industry,IND-027,Полиграфия / типографии,PAIN_X_INDUSTRY,краски,waste,commercial,Отраслевая карточка,pain_x_industry,6
цена утилизации макулатура полиграфия / типографии,industry,IND-027,Полиграфия / типографии,PAIN_X_INDUSTRY,макулатура,waste,commercial,Отраслевая карточка,pain_x_industry,6
цена утилизации пленка полиграфия / типографии,industry,IND-027,Полиграфия / типографии,PAIN_X_INDUSTRY,пленка,waste,commercial,Отраслевая карточка,pain_x_industry,6
цена утилизации растворители полиграфия / типографии,industry,IND-027,Полиграфия / типографии,PAIN_X_INDUSTRY,растворители,waste,commercial,Отраслевая карточка,pain_x_industry,6
что делать с ветошь полиграфия / типографии,industry,IND-027,Полиграфия / типографии,PAIN_X_INDUSTRY,ветошь,waste,diagnostic,Отраслевая карточка,pain_x_industry,7
что делать с краски полиграфия / типографии,industry,IND-027,Полиграфия / типографии,PAIN_X_INDUSTRY,краски,waste,diagnostic,Отраслевая карточка,pain_x_industry,7
что делать с макулатура полиграфия / типографии,industry,IND-027,Полиграфия / типографии,PAIN_X_INDUSTRY,макулатура,waste,diagnostic,Отраслевая карточка,pain_x_industry,7
что делать с пленка полиграфия / типографии,industry,IND-027,Полиграфия / типографии,PAIN_X_INDUSTRY,пленка,waste,diagnostic,Отраслевая карточка,pain_x_industry,7
что делать с растворители полиграфия / типографии,industry,IND-027,Полиграфия / типографии,PAIN_X_INDUSTRY,растворители,waste,diagnostic,Отраслевая карточка,pain_x_industry,7
2 тп отходы порты / терминалы / перевалочные комплексы,industry,IND-049,Порты / терминалы / перевалочные комплексы,INDUSTRY_DIRECT,,,mixed,Отходы / учёт и отчётность,industry_template,9
ПЭК порты / терминалы / перевалочные комплексы,industry,IND-049,Порты / терминалы / перевалочные комплексы,INDUSTRY_DIRECT,,,mixed,Отраслевая карточка,industry_template,7
выбросы порты / терминалы / перевалочные комплексы,industry,IND-049,Порты / терминалы / перевалочные комплексы,INDUSTRY_DIRECT,,,mixed,Воздух,industry_template,7
запуск порты / терминалы / перевалочные комплексы экологические документы,industry,IND-049,Порты / терминалы / перевалочные комплексы,INDUSTRY_DIRECT,,,urgent,Отраслевая карточка,industry_template,9
какая экологическая отчетность у порты / терминалы / перевалочные комплексы,industry,IND-049,Порты / терминалы / перевалочные комплексы,INDUSTRY_DIRECT,,,mixed,Отходы / учёт и отчётность,industry_template,10
какие требования по экологии порты / терминалы / перевалочные комплексы,industry,IND-049,Порты / терминалы / перевалочные комплексы,INDUSTRY_DIRECT,,,diagnostic,Отраслевая карточка,industry_template,10
какие экологические документы нужны порты / терминалы / перевалочные комплексы,industry,IND-049,Порты / терминалы / перевалочные комплексы,INDUSTRY_DIRECT,,,mixed,Отраслевая карточка,industry_template,10
категория НВОС порты / терминалы / перевалочные комплексы,industry,IND-049,Порты / терминалы / перевалочные комплексы,INDUSTRY_DIRECT,,,mixed,НВОС,industry_template,8
ливневые воды порты / терминалы / перевалочные комплексы,industry,IND-049,Порты / терминалы / перевалочные комплексы,INDUSTRY_DIRECT,,,mixed,Вода,industry_template,8
нужен ли эколог порты / терминалы / перевалочные комплексы,industry,IND-049,Порты / терминалы / перевалочные комплексы,INDUSTRY_DIRECT,,,diagnostic,Отраслевая карточка,industry_template,9
нужно ли ставить на учет НВОС порты / терминалы / перевалочные комплексы,industry,IND-049,Порты / терминалы / перевалочные комплексы,INDUSTRY_DIRECT,,,mixed,НВОС,industry_template,12
отходы порты / терминалы / перевалочные комплексы,industry,IND-049,Порты / терминалы / перевалочные комплексы,INDUSTRY_DIRECT,,,mixed,Отраслевая карточка,industry_template,7
очистные порты / терминалы / перевалочные комплексы,industry,IND-049,Порты / терминалы / перевалочные комплексы,INDUSTRY_DIRECT,,,mixed,Вода,industry_template,7
предписание экология порты / терминалы / перевалочные комплексы,industry,IND-049,Порты / терминалы / перевалочные комплексы,INDUSTRY_DIRECT,,,urgent,Отраслевая карточка,industry_template,8
проверка экология порты / терминалы / перевалочные комплексы,industry,IND-049,Порты / терминалы / перевалочные комплексы,INDUSTRY_DIRECT,,,urgent,Отраслевая карточка,industry_template,8
сточные воды порты / терминалы / перевалочные комплексы,industry,IND-049,Порты / терминалы / перевалочные комплексы,INDUSTRY_DIRECT,,,mixed,Вода,industry_template,8
учет отходов порты / терминалы / перевалочные комплексы,industry,IND-049,Порты / терминалы / перевалочные комплексы,INDUSTRY_DIRECT,,,mixed,Отходы / учёт и отчётность,industry_template,8
что нужно по экологии порты / терминалы / перевалочные комплексы,industry,IND-049,Порты / терминалы / перевалочные комплексы,INDUSTRY_DIRECT,,,mixed,Отраслевая карточка,industry_template,10
что сдавать по экологии порты / терминалы / перевалочные комплексы,industry,IND-049,Порты / терминалы / перевалочные комплексы,INDUSTRY_DIRECT,,,mixed,Отраслевая карточка,industry_template,10
штраф экология порты / терминалы / перевалочные комплексы,industry,IND-049,Порты / терминалы / перевалочные комплексы,INDUSTRY_DIRECT,,,urgent,Отраслевая карточка,industry_template,8
2 тп отходы прачечные / химчистки,industry,IND-056,Прачечные / химчистки,INDUSTRY_DIRECT,,,mixed,Отходы / учёт и отчётность,industry_template,6
ПЭК прачечные / химчистки,industry,IND-056,Прачечные / химчистки,INDUSTRY_DIRECT,,,mixed,Отраслевая карточка,industry_template,4
выбросы прачечные / химчистки,industry,IND-056,Прачечные / химчистки,INDUSTRY_DIRECT,,,mixed,Воздух,industry_template,4
запуск прачечные / химчистки экологические документы,industry,IND-056,Прачечные / химчистки,INDUSTRY_DIRECT,,,urgent,Отраслевая карточка,industry_template,6
какая экологическая отчетность у прачечные / химчистки,industry,IND-056,Прачечные / химчистки,INDUSTRY_DIRECT,,,mixed,Отходы / учёт и отчётность,industry_template,7
какие требования по экологии прачечные / химчистки,industry,IND-056,Прачечные / химчистки,INDUSTRY_DIRECT,,,diagnostic,Отраслевая карточка,industry_template,7
какие экологические документы нужны прачечные / химчистки,industry,IND-056,Прачечные / химчистки,INDUSTRY_DIRECT,,,mixed,Отраслевая карточка,industry_template,7
категория НВОС прачечные / химчистки,industry,IND-056,Прачечные / химчистки,INDUSTRY_DIRECT,,,mixed,НВОС,industry_template,5
ливневые воды прачечные / химчистки,industry,IND-056,Прачечные / химчистки,INDUSTRY_DIRECT,,,mixed,Вода,industry_template,5
нужен ли эколог прачечные / химчистки,industry,IND-056,Прачечные / химчистки,INDUSTRY_DIRECT,,,diagnostic,Отраслевая карточка,industry_template,6
нужно ли ставить на учет НВОС прачечные / химчистки,industry,IND-056,Прачечные / химчистки,INDUSTRY_DIRECT,,,mixed,НВОС,industry_template,9
отходы прачечные / химчистки,industry,IND-056,Прачечные / химчистки,INDUSTRY_DIRECT,,,mixed,Отраслевая карточка,industry_template,4
очистные прачечные / химчистки,industry,IND-056,Прачечные / химчистки,INDUSTRY_DIRECT,,,mixed,Вода,industry_template,4
предписание экология прачечные / химчистки,industry,IND-056,Прачечные / химчистки,INDUSTRY_DIRECT,,,urgent,Отраслевая карточка,industry_template,5
проверка экология прачечные / химчистки,industry,IND-056,Прачечные / химчистки,INDUSTRY_DIRECT,,,urgent,Отраслевая карточка,industry_template,5
сточные воды прачечные / химчистки,industry,IND-056,Прачечные / химчистки,INDUSTRY_DIRECT,,,mixed,Вода,industry_template,5
учет отходов прачечные / химчистки,industry,IND-056,Прачечные / химчистки,INDUSTRY_DIRECT,,,mixed,Отходы / учёт и отчётность,industry_template,5
что нужно по экологии прачечные / химчистки,industry,IND-056,Прачечные / химчистки,INDUSTRY_DIRECT,,,mixed,Отраслевая карточка,industry_template,7
что сдавать по экологии прачечные / химчистки,industry,IND-056,Прачечные / химчистки,INDUSTRY_DIRECT,,,mixed,Отраслевая карточка,industry_template,7
штраф экология прачечные / химчистки,industry,IND-056,Прачечные / химчистки,INDUSTRY_DIRECT,,,urgent,Отраслевая карточка,industry_template,5
анализ сточные воды,industry,IND-056,Прачечные / химчистки,PAIN_ACTION,сточные воды,water,mixed,Вода,pain_action,3
вывоз растворители,industry,IND-056,Прачечные / химчистки,PAIN_ACTION,растворители,waste,commercial,Отраслевая карточка,pain_action,2
вывоз упаковка химии,industry,IND-056,Прачечные / химчистки,PAIN_ACTION,упаковка химии,waste,commercial,Отраслевая карточка,pain_action,3
вывоз фильтры,industry,IND-056,Прачечные / химчистки,PAIN_ACTION,фильтры,waste,commercial,Отраслевая карточка,pain_action,2
вывоз шлам,industry,IND-056,Прачечные / химчистки,PAIN_ACTION,шлам,waste,commercial,Отраслевая карточка,pain_action,2
как накапливать растворители,industry,IND-056,Прачечные / химчистки,PAIN_ACTION,растворители,waste,mixed,Отраслевая карточка,pain_action,3
как накапливать упаковка химии,industry,IND-056,Прачечные / химчистки,PAIN_ACTION,упаковка химии,waste,mixed,Отраслевая карточка,pain_action,4
как накапливать фильтры,industry,IND-056,Прачечные / химчистки,PAIN_ACTION,фильтры,waste,mixed,Отраслевая карточка,pain_action,3
как накапливать шлам,industry,IND-056,Прачечные / химчистки,PAIN_ACTION,шлам,waste,mixed,Отраслевая карточка,pain_action,3
как очищать сточные воды,industry,IND-056,Прачечные / химчистки,PAIN_ACTION,сточные воды,water,mixed,Вода,pain_action,4
как учитывать растворители,industry,IND-056,Прачечные / химчистки,PAIN_ACTION,растворители,waste,diagnostic,Отраслевая карточка,pain_action,3
как учитывать упаковка химии,industry,IND-056,Прачечные / химчистки,PAIN_ACTION,упаковка химии,waste,diagnostic,Отраслевая карточка,pain_action,4
как учитывать фильтры,industry,IND-056,Прачечные / химчистки,PAIN_ACTION,фильтры,waste,diagnostic,Отраслевая карточка,pain_action,3
как учитывать шлам,industry,IND-056,Прачечные / химчистки,PAIN_ACTION,шлам,waste,diagnostic,Отраслевая карточка,pain_action,3
как хранить растворители,industry,IND-056,Прачечные / химчистки,PAIN_ACTION,растворители,waste,diagnostic,Отраслевая карточка,pain_action,3
как хранить упаковка химии,industry,IND-056,Прачечные / химчистки,PAIN_ACTION,упаковка химии,waste,diagnostic,Отраслевая карточка,pain_action,4
как хранить фильтры,industry,IND-056,Прачечные / химчистки,PAIN_ACTION,фильтры,waste,diagnostic,Отраслевая карточка,pain_action,3
как хранить шлам,industry,IND-056,Прачечные / химчистки,PAIN_ACTION,шлам,waste,diagnostic,Отраслевая карточка,pain_action,3
какой класс опасности растворители,industry,IND-056,Прачечные / химчистки,PAIN_ACTION,растворители,waste,mixed,Отраслевая карточка,pain_action,4
какой класс опасности упаковка химии,industry,IND-056,Прачечные / химчистки,PAIN_ACTION,упаковка химии,waste,mixed,Отраслевая карточка,pain_action,5
какой класс опасности фильтры,industry,IND-056,Прачечные / химчистки,PAIN_ACTION,фильтры,waste,mixed,Отраслевая карточка,pain_action,4
какой класс опасности шлам,industry,IND-056,Прачечные / химчистки,PAIN_ACTION,шлам,waste,mixed,Отраслевая карточка,pain_action,4
контроль сточные воды,industry,IND-056,Прачечные / химчистки,PAIN_ACTION,сточные воды,water,mixed,Вода,pain_action,3
кто забирает растворители,industry,IND-056,Прачечные / химчистки,PAIN_ACTION,растворители,waste,mixed,Отраслевая карточка,pain_action,3
кто забирает упаковка химии,industry,IND-056,Прачечные / химчистки,PAIN_ACTION,упаковка химии,waste,mixed,Отраслевая карточка,pain_action,4
кто забирает фильтры,industry,IND-056,Прачечные / химчистки,PAIN_ACTION,фильтры,waste,mixed,Отраслевая карточка,pain_action,3
кто забирает шлам,industry,IND-056,Прачечные / химчистки,PAIN_ACTION,шлам,waste,mixed,Отраслевая карточка,pain_action,3
кто принимает растворители,industry,IND-056,Прачечные / химчистки,PAIN_ACTION,растворители,waste,diagnostic,Отраслевая карточка,pain_action,3
кто принимает упаковка химии,industry,IND-056,Прачечные / химчистки,PAIN_ACTION,упаковка химии,waste,diagnostic,Отраслевая карточка,pain_action,4
кто принимает фильтры,industry,IND-056,Прачечные / химчистки,PAIN_ACTION,фильтры,waste,diagnostic,Отраслевая карточка,pain_action,3
кто принимает шлам,industry,IND-056,Прачечные / химчистки,PAIN_ACTION,шлам,waste,diagnostic,Отраслевая карточка,pain_action,3
куда девать растворители,industry,IND-056,Прачечные / химчистки,PAIN_ACTION,растворители,waste,diagnostic,Отраслевая карточка,pain_action,3
куда девать упаковка химии,industry,IND-056,Прачечные / химчистки,PAIN_ACTION,упаковка химии,waste,diagnostic,Отраслевая карточка,pain_action,4
куда девать фильтры,industry,IND-056,Прачечные / химчистки,PAIN_ACTION,фильтры,waste,diagnostic,Отраслевая карточка,pain_action,3
куда девать шлам,industry,IND-056,Прачечные / химчистки,PAIN_ACTION,шлам,waste,diagnostic,Отраслевая карточка,pain_action,3
куда отводить сточные воды,industry,IND-056,Прачечные / химчистки,PAIN_ACTION,сточные воды,water,diagnostic,Вода,pain_action,4
куда передавать растворители,industry,IND-056,Прачечные / химчистки,PAIN_ACTION,растворители,waste,diagnostic,Отраслевая карточка,pain_action,3
куда передавать упаковка химии,industry,IND-056,Прачечные / химчистки,PAIN_ACTION,упаковка химии,waste,diagnostic,Отраслевая карточка,pain_action,4
куда передавать фильтры,industry,IND-056,Прачечные / химчистки,PAIN_ACTION,фильтры,waste,diagnostic,Отраслевая карточка,pain_action,3
куда передавать шлам,industry,IND-056,Прачечные / химчистки,PAIN_ACTION,шлам,waste,diagnostic,Отраслевая карточка,pain_action,3
куда сдавать растворители,industry,IND-056,Прачечные / химчистки,PAIN_ACTION,растворители,waste,diagnostic,Отраслевая карточка,pain_action,3
куда сдавать упаковка химии,industry,IND-056,Прачечные / химчистки,PAIN_ACTION,упаковка химии,waste,diagnostic,Отраслевая карточка,pain_action,4
куда сдавать фильтры,industry,IND-056,Прачечные / химчистки,PAIN_ACTION,фильтры,waste,diagnostic,Отраслевая карточка,pain_action,3
куда сдавать шлам,industry,IND-056,Прачечные / химчистки,PAIN_ACTION,шлам,waste,diagnostic,Отраслевая карточка,pain_action,3
куда сливать сточные воды,industry,IND-056,Прачечные / химчистки,PAIN_ACTION,сточные воды,water,diagnostic,Вода,pain_action,4
можно ли выбрасывать растворители,industry,IND-056,Прачечные / химчистки,PAIN_ACTION,растворители,waste,mixed,Отраслевая карточка,pain_action,4
можно ли выбрасывать упаковка химии,industry,IND-056,Прачечные / химчистки,PAIN_ACTION,упаковка химии,waste,mixed,Отраслевая карточка,pain_action,5
можно ли выбрасывать фильтры,industry,IND-056,Прачечные / химчистки,PAIN_ACTION,фильтры,waste,mixed,Отраслевая карточка,pain_action,4
можно ли выбрасывать шлам,industry,IND-056,Прачечные / химчистки,PAIN_ACTION,шлам,waste,mixed,Отраслевая карточка,pain_action,4
можно ли сбрасывать сточные воды,industry,IND-056,Прачечные / химчистки,PAIN_ACTION,сточные воды,water,mixed,Вода,pain_action,5
можно ли хранить растворители на улице,industry,IND-056,Прачечные / химчистки,PAIN_ACTION,растворители,waste,mixed,Отраслевая карточка,pain_action,6
можно ли хранить упаковка химии на улице,industry,IND-056,Прачечные / химчистки,PAIN_ACTION,упаковка химии,waste,mixed,Отраслевая карточка,pain_action,7
можно ли хранить фильтры на улице,industry,IND-056,Прачечные / химчистки,PAIN_ACTION,фильтры,waste,mixed,Отраслевая карточка,pain_action,6
можно ли хранить шлам на улице,industry,IND-056,Прачечные / химчистки,PAIN_ACTION,шлам,waste,mixed,Отраслевая карточка,pain_action,6
нормативы сточные воды,industry,IND-056,Прачечные / химчистки,PAIN_ACTION,сточные воды,water,mixed,Вода,pain_action,3
нужен ли договор на растворители,industry,IND-056,Прачечные / химчистки,PAIN_ACTION,растворители,waste,diagnostic,Отраслевая карточка,pain_action,5
нужен ли договор на упаковка химии,industry,IND-056,Прачечные / химчистки,PAIN_ACTION,упаковка химии,waste,diagnostic,Отраслевая карточка,pain_action,6
нужен ли договор на фильтры,industry,IND-056,Прачечные / химчистки,PAIN_ACTION,фильтры,waste,diagnostic,Отраслевая карточка,pain_action,5
нужен ли договор на шлам,industry,IND-056,Прачечные / химчистки,PAIN_ACTION,шлам,waste,diagnostic,Отраслевая карточка,pain_action,5
нужен ли паспорт на растворители,industry,IND-056,Прачечные / химчистки,PAIN_ACTION,растворители,waste,diagnostic,Отраслевая карточка,pain_action,5
нужен ли паспорт на упаковка химии,industry,IND-056,Прачечные / химчистки,PAIN_ACTION,упаковка химии,waste,diagnostic,Отраслевая карточка,pain_action,6
нужен ли паспорт на фильтры,industry,IND-056,Прачечные / химчистки,PAIN_ACTION,фильтры,waste,diagnostic,Отраслевая карточка,pain_action,5
нужен ли паспорт на шлам,industry,IND-056,Прачечные / химчистки,PAIN_ACTION,шлам,waste,diagnostic,Отраслевая карточка,pain_action,5
нужны ли очистные для сточные воды,industry,IND-056,Прачечные / химчистки,PAIN_ACTION,сточные воды,water,mixed,Вода,pain_action,6
обезвреживание растворители,industry,IND-056,Прачечные / химчистки,PAIN_ACTION,растворители,waste,commercial,Отраслевая карточка,pain_action,2
обезвреживание упаковка химии,industry,IND-056,Прачечные / химчистки,PAIN_ACTION,упаковка химии,waste,commercial,Отраслевая карточка,pain_action,3
обезвреживание фильтры,industry,IND-056,Прачечные / химчистки,PAIN_ACTION,фильтры,waste,commercial,Отраслевая карточка,pain_action,2
обезвреживание шлам,industry,IND-056,Прачечные / химчистки,PAIN_ACTION,шлам,waste,commercial,Отраслевая карточка,pain_action,2
переработка растворители,industry,IND-056,Прачечные / химчистки,PAIN_ACTION,растворители,waste,mixed,Отраслевая карточка,pain_action,2
переработка упаковка химии,industry,IND-056,Прачечные / химчистки,PAIN_ACTION,упаковка химии,waste,mixed,Отраслевая карточка,pain_action,3
переработка фильтры,industry,IND-056,Прачечные / химчистки,PAIN_ACTION,фильтры,waste,mixed,Отраслевая карточка,pain_action,2
переработка шлам,industry,IND-056,Прачечные / химчистки,PAIN_ACTION,шлам,waste,mixed,Отраслевая карточка,pain_action,2
прием растворители,industry,IND-056,Прачечные / химчистки,PAIN_ACTION,растворители,waste,mixed,Отраслевая карточка,pain_action,2
прием упаковка химии,industry,IND-056,Прачечные / химчистки,PAIN_ACTION,упаковка химии,waste,mixed,Отраслевая карточка,pain_action,3
прием фильтры,industry,IND-056,Прачечные / химчистки,PAIN_ACTION,фильтры,waste,mixed,Отраслевая карточка,pain_action,2
прием шлам,industry,IND-056,Прачечные / химчистки,PAIN_ACTION,шлам,waste,mixed,Отраслевая карточка,pain_action,2
размещение растворители,industry,IND-056,Прачечные / химчистки,PAIN_ACTION,растворители,waste,commercial,Отраслевая карточка,pain_action,2
размещение упаковка химии,industry,IND-056,Прачечные / химчистки,PAIN_ACTION,упаковка химии,waste,commercial,Отраслевая карточка,pain_action,3
размещение фильтры,industry,IND-056,Прачечные / химчистки,PAIN_ACTION,фильтры,waste,commercial,Отраслевая карточка,pain_action,2
размещение шлам,industry,IND-056,Прачечные / химчистки,PAIN_ACTION,шлам,waste,commercial,Отраслевая карточка,pain_action,2
стоимость утилизации растворители,industry,IND-056,Прачечные / химчистки,PAIN_ACTION,растворители,waste,commercial,Отраслевая карточка,pain_action,3
стоимость утилизации упаковка химии,industry,IND-056,Прачечные / химчистки,PAIN_ACTION,упаковка химии,waste,commercial,Отраслевая карточка,pain_action,4
стоимость утилизации фильтры,industry,IND-056,Прачечные / химчистки,PAIN_ACTION,фильтры,waste,commercial,Отраслевая карточка,pain_action,3
стоимость утилизации шлам,industry,IND-056,Прачечные / химчистки,PAIN_ACTION,шлам,waste,commercial,Отраслевая карточка,pain_action,3
требования к сточные воды,industry,IND-056,Прачечные / химчистки,PAIN_ACTION,сточные воды,water,mixed,Вода,pain_action,4
утилизация растворители,industry,IND-056,Прачечные / химчистки,PAIN_ACTION,растворители,waste,commercial,Отраслевая карточка,pain_action,2
утилизация упаковка химии,industry,IND-056,Прачечные / химчистки,PAIN_ACTION,упаковка химии,waste,commercial,Отраслевая карточка,pain_action,3
утилизация фильтры,industry,IND-056,Прачечные / химчистки,PAIN_ACTION,фильтры,waste,commercial,Отраслевая карточка,pain_action,2
утилизация шлам,industry,IND-056,Прачечные / химчистки,PAIN_ACTION,шлам,waste,commercial,Отраслевая карточка,pain_action,2
учет сточные воды,industry,IND-056,Прачечные / химчистки,PAIN_ACTION,сточные воды,water,mixed,Вода,pain_action,3
цена вывоза растворители,industry,IND-056,Прачечные / химчистки,PAIN_ACTION,растворители,waste,commercial,Отраслевая карточка,pain_action,3
цена вывоза упаковка химии,industry,IND-056,Прачечные / химчистки,PAIN_ACTION,упаковка химии,waste,commercial,Отраслевая карточка,pain_action,4
цена вывоза фильтры,industry,IND-056,Прачечные / химчистки,PAIN_ACTION,фильтры,waste,commercial,Отраслевая карточка,pain_action,3
цена вывоза шлам,industry,IND-056,Прачечные / химчистки,PAIN_ACTION,шлам,waste,commercial,Отраслевая карточка,pain_action,3
что делать с растворители,industry,IND-056,Прачечные / химчистки,PAIN_ACTION,растворители,waste,diagnostic,Отраслевая карточка,pain_action,4
что делать с сточные воды,industry,IND-056,Прачечные / химчистки,PAIN_ACTION,сточные воды,water,diagnostic,Вода,pain_action,5
что делать с упаковка химии,industry,IND-056,Прачечные / химчистки,PAIN_ACTION,упаковка химии,waste,diagnostic,Отраслевая карточка,pain_action,5
что делать с фильтры,industry,IND-056,Прачечные / химчистки,PAIN_ACTION,фильтры,waste,diagnostic,Отраслевая карточка,pain_action,4
что делать с шлам,industry,IND-056,Прачечные / химчистки,PAIN_ACTION,шлам,waste,diagnostic,Отраслевая карточка,pain_action,4
вывоз растворители прачечные / химчистки,industry,IND-056,Прачечные / химчистки,PAIN_X_INDUSTRY,растворители,waste,commercial,Отраслевая карточка,pain_x_industry,5
вывоз сточные воды прачечные / химчистки,industry,IND-056,Прачечные / химчистки,PAIN_X_INDUSTRY,сточные воды,water,commercial,Вода,pain_x_industry,6
вывоз упаковка химии прачечные / химчистки,industry,IND-056,Прачечные / химчистки,PAIN_X_INDUSTRY,упаковка химии,waste,commercial,Отраслевая карточка,pain_x_industry,6
вывоз фильтры прачечные / химчистки,industry,IND-056,Прачечные / химчистки,PAIN_X_INDUSTRY,фильтры,waste,commercial,Отраслевая карточка,pain_x_industry,5
вывоз шлам прачечные / химчистки,industry,IND-056,Прачечные / химчистки,PAIN_X_INDUSTRY,шлам,waste,commercial,Отраслевая карточка,pain_x_industry,5
как учитывать растворители прачечные / химчистки,industry,IND-056,Прачечные / химчистки,PAIN_X_INDUSTRY,растворители,waste,diagnostic,Отраслевая карточка,pain_x_industry,6
как учитывать сточные воды прачечные / химчистки,industry,IND-056,Прачечные / химчистки,PAIN_X_INDUSTRY,сточные воды,water,diagnostic,Вода,pain_x_industry,7
как учитывать упаковка химии прачечные / химчистки,industry,IND-056,Прачечные / химчистки,PAIN_X_INDUSTRY,упаковка химии,waste,diagnostic,Отраслевая карточка,pain_x_industry,7
как учитывать фильтры прачечные / химчистки,industry,IND-056,Прачечные / химчистки,PAIN_X_INDUSTRY,фильтры,waste,diagnostic,Отраслевая карточка,pain_x_industry,6
как учитывать шлам прачечные / химчистки,industry,IND-056,Прачечные / химчистки,PAIN_X_INDUSTRY,шлам,waste,diagnostic,Отраслевая карточка,pain_x_industry,6
как хранить растворители прачечные / химчистки,industry,IND-056,Прачечные / химчистки,PAIN_X_INDUSTRY,растворители,waste,diagnostic,Отраслевая карточка,pain_x_industry,6
как хранить сточные воды прачечные / химчистки,industry,IND-056,Прачечные / химчистки,PAIN_X_INDUSTRY,сточные воды,water,diagnostic,Вода,pain_x_industry,7
как хранить упаковка химии прачечные / химчистки,industry,IND-056,Прачечные / химчистки,PAIN_X_INDUSTRY,упаковка химии,waste,diagnostic,Отраслевая карточка,pain_x_industry,7
как хранить фильтры прачечные / химчистки,industry,IND-056,Прачечные / химчистки,PAIN_X_INDUSTRY,фильтры,waste,diagnostic,Отраслевая карточка,pain_x_industry,6
как хранить шлам прачечные / химчистки,industry,IND-056,Прачечные / химчистки,PAIN_X_INDUSTRY,шлам,waste,diagnostic,Отраслевая карточка,pain_x_industry,6
кто принимает растворители прачечные / химчистки,industry,IND-056,Прачечные / химчистки,PAIN_X_INDUSTRY,растворители,waste,diagnostic,Отраслевая карточка,pain_x_industry,6
кто принимает сточные воды прачечные / химчистки,industry,IND-056,Прачечные / химчистки,PAIN_X_INDUSTRY,сточные воды,water,diagnostic,Вода,pain_x_industry,7
кто принимает упаковка химии прачечные / химчистки,industry,IND-056,Прачечные / химчистки,PAIN_X_INDUSTRY,упаковка химии,waste,diagnostic,Отраслевая карточка,pain_x_industry,7
кто принимает фильтры прачечные / химчистки,industry,IND-056,Прачечные / химчистки,PAIN_X_INDUSTRY,фильтры,waste,diagnostic,Отраслевая карточка,pain_x_industry,6
кто принимает шлам прачечные / химчистки,industry,IND-056,Прачечные / химчистки,PAIN_X_INDUSTRY,шлам,waste,diagnostic,Отраслевая карточка,pain_x_industry,6
куда девать растворители прачечные / химчистки,industry,IND-056,Прачечные / химчистки,PAIN_X_INDUSTRY,растворители,waste,diagnostic,Отраслевая карточка,pain_x_industry,6
куда девать сточные воды прачечные / химчистки,industry,IND-056,Прачечные / химчистки,PAIN_X_INDUSTRY,сточные воды,water,diagnostic,Вода,pain_x_industry,7
куда девать упаковка химии прачечные / химчистки,industry,IND-056,Прачечные / химчистки,PAIN_X_INDUSTRY,упаковка химии,waste,diagnostic,Отраслевая карточка,pain_x_industry,7
куда девать фильтры прачечные / химчистки,industry,IND-056,Прачечные / химчистки,PAIN_X_INDUSTRY,фильтры,waste,diagnostic,Отраслевая карточка,pain_x_industry,6
куда девать шлам прачечные / химчистки,industry,IND-056,Прачечные / химчистки,PAIN_X_INDUSTRY,шлам,waste,diagnostic,Отраслевая карточка,pain_x_industry,6
куда сдавать растворители прачечные / химчистки,industry,IND-056,Прачечные / химчистки,PAIN_X_INDUSTRY,растворители,waste,diagnostic,Отраслевая карточка,pain_x_industry,6
куда сдавать сточные воды прачечные / химчистки,industry,IND-056,Прачечные / химчистки,PAIN_X_INDUSTRY,сточные воды,water,diagnostic,Вода,pain_x_industry,7
куда сдавать упаковка химии прачечные / химчистки,industry,IND-056,Прачечные / химчистки,PAIN_X_INDUSTRY,упаковка химии,waste,diagnostic,Отраслевая карточка,pain_x_industry,7
куда сдавать фильтры прачечные / химчистки,industry,IND-056,Прачечные / химчистки,PAIN_X_INDUSTRY,фильтры,waste,diagnostic,Отраслевая карточка,pain_x_industry,6
куда сдавать шлам прачечные / химчистки,industry,IND-056,Прачечные / химчистки,PAIN_X_INDUSTRY,шлам,waste,diagnostic,Отраслевая карточка,pain_x_industry,6
нужен ли договор на растворители прачечные / химчистки,industry,IND-056,Прачечные / химчистки,PAIN_X_INDUSTRY,растворители,waste,diagnostic,Отраслевая карточка,pain_x_industry,8
нужен ли договор на сточные воды прачечные / химчистки,industry,IND-056,Прачечные / химчистки,PAIN_X_INDUSTRY,сточные воды,water,diagnostic,Вода,pain_x_industry,9
нужен ли договор на упаковка химии прачечные / химчистки,industry,IND-056,Прачечные / химчистки,PAIN_X_INDUSTRY,упаковка химии,waste,diagnostic,Отраслевая карточка,pain_x_industry,9
нужен ли договор на фильтры прачечные / химчистки,industry,IND-056,Прачечные / химчистки,PAIN_X_INDUSTRY,фильтры,waste,diagnostic,Отраслевая карточка,pain_x_industry,8
нужен ли договор на шлам прачечные / химчистки,industry,IND-056,Прачечные / химчистки,PAIN_X_INDUSTRY,шлам,waste,diagnostic,Отраслевая карточка,pain_x_industry,8
нужен ли паспорт на растворители прачечные / химчистки,industry,IND-056,Прачечные / химчистки,PAIN_X_INDUSTRY,растворители,waste,diagnostic,Отраслевая карточка,pain_x_industry,8
нужен ли паспорт на сточные воды прачечные / химчистки,industry,IND-056,Прачечные / химчистки,PAIN_X_INDUSTRY,сточные воды,water,diagnostic,Вода,pain_x_industry,9
нужен ли паспорт на упаковка химии прачечные / химчистки,industry,IND-056,Прачечные / химчистки,PAIN_X_INDUSTRY,упаковка химии,waste,diagnostic,Отраслевая карточка,pain_x_industry,9
нужен ли паспорт на фильтры прачечные / химчистки,industry,IND-056,Прачечные / химчистки,PAIN_X_INDUSTRY,фильтры,waste,diagnostic,Отраслевая карточка,pain_x_industry,8
нужен ли паспорт на шлам прачечные / химчистки,industry,IND-056,Прачечные / химчистки,PAIN_X_INDUSTRY,шлам,waste,diagnostic,Отраслевая карточка,pain_x_industry,8
растворители для прачечные / химчистки,industry,IND-056,Прачечные / химчистки,PAIN_X_INDUSTRY,растворители,waste,mixed,Отраслевая карточка,pain_x_industry,5
растворители на прачечные / химчистки,industry,IND-056,Прачечные / химчистки,PAIN_X_INDUSTRY,растворители,waste,mixed,Отраслевая карточка,pain_x_industry,5
растворители прачечные / химчистки,industry,IND-056,Прачечные / химчистки,PAIN_X_INDUSTRY,растворители,waste,mixed,Отраслевая карточка,pain_x_industry,4
сточные воды для прачечные / химчистки,industry,IND-056,Прачечные / химчистки,PAIN_X_INDUSTRY,сточные воды,water,mixed,Вода,pain_x_industry,6
сточные воды на прачечные / химчистки,industry,IND-056,Прачечные / химчистки,PAIN_X_INDUSTRY,сточные воды,water,mixed,Вода,pain_x_industry,6
упаковка химии для прачечные / химчистки,industry,IND-056,Прачечные / химчистки,PAIN_X_INDUSTRY,упаковка химии,waste,mixed,Отраслевая карточка,pain_x_industry,6
упаковка химии на прачечные / химчистки,industry,IND-056,Прачечные / химчистки,PAIN_X_INDUSTRY,упаковка химии,waste,mixed,Отраслевая карточка,pain_x_industry,6
упаковка химии прачечные / химчистки,industry,IND-056,Прачечные / химчистки,PAIN_X_INDUSTRY,упаковка химии,waste,mixed,Отраслевая карточка,pain_x_industry,5
утилизация растворители прачечные / химчистки,industry,IND-056,Прачечные / химчистки,PAIN_X_INDUSTRY,растворители,waste,commercial,Отраслевая карточка,pain_x_industry,5
утилизация сточные воды прачечные / химчистки,industry,IND-056,Прачечные / химчистки,PAIN_X_INDUSTRY,сточные воды,water,commercial,Вода,pain_x_industry,6
утилизация упаковка химии прачечные / химчистки,industry,IND-056,Прачечные / химчистки,PAIN_X_INDUSTRY,упаковка химии,waste,commercial,Отраслевая карточка,pain_x_industry,6
утилизация фильтры прачечные / химчистки,industry,IND-056,Прачечные / химчистки,PAIN_X_INDUSTRY,фильтры,waste,commercial,Отраслевая карточка,pain_x_industry,5
утилизация шлам прачечные / химчистки,industry,IND-056,Прачечные / химчистки,PAIN_X_INDUSTRY,шлам,waste,commercial,Отраслевая карточка,pain_x_industry,5
фильтры для прачечные / химчистки,industry,IND-056,Прачечные / химчистки,PAIN_X_INDUSTRY,фильтры,waste,mixed,Отраслевая карточка,pain_x_industry,5
фильтры на прачечные / химчистки,industry,IND-056,Прачечные / химчистки,PAIN_X_INDUSTRY,фильтры,waste,mixed,Отраслевая карточка,pain_x_industry,5
фильтры прачечные / химчистки,industry,IND-056,Прачечные / химчистки,PAIN_X_INDUSTRY,фильтры,waste,mixed,Отраслевая карточка,pain_x_industry,4
цена утилизации растворители прачечные / химчистки,industry,IND-056,Прачечные / химчистки,PAIN_X_INDUSTRY,растворители,waste,commercial,Отраслевая карточка,pain_x_industry,6
цена утилизации сточные воды прачечные / химчистки,industry,IND-056,Прачечные / химчистки,PAIN_X_INDUSTRY,сточные воды,water,commercial,Вода,pain_x_industry,7
цена утилизации упаковка химии прачечные / химчистки,industry,IND-056,Прачечные / химчистки,PAIN_X_INDUSTRY,упаковка химии,waste,commercial,Отраслевая карточка,pain_x_industry,7
цена утилизации фильтры прачечные / химчистки,industry,IND-056,Прачечные / химчистки,PAIN_X_INDUSTRY,фильтры,waste,commercial,Отраслевая карточка,pain_x_industry,6
цена утилизации шлам прачечные / химчистки,industry,IND-056,Прачечные / химчистки,PAIN_X_INDUSTRY,шлам,waste,commercial,Отраслевая карточка,pain_x_industry,6
что делать с растворители прачечные / химчистки,industry,IND-056,Прачечные / химчистки,PAIN_X_INDUSTRY,растворители,waste,diagnostic,Отраслевая карточка,pain_x_industry,7
что делать с сточные воды прачечные / химчистки,industry,IND-056,Прачечные / химчистки,PAIN_X_INDUSTRY,сточные воды,water,diagnostic,Вода,pain_x_industry,8
что делать с упаковка химии прачечные / химчистки,industry,IND-056,Прачечные / химчистки,PAIN_X_INDUSTRY,упаковка химии,waste,diagnostic,Отраслевая карточка,pain_x_industry,8
что делать с фильтры прачечные / химчистки,industry,IND-056,Прачечные / химчистки,PAIN_X_INDUSTRY,фильтры,waste,diagnostic,Отраслевая карточка,pain_x_industry,7
что делать с шлам прачечные / химчистки,industry,IND-056,Прачечные / химчистки,PAIN_X_INDUSTRY,шлам,waste,diagnostic,Отраслевая карточка,pain_x_industry,7
шлам для прачечные / химчистки,industry,IND-056,Прачечные / химчистки,PAIN_X_INDUSTRY,шлам,waste,mixed,Отраслевая карточка,pain_x_industry,5
шлам на прачечные / химчистки,industry,IND-056,Прачечные / химчистки,PAIN_X_INDUSTRY,шлам,waste,mixed,Отраслевая карточка,pain_x_industry,5
шлам прачечные / химчистки,industry,IND-056,Прачечные / химчистки,PAIN_X_INDUSTRY,шлам,waste,mixed,Отраслевая карточка,pain_x_industry,4
2 тп отходы предприятия по обращению с отходами,industry,IND-041,Предприятия по обращению с отходами,INDUSTRY_DIRECT,,,mixed,Отходы / учёт и отчётность,industry_template,8
ПЭК предприятия по обращению с отходами,industry,IND-041,Предприятия по обращению с отходами,INDUSTRY_DIRECT,,,mixed,Отраслевая карточка,industry_template,6
выбросы предприятия по обращению с отходами,industry,IND-041,Предприятия по обращению с отходами,INDUSTRY_DIRECT,,,mixed,Воздух,industry_template,6
запуск предприятия по обращению с отходами экологические документы,industry,IND-041,Предприятия по обращению с отходами,INDUSTRY_DIRECT,,,urgent,Отраслевая карточка,industry_template,8
какая экологическая отчетность у предприятия по обращению с отходами,industry,IND-041,Предприятия по обращению с отходами,INDUSTRY_DIRECT,,,mixed,Отходы / учёт и отчётность,industry_template,9
какие требования по экологии предприятия по обращению с отходами,industry,IND-041,Предприятия по обращению с отходами,INDUSTRY_DIRECT,,,diagnostic,Отраслевая карточка,industry_template,9
какие экологические документы нужны предприятия по обращению с отходами,industry,IND-041,Предприятия по обращению с отходами,INDUSTRY_DIRECT,,,mixed,Отраслевая карточка,industry_template,9
категория НВОС предприятия по обращению с отходами,industry,IND-041,Предприятия по обращению с отходами,INDUSTRY_DIRECT,,,mixed,НВОС,industry_template,7
ливневые воды предприятия по обращению с отходами,industry,IND-041,Предприятия по обращению с отходами,INDUSTRY_DIRECT,,,mixed,Вода,industry_template,7
нужен ли эколог предприятия по обращению с отходами,industry,IND-041,Предприятия по обращению с отходами,INDUSTRY_DIRECT,,,diagnostic,Отраслевая карточка,industry_template,8
нужно ли ставить на учет НВОС предприятия по обращению с отходами,industry,IND-041,Предприятия по обращению с отходами,INDUSTRY_DIRECT,,,mixed,НВОС,industry_template,11
отходы предприятия по обращению с отходами,industry,IND-041,Предприятия по обращению с отходами,INDUSTRY_DIRECT,,,mixed,Отраслевая карточка,industry_template,6
очистные предприятия по обращению с отходами,industry,IND-041,Предприятия по обращению с отходами,INDUSTRY_DIRECT,,,mixed,Вода,industry_template,6
предписание экология предприятия по обращению с отходами,industry,IND-041,Предприятия по обращению с отходами,INDUSTRY_DIRECT,,,urgent,Отраслевая карточка,industry_template,7
проверка экология предприятия по обращению с отходами,industry,IND-041,Предприятия по обращению с отходами,INDUSTRY_DIRECT,,,urgent,Отраслевая карточка,industry_template,7
сточные воды предприятия по обращению с отходами,industry,IND-041,Предприятия по обращению с отходами,INDUSTRY_DIRECT,,,mixed,Вода,industry_template,7
учет отходов предприятия по обращению с отходами,industry,IND-041,Предприятия по обращению с отходами,INDUSTRY_DIRECT,,,mixed,Отходы / учёт и отчётность,industry_template,7
что нужно по экологии предприятия по обращению с отходами,industry,IND-041,Предприятия по обращению с отходами,INDUSTRY_DIRECT,,,mixed,Отраслевая карточка,industry_template,9
что сдавать по экологии предприятия по обращению с отходами,industry,IND-041,Предприятия по обращению с отходами,INDUSTRY_DIRECT,,,mixed,Отраслевая карточка,industry_template,9
штраф экология предприятия по обращению с отходами,industry,IND-041,Предприятия по обращению с отходами,INDUSTRY_DIRECT,,,urgent,Отраслевая карточка,industry_template,7
2 тп отходы производственные предприятия общего профиля,industry,IND-050,Производственные предприятия общего профиля,INDUSTRY_DIRECT,,,mixed,Отходы / учёт и отчётность,industry_template,7
ПЭК производственные предприятия общего профиля,industry,IND-050,Производственные предприятия общего профиля,INDUSTRY_DIRECT,,,mixed,Отраслевая карточка,industry_template,5
выбросы производственные предприятия общего профиля,industry,IND-050,Производственные предприятия общего профиля,INDUSTRY_DIRECT,,,mixed,Воздух,industry_template,5
запуск производственные предприятия общего профиля экологические документы,industry,IND-050,Производственные предприятия общего профиля,INDUSTRY_DIRECT,,,urgent,Отраслевая карточка,industry_template,7
какая экологическая отчетность у производственные предприятия общего профиля,industry,IND-050,Производственные предприятия общего профиля,INDUSTRY_DIRECT,,,mixed,Отходы / учёт и отчётность,industry_template,8
какие требования по экологии производственные предприятия общего профиля,industry,IND-050,Производственные предприятия общего профиля,INDUSTRY_DIRECT,,,diagnostic,Отраслевая карточка,industry_template,8
какие экологические документы нужны производственные предприятия общего профиля,industry,IND-050,Производственные предприятия общего профиля,INDUSTRY_DIRECT,,,mixed,Отраслевая карточка,industry_template,8
категория НВОС производственные предприятия общего профиля,industry,IND-050,Производственные предприятия общего профиля,INDUSTRY_DIRECT,,,mixed,НВОС,industry_template,6
ливневые воды производственные предприятия общего профиля,industry,IND-050,Производственные предприятия общего профиля,INDUSTRY_DIRECT,,,mixed,Вода,industry_template,6
нужен ли эколог производственные предприятия общего профиля,industry,IND-050,Производственные предприятия общего профиля,INDUSTRY_DIRECT,,,diagnostic,Отраслевая карточка,industry_template,7
нужно ли ставить на учет НВОС производственные предприятия общего профиля,industry,IND-050,Производственные предприятия общего профиля,INDUSTRY_DIRECT,,,mixed,НВОС,industry_template,10
отходы производственные предприятия общего профиля,industry,IND-050,Производственные предприятия общего профиля,INDUSTRY_DIRECT,,,mixed,Отраслевая карточка,industry_template,5
очистные производственные предприятия общего профиля,industry,IND-050,Производственные предприятия общего профиля,INDUSTRY_DIRECT,,,mixed,Вода,industry_template,5
предписание экология производственные предприятия общего профиля,industry,IND-050,Производственные предприятия общего профиля,INDUSTRY_DIRECT,,,urgent,Отраслевая карточка,industry_template,6
проверка экология производственные предприятия общего профиля,industry,IND-050,Производственные предприятия общего профиля,INDUSTRY_DIRECT,,,urgent,Отраслевая карточка,industry_template,6
сточные воды производственные предприятия общего профиля,industry,IND-050,Производственные предприятия общего профиля,INDUSTRY_DIRECT,,,mixed,Вода,industry_template,6
учет отходов производственные предприятия общего профиля,industry,IND-050,Производственные предприятия общего профиля,INDUSTRY_DIRECT,,,mixed,Отходы / учёт и отчётность,industry_template,6
что нужно по экологии производственные предприятия общего профиля,industry,IND-050,Производственные предприятия общего профиля,INDUSTRY_DIRECT,,,mixed,Отраслевая карточка,industry_template,8
что сдавать по экологии производственные предприятия общего профиля,industry,IND-050,Производственные предприятия общего профиля,INDUSTRY_DIRECT,,,mixed,Отраслевая карточка,industry_template,8
штраф экология производственные предприятия общего профиля,industry,IND-050,Производственные предприятия общего профиля,INDUSTRY_DIRECT,,,urgent,Отраслевая карточка,industry_template,6
2 тп отходы производство бетона / жби,industry,IND-019,Производство бетона / ЖБИ,INDUSTRY_DIRECT,,,mixed,Отходы / учёт и отчётность,industry_template,7
ПЭК производство бетона / жби,industry,IND-019,Производство бетона / ЖБИ,INDUSTRY_DIRECT,,,mixed,Отраслевая карточка,industry_template,5
выбросы производство бетона / жби,industry,IND-019,Производство бетона / ЖБИ,INDUSTRY_DIRECT,,,mixed,Воздух,industry_template,5
запуск производство бетона / жби экологические документы,industry,IND-019,Производство бетона / ЖБИ,INDUSTRY_DIRECT,,,urgent,Отраслевая карточка,industry_template,7
какая экологическая отчетность у производство бетона / жби,industry,IND-019,Производство бетона / ЖБИ,INDUSTRY_DIRECT,,,mixed,Отходы / учёт и отчётность,industry_template,8
какие требования по экологии производство бетона / жби,industry,IND-019,Производство бетона / ЖБИ,INDUSTRY_DIRECT,,,diagnostic,Отраслевая карточка,industry_template,8
какие экологические документы нужны производство бетона / жби,industry,IND-019,Производство бетона / ЖБИ,INDUSTRY_DIRECT,,,mixed,Отраслевая карточка,industry_template,8
категория НВОС производство бетона / жби,industry,IND-019,Производство бетона / ЖБИ,INDUSTRY_DIRECT,,,mixed,НВОС,industry_template,6
ливневые воды производство бетона / жби,industry,IND-019,Производство бетона / ЖБИ,INDUSTRY_DIRECT,,,mixed,Вода,industry_template,6
нужен ли эколог производство бетона / жби,industry,IND-019,Производство бетона / ЖБИ,INDUSTRY_DIRECT,,,diagnostic,Отраслевая карточка,industry_template,7
нужно ли ставить на учет НВОС производство бетона / жби,industry,IND-019,Производство бетона / ЖБИ,INDUSTRY_DIRECT,,,mixed,НВОС,industry_template,10
отходы производство бетона / жби,industry,IND-019,Производство бетона / ЖБИ,INDUSTRY_DIRECT,,,mixed,Отраслевая карточка,industry_template,5
очистные производство бетона / жби,industry,IND-019,Производство бетона / ЖБИ,INDUSTRY_DIRECT,,,mixed,Вода,industry_template,5
предписание экология производство бетона / жби,industry,IND-019,Производство бетона / ЖБИ,INDUSTRY_DIRECT,,,urgent,Отраслевая карточка,industry_template,6
проверка экология производство бетона / жби,industry,IND-019,Производство бетона / ЖБИ,INDUSTRY_DIRECT,,,urgent,Отраслевая карточка,industry_template,6
сточные воды производство бетона / жби,industry,IND-019,Производство бетона / ЖБИ,INDUSTRY_DIRECT,,,mixed,Вода,industry_template,6
учет отходов производство бетона / жби,industry,IND-019,Производство бетона / ЖБИ,INDUSTRY_DIRECT,,,mixed,Отходы / учёт и отчётность,industry_template,6
что нужно по экологии производство бетона / жби,industry,IND-019,Производство бетона / ЖБИ,INDUSTRY_DIRECT,,,mixed,Отраслевая карточка,industry_template,8
что сдавать по экологии производство бетона / жби,industry,IND-019,Производство бетона / ЖБИ,INDUSTRY_DIRECT,,,mixed,Отраслевая карточка,industry_template,8
штраф экология производство бетона / жби,industry,IND-019,Производство бетона / ЖБИ,INDUSTRY_DIRECT,,,urgent,Отраслевая карточка,industry_template,6
анализ сточные воды,industry,IND-019,Производство бетона / ЖБИ,PAIN_ACTION,сточные воды,water,mixed,Вода,pain_action,3
вывоз бетонный лом,industry,IND-019,Производство бетона / ЖБИ,PAIN_ACTION,бетонный лом,waste,commercial,Отраслевая карточка,pain_action,3
вывоз бетонный шлам,industry,IND-019,Производство бетона / ЖБИ,PAIN_ACTION,бетонный шлам,waste,commercial,Отраслевая карточка,pain_action,3
жалобы на цементная пыль,industry,IND-019,Производство бетона / ЖБИ,PAIN_ACTION,цементная пыль,air,mixed,Воздух,pain_action,4
как накапливать бетонный лом,industry,IND-019,Производство бетона / ЖБИ,PAIN_ACTION,бетонный лом,waste,mixed,Отраслевая карточка,pain_action,4
как накапливать бетонный шлам,industry,IND-019,Производство бетона / ЖБИ,PAIN_ACTION,бетонный шлам,waste,mixed,Отраслевая карточка,pain_action,4
как очищать сточные воды,industry,IND-019,Производство бетона / ЖБИ,PAIN_ACTION,сточные воды,water,mixed,Вода,pain_action,4
как уменьшить цементная пыль,industry,IND-019,Производство бетона / ЖБИ,PAIN_ACTION,цементная пыль,air,mixed,Воздух,pain_action,4
как учитывать бетонный лом,industry,IND-019,Производство бетона / ЖБИ,PAIN_ACTION,бетонный лом,waste,diagnostic,Отраслевая карточка,pain_action,4
как учитывать бетонный шлам,industry,IND-019,Производство бетона / ЖБИ,PAIN_ACTION,бетонный шлам,waste,diagnostic,Отраслевая карточка,pain_action,4
как учитывать мойка миксеров,industry,IND-019,Производство бетона / ЖБИ,PAIN_ACTION,мойка миксеров,general,diagnostic,Отраслевая карточка,pain_action,4
как хранить бетонный лом,industry,IND-019,Производство бетона / ЖБИ,PAIN_ACTION,бетонный лом,waste,diagnostic,Отраслевая карточка,pain_action,4
как хранить бетонный шлам,industry,IND-019,Производство бетона / ЖБИ,PAIN_ACTION,бетонный шлам,waste,diagnostic,Отраслевая карточка,pain_action,4
какой класс опасности бетонный лом,industry,IND-019,Производство бетона / ЖБИ,PAIN_ACTION,бетонный лом,waste,mixed,Отраслевая карточка,pain_action,5
какой класс опасности бетонный шлам,industry,IND-019,Производство бетона / ЖБИ,PAIN_ACTION,бетонный шлам,waste,mixed,Отраслевая карточка,pain_action,5
контроль сточные воды,industry,IND-019,Производство бетона / ЖБИ,PAIN_ACTION,сточные воды,water,mixed,Вода,pain_action,3
контроль цементная пыль,industry,IND-019,Производство бетона / ЖБИ,PAIN_ACTION,цементная пыль,air,mixed,Воздух,pain_action,3
кто забирает бетонный лом,industry,IND-019,Производство бетона / ЖБИ,PAIN_ACTION,бетонный лом,waste,mixed,Отраслевая карточка,pain_action,4
кто забирает бетонный шлам,industry,IND-019,Производство бетона / ЖБИ,PAIN_ACTION,бетонный шлам,waste,mixed,Отраслевая карточка,pain_action,4
кто принимает бетонный лом,industry,IND-019,Производство бетона / ЖБИ,PAIN_ACTION,бетонный лом,waste,diagnostic,Отраслевая карточка,pain_action,4
кто принимает бетонный шлам,industry,IND-019,Производство бетона / ЖБИ,PAIN_ACTION,бетонный шлам,waste,diagnostic,Отраслевая карточка,pain_action,4
куда девать бетонный лом,industry,IND-019,Производство бетона / ЖБИ,PAIN_ACTION,бетонный лом,waste,diagnostic,Отраслевая карточка,pain_action,4
куда девать бетонный шлам,industry,IND-019,Производство бетона / ЖБИ,PAIN_ACTION,бетонный шлам,waste,diagnostic,Отраслевая карточка,pain_action,4
куда отводить сточные воды,industry,IND-019,Производство бетона / ЖБИ,PAIN_ACTION,сточные воды,water,diagnostic,Вода,pain_action,4
куда передавать бетонный лом,industry,IND-019,Производство бетона / ЖБИ,PAIN_ACTION,бетонный лом,waste,diagnostic,Отраслевая карточка,pain_action,4
куда передавать бетонный шлам,industry,IND-019,Производство бетона / ЖБИ,PAIN_ACTION,бетонный шлам,waste,diagnostic,Отраслевая карточка,pain_action,4
куда сдавать бетонный лом,industry,IND-019,Производство бетона / ЖБИ,PAIN_ACTION,бетонный лом,waste,diagnostic,Отраслевая карточка,pain_action,4
куда сдавать бетонный шлам,industry,IND-019,Производство бетона / ЖБИ,PAIN_ACTION,бетонный шлам,waste,diagnostic,Отраслевая карточка,pain_action,4
куда сливать сточные воды,industry,IND-019,Производство бетона / ЖБИ,PAIN_ACTION,сточные воды,water,diagnostic,Вода,pain_action,4
можно ли выбрасывать бетонный лом,industry,IND-019,Производство бетона / ЖБИ,PAIN_ACTION,бетонный лом,waste,mixed,Отраслевая карточка,pain_action,5
можно ли выбрасывать бетонный шлам,industry,IND-019,Производство бетона / ЖБИ,PAIN_ACTION,бетонный шлам,waste,mixed,Отраслевая карточка,pain_action,5
можно ли сбрасывать сточные воды,industry,IND-019,Производство бетона / ЖБИ,PAIN_ACTION,сточные воды,water,mixed,Вода,pain_action,5
можно ли хранить бетонный лом на улице,industry,IND-019,Производство бетона / ЖБИ,PAIN_ACTION,бетонный лом,waste,mixed,Отраслевая карточка,pain_action,7
можно ли хранить бетонный шлам на улице,industry,IND-019,Производство бетона / ЖБИ,PAIN_ACTION,бетонный шлам,waste,mixed,Отраслевая карточка,pain_action,7
нормативы сточные воды,industry,IND-019,Производство бетона / ЖБИ,PAIN_ACTION,сточные воды,water,mixed,Вода,pain_action,3
нормативы цементная пыль,industry,IND-019,Производство бетона / ЖБИ,PAIN_ACTION,цементная пыль,air,mixed,Воздух,pain_action,3
нужен ли договор на бетонный лом,industry,IND-019,Производство бетона / ЖБИ,PAIN_ACTION,бетонный лом,waste,diagnostic,Отраслевая карточка,pain_action,6
нужен ли договор на бетонный шлам,industry,IND-019,Производство бетона / ЖБИ,PAIN_ACTION,бетонный шлам,waste,diagnostic,Отраслевая карточка,pain_action,6
нужен ли паспорт на бетонный лом,industry,IND-019,Производство бетона / ЖБИ,PAIN_ACTION,бетонный лом,waste,diagnostic,Отраслевая карточка,pain_action,6
нужен ли паспорт на бетонный шлам,industry,IND-019,Производство бетона / ЖБИ,PAIN_ACTION,бетонный шлам,waste,diagnostic,Отраслевая карточка,pain_action,6
нужна ли инвентаризация цементная пыль,industry,IND-019,Производство бетона / ЖБИ,PAIN_ACTION,цементная пыль,air,mixed,Воздух,pain_action,5
нужно ли учитывать цементная пыль,industry,IND-019,Производство бетона / ЖБИ,PAIN_ACTION,цементная пыль,air,mixed,Воздух,pain_action,5
нужны ли документы на мойка миксеров,industry,IND-019,Производство бетона / ЖБИ,PAIN_ACTION,мойка миксеров,general,mixed,Отраслевая карточка,pain_action,6
нужны ли очистные для сточные воды,industry,IND-019,Производство бетона / ЖБИ,PAIN_ACTION,сточные воды,water,mixed,Вода,pain_action,6
обезвреживание бетонный лом,industry,IND-019,Производство бетона / ЖБИ,PAIN_ACTION,бетонный лом,waste,commercial,Отраслевая карточка,pain_action,3
обезвреживание бетонный шлам,industry,IND-019,Производство бетона / ЖБИ,PAIN_ACTION,бетонный шлам,waste,commercial,Отраслевая карточка,pain_action,3
переработка бетонный лом,industry,IND-019,Производство бетона / ЖБИ,PAIN_ACTION,бетонный лом,waste,mixed,Отраслевая карточка,pain_action,3
переработка бетонный шлам,industry,IND-019,Производство бетона / ЖБИ,PAIN_ACTION,бетонный шлам,waste,mixed,Отраслевая карточка,pain_action,3
прием бетонный лом,industry,IND-019,Производство бетона / ЖБИ,PAIN_ACTION,бетонный лом,waste,mixed,Отраслевая карточка,pain_action,3
прием бетонный шлам,industry,IND-019,Производство бетона / ЖБИ,PAIN_ACTION,бетонный шлам,waste,mixed,Отраслевая карточка,pain_action,3
размещение бетонный лом,industry,IND-019,Производство бетона / ЖБИ,PAIN_ACTION,бетонный лом,waste,commercial,Отраслевая карточка,pain_action,3
размещение бетонный шлам,industry,IND-019,Производство бетона / ЖБИ,PAIN_ACTION,бетонный шлам,waste,commercial,Отраслевая карточка,pain_action,3
стоимость утилизации бетонный лом,industry,IND-019,Производство бетона / ЖБИ,PAIN_ACTION,бетонный лом,waste,commercial,Отраслевая карточка,pain_action,4
стоимость утилизации бетонный шлам,industry,IND-019,Производство бетона / ЖБИ,PAIN_ACTION,бетонный шлам,waste,commercial,Отраслевая карточка,pain_action,4
требования к мойка миксеров,industry,IND-019,Производство бетона / ЖБИ,PAIN_ACTION,мойка миксеров,general,mixed,Отраслевая карточка,pain_action,4
требования к сточные воды,industry,IND-019,Производство бетона / ЖБИ,PAIN_ACTION,сточные воды,water,mixed,Вода,pain_action,4
требования к цементная пыль,industry,IND-019,Производство бетона / ЖБИ,PAIN_ACTION,цементная пыль,air,mixed,Воздух,pain_action,4
утилизация бетонный лом,industry,IND-019,Производство бетона / ЖБИ,PAIN_ACTION,бетонный лом,waste,commercial,Отраслевая карточка,pain_action,3
утилизация бетонный шлам,industry,IND-019,Производство бетона / ЖБИ,PAIN_ACTION,бетонный шлам,waste,commercial,Отраслевая карточка,pain_action,3
учет сточные воды,industry,IND-019,Производство бетона / ЖБИ,PAIN_ACTION,сточные воды,water,mixed,Вода,pain_action,3
цена вывоза бетонный лом,industry,IND-019,Производство бетона / ЖБИ,PAIN_ACTION,бетонный лом,waste,commercial,Отраслевая карточка,pain_action,4
цена вывоза бетонный шлам,industry,IND-019,Производство бетона / ЖБИ,PAIN_ACTION,бетонный шлам,waste,commercial,Отраслевая карточка,pain_action,4
что делать с бетонный лом,industry,IND-019,Производство бетона / ЖБИ,PAIN_ACTION,бетонный лом,waste,diagnostic,Отраслевая карточка,pain_action,5
что делать с бетонный шлам,industry,IND-019,Производство бетона / ЖБИ,PAIN_ACTION,бетонный шлам,waste,diagnostic,Отраслевая карточка,pain_action,5
что делать с мойка миксеров,industry,IND-019,Производство бетона / ЖБИ,PAIN_ACTION,мойка миксеров,general,diagnostic,Отраслевая карточка,pain_action,5
что делать с сточные воды,industry,IND-019,Производство бетона / ЖБИ,PAIN_ACTION,сточные воды,water,diagnostic,Вода,pain_action,5
что делать с цементная пыль,industry,IND-019,Производство бетона / ЖБИ,PAIN_ACTION,цементная пыль,air,diagnostic,Воздух,pain_action,5
бетонный лом для производство бетона / жби,industry,IND-019,Производство бетона / ЖБИ,PAIN_X_INDUSTRY,бетонный лом,waste,mixed,Отраслевая карточка,pain_x_industry,7
бетонный лом на производство бетона / жби,industry,IND-019,Производство бетона / ЖБИ,PAIN_X_INDUSTRY,бетонный лом,waste,mixed,Отраслевая карточка,pain_x_industry,7
бетонный лом производство бетона / жби,industry,IND-019,Производство бетона / ЖБИ,PAIN_X_INDUSTRY,бетонный лом,waste,mixed,Отраслевая карточка,pain_x_industry,6
бетонный шлам для производство бетона / жби,industry,IND-019,Производство бетона / ЖБИ,PAIN_X_INDUSTRY,бетонный шлам,waste,mixed,Отраслевая карточка,pain_x_industry,7
бетонный шлам на производство бетона / жби,industry,IND-019,Производство бетона / ЖБИ,PAIN_X_INDUSTRY,бетонный шлам,waste,mixed,Отраслевая карточка,pain_x_industry,7
бетонный шлам производство бетона / жби,industry,IND-019,Производство бетона / ЖБИ,PAIN_X_INDUSTRY,бетонный шлам,waste,mixed,Отраслевая карточка,pain_x_industry,6
вывоз бетонный лом производство бетона / жби,industry,IND-019,Производство бетона / ЖБИ,PAIN_X_INDUSTRY,бетонный лом,waste,commercial,Отраслевая карточка,pain_x_industry,7
вывоз бетонный шлам производство бетона / жби,industry,IND-019,Производство бетона / ЖБИ,PAIN_X_INDUSTRY,бетонный шлам,waste,commercial,Отраслевая карточка,pain_x_industry,7
вывоз мойка миксеров производство бетона / жби,industry,IND-019,Производство бетона / ЖБИ,PAIN_X_INDUSTRY,мойка миксеров,general,commercial,Отраслевая карточка,pain_x_industry,7
вывоз сточные воды производство бетона / жби,industry,IND-019,Производство бетона / ЖБИ,PAIN_X_INDUSTRY,сточные воды,water,commercial,Вода,pain_x_industry,7
вывоз цементная пыль производство бетона / жби,industry,IND-019,Производство бетона / ЖБИ,PAIN_X_INDUSTRY,цементная пыль,air,commercial,Воздух,pain_x_industry,7
как учитывать бетонный лом производство бетона / жби,industry,IND-019,Производство бетона / ЖБИ,PAIN_X_INDUSTRY,бетонный лом,waste,diagnostic,Отраслевая карточка,pain_x_industry,8
как учитывать бетонный шлам производство бетона / жби,industry,IND-019,Производство бетона / ЖБИ,PAIN_X_INDUSTRY,бетонный шлам,waste,diagnostic,Отраслевая карточка,pain_x_industry,8
как учитывать мойка миксеров производство бетона / жби,industry,IND-019,Производство бетона / ЖБИ,PAIN_X_INDUSTRY,мойка миксеров,general,diagnostic,Отраслевая карточка,pain_x_industry,8
как учитывать сточные воды производство бетона / жби,industry,IND-019,Производство бетона / ЖБИ,PAIN_X_INDUSTRY,сточные воды,water,diagnostic,Вода,pain_x_industry,8
как учитывать цементная пыль производство бетона / жби,industry,IND-019,Производство бетона / ЖБИ,PAIN_X_INDUSTRY,цементная пыль,air,diagnostic,Воздух,pain_x_industry,8
как хранить бетонный лом производство бетона / жби,industry,IND-019,Производство бетона / ЖБИ,PAIN_X_INDUSTRY,бетонный лом,waste,diagnostic,Отраслевая карточка,pain_x_industry,8
как хранить бетонный шлам производство бетона / жби,industry,IND-019,Производство бетона / ЖБИ,PAIN_X_INDUSTRY,бетонный шлам,waste,diagnostic,Отраслевая карточка,pain_x_industry,8
как хранить мойка миксеров производство бетона / жби,industry,IND-019,Производство бетона / ЖБИ,PAIN_X_INDUSTRY,мойка миксеров,general,diagnostic,Отраслевая карточка,pain_x_industry,8
как хранить сточные воды производство бетона / жби,industry,IND-019,Производство бетона / ЖБИ,PAIN_X_INDUSTRY,сточные воды,water,diagnostic,Вода,pain_x_industry,8
как хранить цементная пыль производство бетона / жби,industry,IND-019,Производство бетона / ЖБИ,PAIN_X_INDUSTRY,цементная пыль,air,diagnostic,Воздух,pain_x_industry,8
кто принимает бетонный лом производство бетона / жби,industry,IND-019,Производство бетона / ЖБИ,PAIN_X_INDUSTRY,бетонный лом,waste,diagnostic,Отраслевая карточка,pain_x_industry,8
кто принимает бетонный шлам производство бетона / жби,industry,IND-019,Производство бетона / ЖБИ,PAIN_X_INDUSTRY,бетонный шлам,waste,diagnostic,Отраслевая карточка,pain_x_industry,8
кто принимает мойка миксеров производство бетона / жби,industry,IND-019,Производство бетона / ЖБИ,PAIN_X_INDUSTRY,мойка миксеров,general,diagnostic,Отраслевая карточка,pain_x_industry,8
кто принимает сточные воды производство бетона / жби,industry,IND-019,Производство бетона / ЖБИ,PAIN_X_INDUSTRY,сточные воды,water,diagnostic,Вода,pain_x_industry,8
кто принимает цементная пыль производство бетона / жби,industry,IND-019,Производство бетона / ЖБИ,PAIN_X_INDUSTRY,цементная пыль,air,diagnostic,Воздух,pain_x_industry,8
куда девать бетонный лом производство бетона / жби,industry,IND-019,Производство бетона / ЖБИ,PAIN_X_INDUSTRY,бетонный лом,waste,diagnostic,Отраслевая карточка,pain_x_industry,8
куда девать бетонный шлам производство бетона / жби,industry,IND-019,Производство бетона / ЖБИ,PAIN_X_INDUSTRY,бетонный шлам,waste,diagnostic,Отраслевая карточка,pain_x_industry,8
куда девать мойка миксеров производство бетона / жби,industry,IND-019,Производство бетона / ЖБИ,PAIN_X_INDUSTRY,мойка миксеров,general,diagnostic,Отраслевая карточка,pain_x_industry,8
куда девать сточные воды производство бетона / жби,industry,IND-019,Производство бетона / ЖБИ,PAIN_X_INDUSTRY,сточные воды,water,diagnostic,Вода,pain_x_industry,8
куда девать цементная пыль производство бетона / жби,industry,IND-019,Производство бетона / ЖБИ,PAIN_X_INDUSTRY,цементная пыль,air,diagnostic,Воздух,pain_x_industry,8
куда сдавать бетонный лом производство бетона / жби,industry,IND-019,Производство бетона / ЖБИ,PAIN_X_INDUSTRY,бетонный лом,waste,diagnostic,Отраслевая карточка,pain_x_industry,8
куда сдавать бетонный шлам производство бетона / жби,industry,IND-019,Производство бетона / ЖБИ,PAIN_X_INDUSTRY,бетонный шлам,waste,diagnostic,Отраслевая карточка,pain_x_industry,8
куда сдавать мойка миксеров производство бетона / жби,industry,IND-019,Производство бетона / ЖБИ,PAIN_X_INDUSTRY,мойка миксеров,general,diagnostic,Отраслевая карточка,pain_x_industry,8
куда сдавать сточные воды производство бетона / жби,industry,IND-019,Производство бетона / ЖБИ,PAIN_X_INDUSTRY,сточные воды,water,diagnostic,Вода,pain_x_industry,8
куда сдавать цементная пыль производство бетона / жби,industry,IND-019,Производство бетона / ЖБИ,PAIN_X_INDUSTRY,цементная пыль,air,diagnostic,Воздух,pain_x_industry,8
мойка миксеров для производство бетона / жби,industry,IND-019,Производство бетона / ЖБИ,PAIN_X_INDUSTRY,мойка миксеров,general,mixed,Отраслевая карточка,pain_x_industry,7
мойка миксеров на производство бетона / жби,industry,IND-019,Производство бетона / ЖБИ,PAIN_X_INDUSTRY,мойка миксеров,general,mixed,Отраслевая карточка,pain_x_industry,7
мойка миксеров производство бетона / жби,industry,IND-019,Производство бетона / ЖБИ,PAIN_X_INDUSTRY,мойка миксеров,general,mixed,Отраслевая карточка,pain_x_industry,6
нужен ли договор на бетонный лом производство бетона / жби,industry,IND-019,Производство бетона / ЖБИ,PAIN_X_INDUSTRY,бетонный лом,waste,diagnostic,Отраслевая карточка,pain_x_industry,10
нужен ли договор на бетонный шлам производство бетона / жби,industry,IND-019,Производство бетона / ЖБИ,PAIN_X_INDUSTRY,бетонный шлам,waste,diagnostic,Отраслевая карточка,pain_x_industry,10
нужен ли договор на мойка миксеров производство бетона / жби,industry,IND-019,Производство бетона / ЖБИ,PAIN_X_INDUSTRY,мойка миксеров,general,diagnostic,Отраслевая карточка,pain_x_industry,10
нужен ли договор на сточные воды производство бетона / жби,industry,IND-019,Производство бетона / ЖБИ,PAIN_X_INDUSTRY,сточные воды,water,diagnostic,Вода,pain_x_industry,10
нужен ли договор на цементная пыль производство бетона / жби,industry,IND-019,Производство бетона / ЖБИ,PAIN_X_INDUSTRY,цементная пыль,air,diagnostic,Воздух,pain_x_industry,10
нужен ли паспорт на бетонный лом производство бетона / жби,industry,IND-019,Производство бетона / ЖБИ,PAIN_X_INDUSTRY,бетонный лом,waste,diagnostic,Отраслевая карточка,pain_x_industry,10
нужен ли паспорт на бетонный шлам производство бетона / жби,industry,IND-019,Производство бетона / ЖБИ,PAIN_X_INDUSTRY,бетонный шлам,waste,diagnostic,Отраслевая карточка,pain_x_industry,10
нужен ли паспорт на мойка миксеров производство бетона / жби,industry,IND-019,Производство бетона / ЖБИ,PAIN_X_INDUSTRY,мойка миксеров,general,diagnostic,Отраслевая карточка,pain_x_industry,10
нужен ли паспорт на сточные воды производство бетона / жби,industry,IND-019,Производство бетона / ЖБИ,PAIN_X_INDUSTRY,сточные воды,water,diagnostic,Вода,pain_x_industry,10
нужен ли паспорт на цементная пыль производство бетона / жби,industry,IND-019,Производство бетона / ЖБИ,PAIN_X_INDUSTRY,цементная пыль,air,diagnostic,Воздух,pain_x_industry,10
сточные воды для производство бетона / жби,industry,IND-019,Производство бетона / ЖБИ,PAIN_X_INDUSTRY,сточные воды,water,mixed,Вода,pain_x_industry,7
сточные воды на производство бетона / жби,industry,IND-019,Производство бетона / ЖБИ,PAIN_X_INDUSTRY,сточные воды,water,mixed,Вода,pain_x_industry,7
утилизация бетонный лом производство бетона / жби,industry,IND-019,Производство бетона / ЖБИ,PAIN_X_INDUSTRY,бетонный лом,waste,commercial,Отраслевая карточка,pain_x_industry,7
утилизация бетонный шлам производство бетона / жби,industry,IND-019,Производство бетона / ЖБИ,PAIN_X_INDUSTRY,бетонный шлам,waste,commercial,Отраслевая карточка,pain_x_industry,7
утилизация мойка миксеров производство бетона / жби,industry,IND-019,Производство бетона / ЖБИ,PAIN_X_INDUSTRY,мойка миксеров,general,commercial,Отраслевая карточка,pain_x_industry,7
утилизация сточные воды производство бетона / жби,industry,IND-019,Производство бетона / ЖБИ,PAIN_X_INDUSTRY,сточные воды,water,commercial,Вода,pain_x_industry,7
утилизация цементная пыль производство бетона / жби,industry,IND-019,Производство бетона / ЖБИ,PAIN_X_INDUSTRY,цементная пыль,air,commercial,Воздух,pain_x_industry,7
цементная пыль для производство бетона / жби,industry,IND-019,Производство бетона / ЖБИ,PAIN_X_INDUSTRY,цементная пыль,air,mixed,Воздух,pain_x_industry,7
цементная пыль на производство бетона / жби,industry,IND-019,Производство бетона / ЖБИ,PAIN_X_INDUSTRY,цементная пыль,air,mixed,Воздух,pain_x_industry,7
цементная пыль производство бетона / жби,industry,IND-019,Производство бетона / ЖБИ,PAIN_X_INDUSTRY,цементная пыль,air,mixed,Воздух,pain_x_industry,6
цена утилизации бетонный лом производство бетона / жби,industry,IND-019,Производство бетона / ЖБИ,PAIN_X_INDUSTRY,бетонный лом,waste,commercial,Отраслевая карточка,pain_x_industry,8
цена утилизации бетонный шлам производство бетона / жби,industry,IND-019,Производство бетона / ЖБИ,PAIN_X_INDUSTRY,бетонный шлам,waste,commercial,Отраслевая карточка,pain_x_industry,8
цена утилизации мойка миксеров производство бетона / жби,industry,IND-019,Производство бетона / ЖБИ,PAIN_X_INDUSTRY,мойка миксеров,general,commercial,Отраслевая карточка,pain_x_industry,8
цена утилизации сточные воды производство бетона / жби,industry,IND-019,Производство бетона / ЖБИ,PAIN_X_INDUSTRY,сточные воды,water,commercial,Вода,pain_x_industry,8
цена утилизации цементная пыль производство бетона / жби,industry,IND-019,Производство бетона / ЖБИ,PAIN_X_INDUSTRY,цементная пыль,air,commercial,Воздух,pain_x_industry,8
что делать с бетонный лом производство бетона / жби,industry,IND-019,Производство бетона / ЖБИ,PAIN_X_INDUSTRY,бетонный лом,waste,diagnostic,Отраслевая карточка,pain_x_industry,9
что делать с бетонный шлам производство бетона / жби,industry,IND-019,Производство бетона / ЖБИ,PAIN_X_INDUSTRY,бетонный шлам,waste,diagnostic,Отраслевая карточка,pain_x_industry,9
что делать с мойка миксеров производство бетона / жби,industry,IND-019,Производство бетона / ЖБИ,PAIN_X_INDUSTRY,мойка миксеров,general,diagnostic,Отраслевая карточка,pain_x_industry,9
что делать с сточные воды производство бетона / жби,industry,IND-019,Производство бетона / ЖБИ,PAIN_X_INDUSTRY,сточные воды,water,diagnostic,Вода,pain_x_industry,9
что делать с цементная пыль производство бетона / жби,industry,IND-019,Производство бетона / ЖБИ,PAIN_X_INDUSTRY,цементная пыль,air,diagnostic,Воздух,pain_x_industry,9
2 тп отходы производство бытовой химии,industry,IND-034,Производство бытовой химии,INDUSTRY_DIRECT,,,mixed,Отходы / учёт и отчётность,industry_template,6
ПЭК производство бытовой химии,industry,IND-034,Производство бытовой химии,INDUSTRY_DIRECT,,,mixed,Отраслевая карточка,industry_template,4
выбросы производство бытовой химии,industry,IND-034,Производство бытовой химии,INDUSTRY_DIRECT,,,mixed,Воздух,industry_template,4
запуск производство бытовой химии экологические документы,industry,IND-034,Производство бытовой химии,INDUSTRY_DIRECT,,,urgent,Отраслевая карточка,industry_template,6
какая экологическая отчетность у производство бытовой химии,industry,IND-034,Производство бытовой химии,INDUSTRY_DIRECT,,,mixed,Отходы / учёт и отчётность,industry_template,7
какие требования по экологии производство бытовой химии,industry,IND-034,Производство бытовой химии,INDUSTRY_DIRECT,,,diagnostic,Отраслевая карточка,industry_template,7
какие экологические документы нужны производство бытовой химии,industry,IND-034,Производство бытовой химии,INDUSTRY_DIRECT,,,mixed,Отраслевая карточка,industry_template,7
категория НВОС производство бытовой химии,industry,IND-034,Производство бытовой химии,INDUSTRY_DIRECT,,,mixed,НВОС,industry_template,5
ливневые воды производство бытовой химии,industry,IND-034,Производство бытовой химии,INDUSTRY_DIRECT,,,mixed,Вода,industry_template,5
нужен ли эколог производство бытовой химии,industry,IND-034,Производство бытовой химии,INDUSTRY_DIRECT,,,diagnostic,Отраслевая карточка,industry_template,6
нужно ли ставить на учет НВОС производство бытовой химии,industry,IND-034,Производство бытовой химии,INDUSTRY_DIRECT,,,mixed,НВОС,industry_template,9
отходы производство бытовой химии,industry,IND-034,Производство бытовой химии,INDUSTRY_DIRECT,,,mixed,Отраслевая карточка,industry_template,4
очистные производство бытовой химии,industry,IND-034,Производство бытовой химии,INDUSTRY_DIRECT,,,mixed,Вода,industry_template,4
предписание экология производство бытовой химии,industry,IND-034,Производство бытовой химии,INDUSTRY_DIRECT,,,urgent,Отраслевая карточка,industry_template,5
проверка экология производство бытовой химии,industry,IND-034,Производство бытовой химии,INDUSTRY_DIRECT,,,urgent,Отраслевая карточка,industry_template,5
сточные воды производство бытовой химии,industry,IND-034,Производство бытовой химии,INDUSTRY_DIRECT,,,mixed,Вода,industry_template,5
учет отходов производство бытовой химии,industry,IND-034,Производство бытовой химии,INDUSTRY_DIRECT,,,mixed,Отходы / учёт и отчётность,industry_template,5
что нужно по экологии производство бытовой химии,industry,IND-034,Производство бытовой химии,INDUSTRY_DIRECT,,,mixed,Отраслевая карточка,industry_template,7
что сдавать по экологии производство бытовой химии,industry,IND-034,Производство бытовой химии,INDUSTRY_DIRECT,,,mixed,Отраслевая карточка,industry_template,7
штраф экология производство бытовой химии,industry,IND-034,Производство бытовой химии,INDUSTRY_DIRECT,,,urgent,Отраслевая карточка,industry_template,5
2 тп отходы производство клеёв / герметиков / смол,industry,IND-032,Производство клеёв / герметиков / смол,INDUSTRY_DIRECT,,,mixed,Отходы / учёт и отчётность,industry_template,9
ПЭК производство клеёв / герметиков / смол,industry,IND-032,Производство клеёв / герметиков / смол,INDUSTRY_DIRECT,,,mixed,Отраслевая карточка,industry_template,7
выбросы производство клеёв / герметиков / смол,industry,IND-032,Производство клеёв / герметиков / смол,INDUSTRY_DIRECT,,,mixed,Воздух,industry_template,7
запуск производство клеёв / герметиков / смол экологические документы,industry,IND-032,Производство клеёв / герметиков / смол,INDUSTRY_DIRECT,,,urgent,Отраслевая карточка,industry_template,9
какая экологическая отчетность у производство клеёв / герметиков / смол,industry,IND-032,Производство клеёв / герметиков / смол,INDUSTRY_DIRECT,,,mixed,Отходы / учёт и отчётность,industry_template,10
какие требования по экологии производство клеёв / герметиков / смол,industry,IND-032,Производство клеёв / герметиков / смол,INDUSTRY_DIRECT,,,diagnostic,Отраслевая карточка,industry_template,10
какие экологические документы нужны производство клеёв / герметиков / смол,industry,IND-032,Производство клеёв / герметиков / смол,INDUSTRY_DIRECT,,,mixed,Отраслевая карточка,industry_template,10
категория НВОС производство клеёв / герметиков / смол,industry,IND-032,Производство клеёв / герметиков / смол,INDUSTRY_DIRECT,,,mixed,НВОС,industry_template,8
ливневые воды производство клеёв / герметиков / смол,industry,IND-032,Производство клеёв / герметиков / смол,INDUSTRY_DIRECT,,,mixed,Вода,industry_template,8
нужен ли эколог производство клеёв / герметиков / смол,industry,IND-032,Производство клеёв / герметиков / смол,INDUSTRY_DIRECT,,,diagnostic,Отраслевая карточка,industry_template,9
нужно ли ставить на учет НВОС производство клеёв / герметиков / смол,industry,IND-032,Производство клеёв / герметиков / смол,INDUSTRY_DIRECT,,,mixed,НВОС,industry_template,12
отходы производство клеёв / герметиков / смол,industry,IND-032,Производство клеёв / герметиков / смол,INDUSTRY_DIRECT,,,mixed,Отраслевая карточка,industry_template,7
очистные производство клеёв / герметиков / смол,industry,IND-032,Производство клеёв / герметиков / смол,INDUSTRY_DIRECT,,,mixed,Вода,industry_template,7
предписание экология производство клеёв / герметиков / смол,industry,IND-032,Производство клеёв / герметиков / смол,INDUSTRY_DIRECT,,,urgent,Отраслевая карточка,industry_template,8
проверка экология производство клеёв / герметиков / смол,industry,IND-032,Производство клеёв / герметиков / смол,INDUSTRY_DIRECT,,,urgent,Отраслевая карточка,industry_template,8
сточные воды производство клеёв / герметиков / смол,industry,IND-032,Производство клеёв / герметиков / смол,INDUSTRY_DIRECT,,,mixed,Вода,industry_template,8
учет отходов производство клеёв / герметиков / смол,industry,IND-032,Производство клеёв / герметиков / смол,INDUSTRY_DIRECT,,,mixed,Отходы / учёт и отчётность,industry_template,8
что нужно по экологии производство клеёв / герметиков / смол,industry,IND-032,Производство клеёв / герметиков / смол,INDUSTRY_DIRECT,,,mixed,Отраслевая карточка,industry_template,10
что сдавать по экологии производство клеёв / герметиков / смол,industry,IND-032,Производство клеёв / герметиков / смол,INDUSTRY_DIRECT,,,mixed,Отраслевая карточка,industry_template,10
штраф экология производство клеёв / герметиков / смол,industry,IND-032,Производство клеёв / герметиков / смол,INDUSTRY_DIRECT,,,urgent,Отраслевая карточка,industry_template,8
2 тп отходы производство косметики,industry,IND-035,Производство косметики,INDUSTRY_DIRECT,,,mixed,Отходы / учёт и отчётность,industry_template,5
ПЭК производство косметики,industry,IND-035,Производство косметики,INDUSTRY_DIRECT,,,mixed,Отраслевая карточка,industry_template,3
выбросы производство косметики,industry,IND-035,Производство косметики,INDUSTRY_DIRECT,,,mixed,Воздух,industry_template,3
запуск производство косметики экологические документы,industry,IND-035,Производство косметики,INDUSTRY_DIRECT,,,urgent,Отраслевая карточка,industry_template,5
какая экологическая отчетность у производство косметики,industry,IND-035,Производство косметики,INDUSTRY_DIRECT,,,mixed,Отходы / учёт и отчётность,industry_template,6
какие требования по экологии производство косметики,industry,IND-035,Производство косметики,INDUSTRY_DIRECT,,,diagnostic,Отраслевая карточка,industry_template,6
какие экологические документы нужны производство косметики,industry,IND-035,Производство косметики,INDUSTRY_DIRECT,,,mixed,Отраслевая карточка,industry_template,6
категория НВОС производство косметики,industry,IND-035,Производство косметики,INDUSTRY_DIRECT,,,mixed,НВОС,industry_template,4
ливневые воды производство косметики,industry,IND-035,Производство косметики,INDUSTRY_DIRECT,,,mixed,Вода,industry_template,4
нужен ли эколог производство косметики,industry,IND-035,Производство косметики,INDUSTRY_DIRECT,,,diagnostic,Отраслевая карточка,industry_template,5
нужно ли ставить на учет НВОС производство косметики,industry,IND-035,Производство косметики,INDUSTRY_DIRECT,,,mixed,НВОС,industry_template,8
отходы производство косметики,industry,IND-035,Производство косметики,INDUSTRY_DIRECT,,,mixed,Отраслевая карточка,industry_template,3
очистные производство косметики,industry,IND-035,Производство косметики,INDUSTRY_DIRECT,,,mixed,Вода,industry_template,3
предписание экология производство косметики,industry,IND-035,Производство косметики,INDUSTRY_DIRECT,,,urgent,Отраслевая карточка,industry_template,4
проверка экология производство косметики,industry,IND-035,Производство косметики,INDUSTRY_DIRECT,,,urgent,Отраслевая карточка,industry_template,4
сточные воды производство косметики,industry,IND-035,Производство косметики,INDUSTRY_DIRECT,,,mixed,Вода,industry_template,4
учет отходов производство косметики,industry,IND-035,Производство косметики,INDUSTRY_DIRECT,,,mixed,Отходы / учёт и отчётность,industry_template,4
что нужно по экологии производство косметики,industry,IND-035,Производство косметики,INDUSTRY_DIRECT,,,mixed,Отраслевая карточка,industry_template,6
что сдавать по экологии производство косметики,industry,IND-035,Производство косметики,INDUSTRY_DIRECT,,,mixed,Отраслевая карточка,industry_template,6
штраф экология производство косметики,industry,IND-035,Производство косметики,INDUSTRY_DIRECT,,,urgent,Отраслевая карточка,industry_template,4
2 тп отходы производство напитков,industry,IND-011,Производство напитков,INDUSTRY_DIRECT,,,mixed,Отходы / учёт и отчётность,industry_template,5
ПЭК производство напитков,industry,IND-011,Производство напитков,INDUSTRY_DIRECT,,,mixed,Отраслевая карточка,industry_template,3
выбросы производство напитков,industry,IND-011,Производство напитков,INDUSTRY_DIRECT,,,mixed,Воздух,industry_template,3
запуск производство напитков экологические документы,industry,IND-011,Производство напитков,INDUSTRY_DIRECT,,,urgent,Отраслевая карточка,industry_template,5
какая экологическая отчетность у производство напитков,industry,IND-011,Производство напитков,INDUSTRY_DIRECT,,,mixed,Отходы / учёт и отчётность,industry_template,6
какие требования по экологии производство напитков,industry,IND-011,Производство напитков,INDUSTRY_DIRECT,,,diagnostic,Отраслевая карточка,industry_template,6
какие экологические документы нужны производство напитков,industry,IND-011,Производство напитков,INDUSTRY_DIRECT,,,mixed,Отраслевая карточка,industry_template,6
категория НВОС производство напитков,industry,IND-011,Производство напитков,INDUSTRY_DIRECT,,,mixed,НВОС,industry_template,4
ливневые воды производство напитков,industry,IND-011,Производство напитков,INDUSTRY_DIRECT,,,mixed,Вода,industry_template,4
нужен ли эколог производство напитков,industry,IND-011,Производство напитков,INDUSTRY_DIRECT,,,diagnostic,Отраслевая карточка,industry_template,5
нужно ли ставить на учет НВОС производство напитков,industry,IND-011,Производство напитков,INDUSTRY_DIRECT,,,mixed,НВОС,industry_template,8
отходы производство напитков,industry,IND-011,Производство напитков,INDUSTRY_DIRECT,,,mixed,Отраслевая карточка,industry_template,3
очистные производство напитков,industry,IND-011,Производство напитков,INDUSTRY_DIRECT,,,mixed,Вода,industry_template,3
предписание экология производство напитков,industry,IND-011,Производство напитков,INDUSTRY_DIRECT,,,urgent,Отраслевая карточка,industry_template,4
проверка экология производство напитков,industry,IND-011,Производство напитков,INDUSTRY_DIRECT,,,urgent,Отраслевая карточка,industry_template,4
сточные воды производство напитков,industry,IND-011,Производство напитков,INDUSTRY_DIRECT,,,mixed,Вода,industry_template,4
учет отходов производство напитков,industry,IND-011,Производство напитков,INDUSTRY_DIRECT,,,mixed,Отходы / учёт и отчётность,industry_template,4
что нужно по экологии производство напитков,industry,IND-011,Производство напитков,INDUSTRY_DIRECT,,,mixed,Отраслевая карточка,industry_template,6
что сдавать по экологии производство напитков,industry,IND-011,Производство напитков,INDUSTRY_DIRECT,,,mixed,Отраслевая карточка,industry_template,6
штраф экология производство напитков,industry,IND-011,Производство напитков,INDUSTRY_DIRECT,,,urgent,Отраслевая карточка,industry_template,4
анализ сточные воды,industry,IND-011,Производство напитков,PAIN_ACTION,сточные воды,water,mixed,Вода,pain_action,3
вывоз ПЭТ,industry,IND-011,Производство напитков,PAIN_ACTION,ПЭТ,waste,commercial,Отраслевая карточка,pain_action,2
вывоз бой стекла,industry,IND-011,Производство напитков,PAIN_ACTION,бой стекла,waste,commercial,Отраслевая карточка,pain_action,3
как накапливать ПЭТ,industry,IND-011,Производство напитков,PAIN_ACTION,ПЭТ,waste,mixed,Отраслевая карточка,pain_action,3
как накапливать бой стекла,industry,IND-011,Производство напитков,PAIN_ACTION,бой стекла,waste,mixed,Отраслевая карточка,pain_action,4
как очищать сточные воды,industry,IND-011,Производство напитков,PAIN_ACTION,сточные воды,water,mixed,Вода,pain_action,4
как учитывать ПЭТ,industry,IND-011,Производство напитков,PAIN_ACTION,ПЭТ,waste,diagnostic,Отраслевая карточка,pain_action,3
как учитывать бой стекла,industry,IND-011,Производство напитков,PAIN_ACTION,бой стекла,waste,diagnostic,Отраслевая карточка,pain_action,4
как учитывать моющие растворы,industry,IND-011,Производство напитков,PAIN_ACTION,моющие растворы,general,diagnostic,Отраслевая карточка,pain_action,4
как учитывать сиропы,industry,IND-011,Производство напитков,PAIN_ACTION,сиропы,general,diagnostic,Отраслевая карточка,pain_action,3
как хранить ПЭТ,industry,IND-011,Производство напитков,PAIN_ACTION,ПЭТ,waste,diagnostic,Отраслевая карточка,pain_action,3
как хранить бой стекла,industry,IND-011,Производство напитков,PAIN_ACTION,бой стекла,waste,diagnostic,Отраслевая карточка,pain_action,4
какой класс опасности ПЭТ,industry,IND-011,Производство напитков,PAIN_ACTION,ПЭТ,waste,mixed,Отраслевая карточка,pain_action,4
какой класс опасности бой стекла,industry,IND-011,Производство напитков,PAIN_ACTION,бой стекла,waste,mixed,Отраслевая карточка,pain_action,5
контроль сточные воды,industry,IND-011,Производство напитков,PAIN_ACTION,сточные воды,water,mixed,Вода,pain_action,3
кто забирает ПЭТ,industry,IND-011,Производство напитков,PAIN_ACTION,ПЭТ,waste,mixed,Отраслевая карточка,pain_action,3
кто забирает бой стекла,industry,IND-011,Производство напитков,PAIN_ACTION,бой стекла,waste,mixed,Отраслевая карточка,pain_action,4
кто принимает ПЭТ,industry,IND-011,Производство напитков,PAIN_ACTION,ПЭТ,waste,diagnostic,Отраслевая карточка,pain_action,3
кто принимает бой стекла,industry,IND-011,Производство напитков,PAIN_ACTION,бой стекла,waste,diagnostic,Отраслевая карточка,pain_action,4
куда девать ПЭТ,industry,IND-011,Производство напитков,PAIN_ACTION,ПЭТ,waste,diagnostic,Отраслевая карточка,pain_action,3
куда девать бой стекла,industry,IND-011,Производство напитков,PAIN_ACTION,бой стекла,waste,diagnostic,Отраслевая карточка,pain_action,4
куда отводить сточные воды,industry,IND-011,Производство напитков,PAIN_ACTION,сточные воды,water,diagnostic,Вода,pain_action,4
куда передавать ПЭТ,industry,IND-011,Производство напитков,PAIN_ACTION,ПЭТ,waste,diagnostic,Отраслевая карточка,pain_action,3
куда передавать бой стекла,industry,IND-011,Производство напитков,PAIN_ACTION,бой стекла,waste,diagnostic,Отраслевая карточка,pain_action,4
куда сдавать ПЭТ,industry,IND-011,Производство напитков,PAIN_ACTION,ПЭТ,waste,diagnostic,Отраслевая карточка,pain_action,3
куда сдавать бой стекла,industry,IND-011,Производство напитков,PAIN_ACTION,бой стекла,waste,diagnostic,Отраслевая карточка,pain_action,4
куда сливать сточные воды,industry,IND-011,Производство напитков,PAIN_ACTION,сточные воды,water,diagnostic,Вода,pain_action,4
можно ли выбрасывать ПЭТ,industry,IND-011,Производство напитков,PAIN_ACTION,ПЭТ,waste,mixed,Отраслевая карточка,pain_action,4
можно ли выбрасывать бой стекла,industry,IND-011,Производство напитков,PAIN_ACTION,бой стекла,waste,mixed,Отраслевая карточка,pain_action,5
можно ли сбрасывать сточные воды,industry,IND-011,Производство напитков,PAIN_ACTION,сточные воды,water,mixed,Вода,pain_action,5
можно ли хранить ПЭТ на улице,industry,IND-011,Производство напитков,PAIN_ACTION,ПЭТ,waste,mixed,Отраслевая карточка,pain_action,6
можно ли хранить бой стекла на улице,industry,IND-011,Производство напитков,PAIN_ACTION,бой стекла,waste,mixed,Отраслевая карточка,pain_action,7
нормативы сточные воды,industry,IND-011,Производство напитков,PAIN_ACTION,сточные воды,water,mixed,Вода,pain_action,3
нужен ли договор на ПЭТ,industry,IND-011,Производство напитков,PAIN_ACTION,ПЭТ,waste,diagnostic,Отраслевая карточка,pain_action,5
нужен ли договор на бой стекла,industry,IND-011,Производство напитков,PAIN_ACTION,бой стекла,waste,diagnostic,Отраслевая карточка,pain_action,6
нужен ли паспорт на ПЭТ,industry,IND-011,Производство напитков,PAIN_ACTION,ПЭТ,waste,diagnostic,Отраслевая карточка,pain_action,5
нужен ли паспорт на бой стекла,industry,IND-011,Производство напитков,PAIN_ACTION,бой стекла,waste,diagnostic,Отраслевая карточка,pain_action,6
нужны ли документы на моющие растворы,industry,IND-011,Производство напитков,PAIN_ACTION,моющие растворы,general,mixed,Отраслевая карточка,pain_action,6
нужны ли документы на сиропы,industry,IND-011,Производство напитков,PAIN_ACTION,сиропы,general,mixed,Отраслевая карточка,pain_action,5
нужны ли очистные для сточные воды,industry,IND-011,Производство напитков,PAIN_ACTION,сточные воды,water,mixed,Вода,pain_action,6
обезвреживание ПЭТ,industry,IND-011,Производство напитков,PAIN_ACTION,ПЭТ,waste,commercial,Отраслевая карточка,pain_action,2
обезвреживание бой стекла,industry,IND-011,Производство напитков,PAIN_ACTION,бой стекла,waste,commercial,Отраслевая карточка,pain_action,3
переработка ПЭТ,industry,IND-011,Производство напитков,PAIN_ACTION,ПЭТ,waste,mixed,Отраслевая карточка,pain_action,2
переработка бой стекла,industry,IND-011,Производство напитков,PAIN_ACTION,бой стекла,waste,mixed,Отраслевая карточка,pain_action,3
прием ПЭТ,industry,IND-011,Производство напитков,PAIN_ACTION,ПЭТ,waste,mixed,Отраслевая карточка,pain_action,2
прием бой стекла,industry,IND-011,Производство напитков,PAIN_ACTION,бой стекла,waste,mixed,Отраслевая карточка,pain_action,3
размещение ПЭТ,industry,IND-011,Производство напитков,PAIN_ACTION,ПЭТ,waste,commercial,Отраслевая карточка,pain_action,2
размещение бой стекла,industry,IND-011,Производство напитков,PAIN_ACTION,бой стекла,waste,commercial,Отраслевая карточка,pain_action,3
стоимость утилизации ПЭТ,industry,IND-011,Производство напитков,PAIN_ACTION,ПЭТ,waste,commercial,Отраслевая карточка,pain_action,3
стоимость утилизации бой стекла,industry,IND-011,Производство напитков,PAIN_ACTION,бой стекла,waste,commercial,Отраслевая карточка,pain_action,4
требования к моющие растворы,industry,IND-011,Производство напитков,PAIN_ACTION,моющие растворы,general,mixed,Отраслевая карточка,pain_action,4
требования к сиропы,industry,IND-011,Производство напитков,PAIN_ACTION,сиропы,general,mixed,Отраслевая карточка,pain_action,3
требования к сточные воды,industry,IND-011,Производство напитков,PAIN_ACTION,сточные воды,water,mixed,Вода,pain_action,4
утилизация ПЭТ,industry,IND-011,Производство напитков,PAIN_ACTION,ПЭТ,waste,commercial,Отраслевая карточка,pain_action,2
утилизация бой стекла,industry,IND-011,Производство напитков,PAIN_ACTION,бой стекла,waste,commercial,Отраслевая карточка,pain_action,3
учет сточные воды,industry,IND-011,Производство напитков,PAIN_ACTION,сточные воды,water,mixed,Вода,pain_action,3
цена вывоза ПЭТ,industry,IND-011,Производство напитков,PAIN_ACTION,ПЭТ,waste,commercial,Отраслевая карточка,pain_action,3
цена вывоза бой стекла,industry,IND-011,Производство напитков,PAIN_ACTION,бой стекла,waste,commercial,Отраслевая карточка,pain_action,4
что делать с ПЭТ,industry,IND-011,Производство напитков,PAIN_ACTION,ПЭТ,waste,diagnostic,Отраслевая карточка,pain_action,4
что делать с бой стекла,industry,IND-011,Производство напитков,PAIN_ACTION,бой стекла,waste,diagnostic,Отраслевая карточка,pain_action,5
что делать с моющие растворы,industry,IND-011,Производство напитков,PAIN_ACTION,моющие растворы,general,diagnostic,Отраслевая карточка,pain_action,5
что делать с сиропы,industry,IND-011,Производство напитков,PAIN_ACTION,сиропы,general,diagnostic,Отраслевая карточка,pain_action,4
что делать с сточные воды,industry,IND-011,Производство напитков,PAIN_ACTION,сточные воды,water,diagnostic,Вода,pain_action,5
ПЭТ для производство напитков,industry,IND-011,Производство напитков,PAIN_X_INDUSTRY,ПЭТ,waste,mixed,Отраслевая карточка,pain_x_industry,4
ПЭТ на производство напитков,industry,IND-011,Производство напитков,PAIN_X_INDUSTRY,ПЭТ,waste,mixed,Отраслевая карточка,pain_x_industry,4
ПЭТ производство напитков,industry,IND-011,Производство напитков,PAIN_X_INDUSTRY,ПЭТ,waste,mixed,Отраслевая карточка,pain_x_industry,3
бой стекла для производство напитков,industry,IND-011,Производство напитков,PAIN_X_INDUSTRY,бой стекла,waste,mixed,Отраслевая карточка,pain_x_industry,5
бой стекла на производство напитков,industry,IND-011,Производство напитков,PAIN_X_INDUSTRY,бой стекла,waste,mixed,Отраслевая карточка,pain_x_industry,5
бой стекла производство напитков,industry,IND-011,Производство напитков,PAIN_X_INDUSTRY,бой стекла,waste,mixed,Отраслевая карточка,pain_x_industry,4
вывоз ПЭТ производство напитков,industry,IND-011,Производство напитков,PAIN_X_INDUSTRY,ПЭТ,waste,commercial,Отраслевая карточка,pain_x_industry,4
вывоз бой стекла производство напитков,industry,IND-011,Производство напитков,PAIN_X_INDUSTRY,бой стекла,waste,commercial,Отраслевая карточка,pain_x_industry,5
вывоз моющие растворы производство напитков,industry,IND-011,Производство напитков,PAIN_X_INDUSTRY,моющие растворы,general,commercial,Отраслевая карточка,pain_x_industry,5
вывоз сиропы производство напитков,industry,IND-011,Производство напитков,PAIN_X_INDUSTRY,сиропы,general,commercial,Отраслевая карточка,pain_x_industry,4
вывоз сточные воды производство напитков,industry,IND-011,Производство напитков,PAIN_X_INDUSTRY,сточные воды,water,commercial,Вода,pain_x_industry,5
как учитывать ПЭТ производство напитков,industry,IND-011,Производство напитков,PAIN_X_INDUSTRY,ПЭТ,waste,diagnostic,Отраслевая карточка,pain_x_industry,5
как учитывать бой стекла производство напитков,industry,IND-011,Производство напитков,PAIN_X_INDUSTRY,бой стекла,waste,diagnostic,Отраслевая карточка,pain_x_industry,6
как учитывать моющие растворы производство напитков,industry,IND-011,Производство напитков,PAIN_X_INDUSTRY,моющие растворы,general,diagnostic,Отраслевая карточка,pain_x_industry,6
как учитывать сиропы производство напитков,industry,IND-011,Производство напитков,PAIN_X_INDUSTRY,сиропы,general,diagnostic,Отраслевая карточка,pain_x_industry,5
как учитывать сточные воды производство напитков,industry,IND-011,Производство напитков,PAIN_X_INDUSTRY,сточные воды,water,diagnostic,Вода,pain_x_industry,6
как хранить ПЭТ производство напитков,industry,IND-011,Производство напитков,PAIN_X_INDUSTRY,ПЭТ,waste,diagnostic,Отраслевая карточка,pain_x_industry,5
как хранить бой стекла производство напитков,industry,IND-011,Производство напитков,PAIN_X_INDUSTRY,бой стекла,waste,diagnostic,Отраслевая карточка,pain_x_industry,6
как хранить моющие растворы производство напитков,industry,IND-011,Производство напитков,PAIN_X_INDUSTRY,моющие растворы,general,diagnostic,Отраслевая карточка,pain_x_industry,6
как хранить сиропы производство напитков,industry,IND-011,Производство напитков,PAIN_X_INDUSTRY,сиропы,general,diagnostic,Отраслевая карточка,pain_x_industry,5
как хранить сточные воды производство напитков,industry,IND-011,Производство напитков,PAIN_X_INDUSTRY,сточные воды,water,diagnostic,Вода,pain_x_industry,6
кто принимает ПЭТ производство напитков,industry,IND-011,Производство напитков,PAIN_X_INDUSTRY,ПЭТ,waste,diagnostic,Отраслевая карточка,pain_x_industry,5
кто принимает бой стекла производство напитков,industry,IND-011,Производство напитков,PAIN_X_INDUSTRY,бой стекла,waste,diagnostic,Отраслевая карточка,pain_x_industry,6
кто принимает моющие растворы производство напитков,industry,IND-011,Производство напитков,PAIN_X_INDUSTRY,моющие растворы,general,diagnostic,Отраслевая карточка,pain_x_industry,6
кто принимает сиропы производство напитков,industry,IND-011,Производство напитков,PAIN_X_INDUSTRY,сиропы,general,diagnostic,Отраслевая карточка,pain_x_industry,5
кто принимает сточные воды производство напитков,industry,IND-011,Производство напитков,PAIN_X_INDUSTRY,сточные воды,water,diagnostic,Вода,pain_x_industry,6
куда девать ПЭТ производство напитков,industry,IND-011,Производство напитков,PAIN_X_INDUSTRY,ПЭТ,waste,diagnostic,Отраслевая карточка,pain_x_industry,5
куда девать бой стекла производство напитков,industry,IND-011,Производство напитков,PAIN_X_INDUSTRY,бой стекла,waste,diagnostic,Отраслевая карточка,pain_x_industry,6
куда девать моющие растворы производство напитков,industry,IND-011,Производство напитков,PAIN_X_INDUSTRY,моющие растворы,general,diagnostic,Отраслевая карточка,pain_x_industry,6
куда девать сиропы производство напитков,industry,IND-011,Производство напитков,PAIN_X_INDUSTRY,сиропы,general,diagnostic,Отраслевая карточка,pain_x_industry,5
куда девать сточные воды производство напитков,industry,IND-011,Производство напитков,PAIN_X_INDUSTRY,сточные воды,water,diagnostic,Вода,pain_x_industry,6
куда сдавать ПЭТ производство напитков,industry,IND-011,Производство напитков,PAIN_X_INDUSTRY,ПЭТ,waste,diagnostic,Отраслевая карточка,pain_x_industry,5
куда сдавать бой стекла производство напитков,industry,IND-011,Производство напитков,PAIN_X_INDUSTRY,бой стекла,waste,diagnostic,Отраслевая карточка,pain_x_industry,6
куда сдавать моющие растворы производство напитков,industry,IND-011,Производство напитков,PAIN_X_INDUSTRY,моющие растворы,general,diagnostic,Отраслевая карточка,pain_x_industry,6
куда сдавать сиропы производство напитков,industry,IND-011,Производство напитков,PAIN_X_INDUSTRY,сиропы,general,diagnostic,Отраслевая карточка,pain_x_industry,5
куда сдавать сточные воды производство напитков,industry,IND-011,Производство напитков,PAIN_X_INDUSTRY,сточные воды,water,diagnostic,Вода,pain_x_industry,6
моющие растворы для производство напитков,industry,IND-011,Производство напитков,PAIN_X_INDUSTRY,моющие растворы,general,mixed,Отраслевая карточка,pain_x_industry,5
моющие растворы на производство напитков,industry,IND-011,Производство напитков,PAIN_X_INDUSTRY,моющие растворы,general,mixed,Отраслевая карточка,pain_x_industry,5
моющие растворы производство напитков,industry,IND-011,Производство напитков,PAIN_X_INDUSTRY,моющие растворы,general,mixed,Отраслевая карточка,pain_x_industry,4
нужен ли договор на ПЭТ производство напитков,industry,IND-011,Производство напитков,PAIN_X_INDUSTRY,ПЭТ,waste,diagnostic,Отраслевая карточка,pain_x_industry,7
нужен ли договор на бой стекла производство напитков,industry,IND-011,Производство напитков,PAIN_X_INDUSTRY,бой стекла,waste,diagnostic,Отраслевая карточка,pain_x_industry,8
нужен ли договор на моющие растворы производство напитков,industry,IND-011,Производство напитков,PAIN_X_INDUSTRY,моющие растворы,general,diagnostic,Отраслевая карточка,pain_x_industry,8
нужен ли договор на сиропы производство напитков,industry,IND-011,Производство напитков,PAIN_X_INDUSTRY,сиропы,general,diagnostic,Отраслевая карточка,pain_x_industry,7
нужен ли договор на сточные воды производство напитков,industry,IND-011,Производство напитков,PAIN_X_INDUSTRY,сточные воды,water,diagnostic,Вода,pain_x_industry,8
нужен ли паспорт на ПЭТ производство напитков,industry,IND-011,Производство напитков,PAIN_X_INDUSTRY,ПЭТ,waste,diagnostic,Отраслевая карточка,pain_x_industry,7
нужен ли паспорт на бой стекла производство напитков,industry,IND-011,Производство напитков,PAIN_X_INDUSTRY,бой стекла,waste,diagnostic,Отраслевая карточка,pain_x_industry,8
нужен ли паспорт на моющие растворы производство напитков,industry,IND-011,Производство напитков,PAIN_X_INDUSTRY,моющие растворы,general,diagnostic,Отраслевая карточка,pain_x_industry,8
нужен ли паспорт на сиропы производство напитков,industry,IND-011,Производство напитков,PAIN_X_INDUSTRY,сиропы,general,diagnostic,Отраслевая карточка,pain_x_industry,7
нужен ли паспорт на сточные воды производство напитков,industry,IND-011,Производство напитков,PAIN_X_INDUSTRY,сточные воды,water,diagnostic,Вода,pain_x_industry,8
сиропы для производство напитков,industry,IND-011,Производство напитков,PAIN_X_INDUSTRY,сиропы,general,mixed,Отраслевая карточка,pain_x_industry,4
сиропы на производство напитков,industry,IND-011,Производство напитков,PAIN_X_INDUSTRY,сиропы,general,mixed,Отраслевая карточка,pain_x_industry,4
сиропы производство напитков,industry,IND-011,Производство напитков,PAIN_X_INDUSTRY,сиропы,general,mixed,Отраслевая карточка,pain_x_industry,3
сточные воды для производство напитков,industry,IND-011,Производство напитков,PAIN_X_INDUSTRY,сточные воды,water,mixed,Вода,pain_x_industry,5
сточные воды на производство напитков,industry,IND-011,Производство напитков,PAIN_X_INDUSTRY,сточные воды,water,mixed,Вода,pain_x_industry,5
утилизация ПЭТ производство напитков,industry,IND-011,Производство напитков,PAIN_X_INDUSTRY,ПЭТ,waste,commercial,Отраслевая карточка,pain_x_industry,4
утилизация бой стекла производство напитков,industry,IND-011,Производство напитков,PAIN_X_INDUSTRY,бой стекла,waste,commercial,Отраслевая карточка,pain_x_industry,5
утилизация моющие растворы производство напитков,industry,IND-011,Производство напитков,PAIN_X_INDUSTRY,моющие растворы,general,commercial,Отраслевая карточка,pain_x_industry,5
утилизация сиропы производство напитков,industry,IND-011,Производство напитков,PAIN_X_INDUSTRY,сиропы,general,commercial,Отраслевая карточка,pain_x_industry,4
утилизация сточные воды производство напитков,industry,IND-011,Производство напитков,PAIN_X_INDUSTRY,сточные воды,water,commercial,Вода,pain_x_industry,5
цена утилизации ПЭТ производство напитков,industry,IND-011,Производство напитков,PAIN_X_INDUSTRY,ПЭТ,waste,commercial,Отраслевая карточка,pain_x_industry,5
цена утилизации бой стекла производство напитков,industry,IND-011,Производство напитков,PAIN_X_INDUSTRY,бой стекла,waste,commercial,Отраслевая карточка,pain_x_industry,6
цена утилизации моющие растворы производство напитков,industry,IND-011,Производство напитков,PAIN_X_INDUSTRY,моющие растворы,general,commercial,Отраслевая карточка,pain_x_industry,6
цена утилизации сиропы производство напитков,industry,IND-011,Производство напитков,PAIN_X_INDUSTRY,сиропы,general,commercial,Отраслевая карточка,pain_x_industry,5
цена утилизации сточные воды производство напитков,industry,IND-011,Производство напитков,PAIN_X_INDUSTRY,сточные воды,water,commercial,Вода,pain_x_industry,6
что делать с ПЭТ производство напитков,industry,IND-011,Производство напитков,PAIN_X_INDUSTRY,ПЭТ,waste,diagnostic,Отраслевая карточка,pain_x_industry,6
что делать с бой стекла производство напитков,industry,IND-011,Производство напитков,PAIN_X_INDUSTRY,бой стекла,waste,diagnostic,Отраслевая карточка,pain_x_industry,7
что делать с моющие растворы производство напитков,industry,IND-011,Производство напитков,PAIN_X_INDUSTRY,моющие растворы,general,diagnostic,Отраслевая карточка,pain_x_industry,7
что делать с сиропы производство напитков,industry,IND-011,Производство напитков,PAIN_X_INDUSTRY,сиропы,general,diagnostic,Отраслевая карточка,pain_x_industry,6
что делать с сточные воды производство напитков,industry,IND-011,Производство напитков,PAIN_X_INDUSTRY,сточные воды,water,diagnostic,Вода,pain_x_industry,7
2 тп отходы производство пластмасс / полимерных изделий,industry,IND-029,Производство пластмасс / полимерных изделий,INDUSTRY_DIRECT,,,mixed,Отходы / учёт и отчётность,industry_template,8
ПЭК производство пластмасс / полимерных изделий,industry,IND-029,Производство пластмасс / полимерных изделий,INDUSTRY_DIRECT,,,mixed,Отраслевая карточка,industry_template,6
выбросы производство пластмасс / полимерных изделий,industry,IND-029,Производство пластмасс / полимерных изделий,INDUSTRY_DIRECT,,,mixed,Воздух,industry_template,6
запуск производство пластмасс / полимерных изделий экологические документы,industry,IND-029,Производство пластмасс / полимерных изделий,INDUSTRY_DIRECT,,,urgent,Отраслевая карточка,industry_template,8
какая экологическая отчетность у производство пластмасс / полимерных изделий,industry,IND-029,Производство пластмасс / полимерных изделий,INDUSTRY_DIRECT,,,mixed,Отходы / учёт и отчётность,industry_template,9
какие требования по экологии производство пластмасс / полимерных изделий,industry,IND-029,Производство пластмасс / полимерных изделий,INDUSTRY_DIRECT,,,diagnostic,Отраслевая карточка,industry_template,9
какие экологические документы нужны производство пластмасс / полимерных изделий,industry,IND-029,Производство пластмасс / полимерных изделий,INDUSTRY_DIRECT,,,mixed,Отраслевая карточка,industry_template,9
категория НВОС производство пластмасс / полимерных изделий,industry,IND-029,Производство пластмасс / полимерных изделий,INDUSTRY_DIRECT,,,mixed,НВОС,industry_template,7
ливневые воды производство пластмасс / полимерных изделий,industry,IND-029,Производство пластмасс / полимерных изделий,INDUSTRY_DIRECT,,,mixed,Вода,industry_template,7
нужен ли эколог производство пластмасс / полимерных изделий,industry,IND-029,Производство пластмасс / полимерных изделий,INDUSTRY_DIRECT,,,diagnostic,Отраслевая карточка,industry_template,8
нужно ли ставить на учет НВОС производство пластмасс / полимерных изделий,industry,IND-029,Производство пластмасс / полимерных изделий,INDUSTRY_DIRECT,,,mixed,НВОС,industry_template,11
отходы производство пластмасс / полимерных изделий,industry,IND-029,Производство пластмасс / полимерных изделий,INDUSTRY_DIRECT,,,mixed,Отраслевая карточка,industry_template,6
очистные производство пластмасс / полимерных изделий,industry,IND-029,Производство пластмасс / полимерных изделий,INDUSTRY_DIRECT,,,mixed,Вода,industry_template,6
предписание экология производство пластмасс / полимерных изделий,industry,IND-029,Производство пластмасс / полимерных изделий,INDUSTRY_DIRECT,,,urgent,Отраслевая карточка,industry_template,7
проверка экология производство пластмасс / полимерных изделий,industry,IND-029,Производство пластмасс / полимерных изделий,INDUSTRY_DIRECT,,,urgent,Отраслевая карточка,industry_template,7
сточные воды производство пластмасс / полимерных изделий,industry,IND-029,Производство пластмасс / полимерных изделий,INDUSTRY_DIRECT,,,mixed,Вода,industry_template,7
учет отходов производство пластмасс / полимерных изделий,industry,IND-029,Производство пластмасс / полимерных изделий,INDUSTRY_DIRECT,,,mixed,Отходы / учёт и отчётность,industry_template,7
что нужно по экологии производство пластмасс / полимерных изделий,industry,IND-029,Производство пластмасс / полимерных изделий,INDUSTRY_DIRECT,,,mixed,Отраслевая карточка,industry_template,9
что сдавать по экологии производство пластмасс / полимерных изделий,industry,IND-029,Производство пластмасс / полимерных изделий,INDUSTRY_DIRECT,,,mixed,Отраслевая карточка,industry_template,9
штраф экология производство пластмасс / полимерных изделий,industry,IND-029,Производство пластмасс / полимерных изделий,INDUSTRY_DIRECT,,,urgent,Отраслевая карточка,industry_template,7
вывоз тара,industry,IND-029,Производство пластмасс / полимерных изделий,PAIN_ACTION,тара,waste,commercial,Отраслевая карточка,pain_action,2
жалобы на полимерная пыль,industry,IND-029,Производство пластмасс / полимерных изделий,PAIN_ACTION,полимерная пыль,air,mixed,Воздух,pain_action,4
как накапливать тара,industry,IND-029,Производство пластмасс / полимерных изделий,PAIN_ACTION,тара,waste,mixed,Отраслевая карточка,pain_action,3
как уменьшить полимерная пыль,industry,IND-029,Производство пластмасс / полимерных изделий,PAIN_ACTION,полимерная пыль,air,mixed,Воздух,pain_action,4
как учитывать брак пленки,industry,IND-029,Производство пластмасс / полимерных изделий,PAIN_ACTION,брак пленки,general,diagnostic,Отраслевая карточка,pain_action,4
как учитывать гранулы,industry,IND-029,Производство пластмасс / полимерных изделий,PAIN_ACTION,гранулы,general,diagnostic,Отраслевая карточка,pain_action,3
как учитывать обрезки пластика,industry,IND-029,Производство пластмасс / полимерных изделий,PAIN_ACTION,обрезки пластика,general,diagnostic,Отраслевая карточка,pain_action,4
как учитывать тара,industry,IND-029,Производство пластмасс / полимерных изделий,PAIN_ACTION,тара,waste,diagnostic,Отраслевая карточка,pain_action,3
как хранить тара,industry,IND-029,Производство пластмасс / полимерных изделий,PAIN_ACTION,тара,waste,diagnostic,Отраслевая карточка,pain_action,3
какой класс опасности тара,industry,IND-029,Производство пластмасс / полимерных изделий,PAIN_ACTION,тара,waste,mixed,Отраслевая карточка,pain_action,4
контроль полимерная пыль,industry,IND-029,Производство пластмасс / полимерных изделий,PAIN_ACTION,полимерная пыль,air,mixed,Воздух,pain_action,3
кто забирает тара,industry,IND-029,Производство пластмасс / полимерных изделий,PAIN_ACTION,тара,waste,mixed,Отраслевая карточка,pain_action,3
кто принимает тара,industry,IND-029,Производство пластмасс / полимерных изделий,PAIN_ACTION,тара,waste,diagnostic,Отраслевая карточка,pain_action,3
куда девать тара,industry,IND-029,Производство пластмасс / полимерных изделий,PAIN_ACTION,тара,waste,diagnostic,Отраслевая карточка,pain_action,3
куда передавать тара,industry,IND-029,Производство пластмасс / полимерных изделий,PAIN_ACTION,тара,waste,diagnostic,Отраслевая карточка,pain_action,3
куда сдавать тара,industry,IND-029,Производство пластмасс / полимерных изделий,PAIN_ACTION,тара,waste,diagnostic,Отраслевая карточка,pain_action,3
можно ли выбрасывать тара,industry,IND-029,Производство пластмасс / полимерных изделий,PAIN_ACTION,тара,waste,mixed,Отраслевая карточка,pain_action,4
можно ли хранить тара на улице,industry,IND-029,Производство пластмасс / полимерных изделий,PAIN_ACTION,тара,waste,mixed,Отраслевая карточка,pain_action,6
нормативы полимерная пыль,industry,IND-029,Производство пластмасс / полимерных изделий,PAIN_ACTION,полимерная пыль,air,mixed,Воздух,pain_action,3
нужен ли договор на тара,industry,IND-029,Производство пластмасс / полимерных изделий,PAIN_ACTION,тара,waste,diagnostic,Отраслевая карточка,pain_action,5
нужен ли паспорт на тара,industry,IND-029,Производство пластмасс / полимерных изделий,PAIN_ACTION,тара,waste,diagnostic,Отраслевая карточка,pain_action,5
нужна ли инвентаризация полимерная пыль,industry,IND-029,Производство пластмасс / полимерных изделий,PAIN_ACTION,полимерная пыль,air,mixed,Воздух,pain_action,5
нужно ли учитывать полимерная пыль,industry,IND-029,Производство пластмасс / полимерных изделий,PAIN_ACTION,полимерная пыль,air,mixed,Воздух,pain_action,5
нужны ли документы на брак пленки,industry,IND-029,Производство пластмасс / полимерных изделий,PAIN_ACTION,брак пленки,general,mixed,Отраслевая карточка,pain_action,6
нужны ли документы на гранулы,industry,IND-029,Производство пластмасс / полимерных изделий,PAIN_ACTION,гранулы,general,mixed,Отраслевая карточка,pain_action,5
нужны ли документы на обрезки пластика,industry,IND-029,Производство пластмасс / полимерных изделий,PAIN_ACTION,обрезки пластика,general,mixed,Отраслевая карточка,pain_action,6
обезвреживание тара,industry,IND-029,Производство пластмасс / полимерных изделий,PAIN_ACTION,тара,waste,commercial,Отраслевая карточка,pain_action,2
переработка тара,industry,IND-029,Производство пластмасс / полимерных изделий,PAIN_ACTION,тара,waste,mixed,Отраслевая карточка,pain_action,2
прием тара,industry,IND-029,Производство пластмасс / полимерных изделий,PAIN_ACTION,тара,waste,mixed,Отраслевая карточка,pain_action,2
размещение тара,industry,IND-029,Производство пластмасс / полимерных изделий,PAIN_ACTION,тара,waste,commercial,Отраслевая карточка,pain_action,2
стоимость утилизации тара,industry,IND-029,Производство пластмасс / полимерных изделий,PAIN_ACTION,тара,waste,commercial,Отраслевая карточка,pain_action,3
требования к брак пленки,industry,IND-029,Производство пластмасс / полимерных изделий,PAIN_ACTION,брак пленки,general,mixed,Отраслевая карточка,pain_action,4
требования к гранулы,industry,IND-029,Производство пластмасс / полимерных изделий,PAIN_ACTION,гранулы,general,mixed,Отраслевая карточка,pain_action,3
требования к обрезки пластика,industry,IND-029,Производство пластмасс / полимерных изделий,PAIN_ACTION,обрезки пластика,general,mixed,Отраслевая карточка,pain_action,4
требования к полимерная пыль,industry,IND-029,Производство пластмасс / полимерных изделий,PAIN_ACTION,полимерная пыль,air,mixed,Воздух,pain_action,4
утилизация тара,industry,IND-029,Производство пластмасс / полимерных изделий,PAIN_ACTION,тара,waste,commercial,Отраслевая карточка,pain_action,2
цена вывоза тара,industry,IND-029,Производство пластмасс / полимерных изделий,PAIN_ACTION,тара,waste,commercial,Отраслевая карточка,pain_action,3
что делать с брак пленки,industry,IND-029,Производство пластмасс / полимерных изделий,PAIN_ACTION,брак пленки,general,diagnostic,Отраслевая карточка,pain_action,5
что делать с гранулы,industry,IND-029,Производство пластмасс / полимерных изделий,PAIN_ACTION,гранулы,general,diagnostic,Отраслевая карточка,pain_action,4
что делать с обрезки пластика,industry,IND-029,Производство пластмасс / полимерных изделий,PAIN_ACTION,обрезки пластика,general,diagnostic,Отраслевая карточка,pain_action,5
что делать с полимерная пыль,industry,IND-029,Производство пластмасс / полимерных изделий,PAIN_ACTION,полимерная пыль,air,diagnostic,Воздух,pain_action,5
что делать с тара,industry,IND-029,Производство пластмасс / полимерных изделий,PAIN_ACTION,тара,waste,diagnostic,Отраслевая карточка,pain_action,4
брак пленки для производство пластмасс / полимерных изделий,industry,IND-029,Производство пластмасс / полимерных изделий,PAIN_X_INDUSTRY,брак пленки,general,mixed,Отраслевая карточка,pain_x_industry,8
брак пленки на производство пластмасс / полимерных изделий,industry,IND-029,Производство пластмасс / полимерных изделий,PAIN_X_INDUSTRY,брак пленки,general,mixed,Отраслевая карточка,pain_x_industry,8
брак пленки производство пластмасс / полимерных изделий,industry,IND-029,Производство пластмасс / полимерных изделий,PAIN_X_INDUSTRY,брак пленки,general,mixed,Отраслевая карточка,pain_x_industry,7
вывоз брак пленки производство пластмасс / полимерных изделий,industry,IND-029,Производство пластмасс / полимерных изделий,PAIN_X_INDUSTRY,брак пленки,general,commercial,Отраслевая карточка,pain_x_industry,8
вывоз гранулы производство пластмасс / полимерных изделий,industry,IND-029,Производство пластмасс / полимерных изделий,PAIN_X_INDUSTRY,гранулы,general,commercial,Отраслевая карточка,pain_x_industry,7
вывоз обрезки пластика производство пластмасс / полимерных изделий,industry,IND-029,Производство пластмасс / полимерных изделий,PAIN_X_INDUSTRY,обрезки пластика,general,commercial,Отраслевая карточка,pain_x_industry,8
вывоз полимерная пыль производство пластмасс / полимерных изделий,industry,IND-029,Производство пластмасс / полимерных изделий,PAIN_X_INDUSTRY,полимерная пыль,air,commercial,Воздух,pain_x_industry,8
вывоз тара производство пластмасс / полимерных изделий,industry,IND-029,Производство пластмасс / полимерных изделий,PAIN_X_INDUSTRY,тара,waste,commercial,Отраслевая карточка,pain_x_industry,7
гранулы для производство пластмасс / полимерных изделий,industry,IND-029,Производство пластмасс / полимерных изделий,PAIN_X_INDUSTRY,гранулы,general,mixed,Отраслевая карточка,pain_x_industry,7
гранулы на производство пластмасс / полимерных изделий,industry,IND-029,Производство пластмасс / полимерных изделий,PAIN_X_INDUSTRY,гранулы,general,mixed,Отраслевая карточка,pain_x_industry,7
гранулы производство пластмасс / полимерных изделий,industry,IND-029,Производство пластмасс / полимерных изделий,PAIN_X_INDUSTRY,гранулы,general,mixed,Отраслевая карточка,pain_x_industry,6
как учитывать брак пленки производство пластмасс / полимерных изделий,industry,IND-029,Производство пластмасс / полимерных изделий,PAIN_X_INDUSTRY,брак пленки,general,diagnostic,Отраслевая карточка,pain_x_industry,9
как учитывать гранулы производство пластмасс / полимерных изделий,industry,IND-029,Производство пластмасс / полимерных изделий,PAIN_X_INDUSTRY,гранулы,general,diagnostic,Отраслевая карточка,pain_x_industry,8
как учитывать обрезки пластика производство пластмасс / полимерных изделий,industry,IND-029,Производство пластмасс / полимерных изделий,PAIN_X_INDUSTRY,обрезки пластика,general,diagnostic,Отраслевая карточка,pain_x_industry,9
как учитывать полимерная пыль производство пластмасс / полимерных изделий,industry,IND-029,Производство пластмасс / полимерных изделий,PAIN_X_INDUSTRY,полимерная пыль,air,diagnostic,Воздух,pain_x_industry,9
как учитывать тара производство пластмасс / полимерных изделий,industry,IND-029,Производство пластмасс / полимерных изделий,PAIN_X_INDUSTRY,тара,waste,diagnostic,Отраслевая карточка,pain_x_industry,8
как хранить брак пленки производство пластмасс / полимерных изделий,industry,IND-029,Производство пластмасс / полимерных изделий,PAIN_X_INDUSTRY,брак пленки,general,diagnostic,Отраслевая карточка,pain_x_industry,9
как хранить гранулы производство пластмасс / полимерных изделий,industry,IND-029,Производство пластмасс / полимерных изделий,PAIN_X_INDUSTRY,гранулы,general,diagnostic,Отраслевая карточка,pain_x_industry,8
как хранить обрезки пластика производство пластмасс / полимерных изделий,industry,IND-029,Производство пластмасс / полимерных изделий,PAIN_X_INDUSTRY,обрезки пластика,general,diagnostic,Отраслевая карточка,pain_x_industry,9
как хранить полимерная пыль производство пластмасс / полимерных изделий,industry,IND-029,Производство пластмасс / полимерных изделий,PAIN_X_INDUSTRY,полимерная пыль,air,diagnostic,Воздух,pain_x_industry,9
как хранить тара производство пластмасс / полимерных изделий,industry,IND-029,Производство пластмасс / полимерных изделий,PAIN_X_INDUSTRY,тара,waste,diagnostic,Отраслевая карточка,pain_x_industry,8
кто принимает брак пленки производство пластмасс / полимерных изделий,industry,IND-029,Производство пластмасс / полимерных изделий,PAIN_X_INDUSTRY,брак пленки,general,diagnostic,Отраслевая карточка,pain_x_industry,9
кто принимает гранулы производство пластмасс / полимерных изделий,industry,IND-029,Производство пластмасс / полимерных изделий,PAIN_X_INDUSTRY,гранулы,general,diagnostic,Отраслевая карточка,pain_x_industry,8
кто принимает обрезки пластика производство пластмасс / полимерных изделий,industry,IND-029,Производство пластмасс / полимерных изделий,PAIN_X_INDUSTRY,обрезки пластика,general,diagnostic,Отраслевая карточка,pain_x_industry,9
кто принимает полимерная пыль производство пластмасс / полимерных изделий,industry,IND-029,Производство пластмасс / полимерных изделий,PAIN_X_INDUSTRY,полимерная пыль,air,diagnostic,Воздух,pain_x_industry,9
кто принимает тара производство пластмасс / полимерных изделий,industry,IND-029,Производство пластмасс / полимерных изделий,PAIN_X_INDUSTRY,тара,waste,diagnostic,Отраслевая карточка,pain_x_industry,8
куда девать брак пленки производство пластмасс / полимерных изделий,industry,IND-029,Производство пластмасс / полимерных изделий,PAIN_X_INDUSTRY,брак пленки,general,diagnostic,Отраслевая карточка,pain_x_industry,9
куда девать гранулы производство пластмасс / полимерных изделий,industry,IND-029,Производство пластмасс / полимерных изделий,PAIN_X_INDUSTRY,гранулы,general,diagnostic,Отраслевая карточка,pain_x_industry,8
куда девать обрезки пластика производство пластмасс / полимерных изделий,industry,IND-029,Производство пластмасс / полимерных изделий,PAIN_X_INDUSTRY,обрезки пластика,general,diagnostic,Отраслевая карточка,pain_x_industry,9
куда девать полимерная пыль производство пластмасс / полимерных изделий,industry,IND-029,Производство пластмасс / полимерных изделий,PAIN_X_INDUSTRY,полимерная пыль,air,diagnostic,Воздух,pain_x_industry,9
куда девать тара производство пластмасс / полимерных изделий,industry,IND-029,Производство пластмасс / полимерных изделий,PAIN_X_INDUSTRY,тара,waste,diagnostic,Отраслевая карточка,pain_x_industry,8
куда сдавать брак пленки производство пластмасс / полимерных изделий,industry,IND-029,Производство пластмасс / полимерных изделий,PAIN_X_INDUSTRY,брак пленки,general,diagnostic,Отраслевая карточка,pain_x_industry,9
куда сдавать гранулы производство пластмасс / полимерных изделий,industry,IND-029,Производство пластмасс / полимерных изделий,PAIN_X_INDUSTRY,гранулы,general,diagnostic,Отраслевая карточка,pain_x_industry,8
куда сдавать обрезки пластика производство пластмасс / полимерных изделий,industry,IND-029,Производство пластмасс / полимерных изделий,PAIN_X_INDUSTRY,обрезки пластика,general,diagnostic,Отраслевая карточка,pain_x_industry,9
куда сдавать полимерная пыль производство пластмасс / полимерных изделий,industry,IND-029,Производство пластмасс / полимерных изделий,PAIN_X_INDUSTRY,полимерная пыль,air,diagnostic,Воздух,pain_x_industry,9
куда сдавать тара производство пластмасс / полимерных изделий,industry,IND-029,Производство пластмасс / полимерных изделий,PAIN_X_INDUSTRY,тара,waste,diagnostic,Отраслевая карточка,pain_x_industry,8
нужен ли договор на брак пленки производство пластмасс / полимерных изделий,industry,IND-029,Производство пластмасс / полимерных изделий,PAIN_X_INDUSTRY,брак пленки,general,diagnostic,Отраслевая карточка,pain_x_industry,11
нужен ли договор на гранулы производство пластмасс / полимерных изделий,industry,IND-029,Производство пластмасс / полимерных изделий,PAIN_X_INDUSTRY,гранулы,general,diagnostic,Отраслевая карточка,pain_x_industry,10
нужен ли договор на обрезки пластика производство пластмасс / полимерных изделий,industry,IND-029,Производство пластмасс / полимерных изделий,PAIN_X_INDUSTRY,обрезки пластика,general,diagnostic,Отраслевая карточка,pain_x_industry,11
нужен ли договор на полимерная пыль производство пластмасс / полимерных изделий,industry,IND-029,Производство пластмасс / полимерных изделий,PAIN_X_INDUSTRY,полимерная пыль,air,diagnostic,Воздух,pain_x_industry,11
нужен ли договор на тара производство пластмасс / полимерных изделий,industry,IND-029,Производство пластмасс / полимерных изделий,PAIN_X_INDUSTRY,тара,waste,diagnostic,Отраслевая карточка,pain_x_industry,10
нужен ли паспорт на брак пленки производство пластмасс / полимерных изделий,industry,IND-029,Производство пластмасс / полимерных изделий,PAIN_X_INDUSTRY,брак пленки,general,diagnostic,Отраслевая карточка,pain_x_industry,11
нужен ли паспорт на гранулы производство пластмасс / полимерных изделий,industry,IND-029,Производство пластмасс / полимерных изделий,PAIN_X_INDUSTRY,гранулы,general,diagnostic,Отраслевая карточка,pain_x_industry,10
нужен ли паспорт на обрезки пластика производство пластмасс / полимерных изделий,industry,IND-029,Производство пластмасс / полимерных изделий,PAIN_X_INDUSTRY,обрезки пластика,general,diagnostic,Отраслевая карточка,pain_x_industry,11
нужен ли паспорт на полимерная пыль производство пластмасс / полимерных изделий,industry,IND-029,Производство пластмасс / полимерных изделий,PAIN_X_INDUSTRY,полимерная пыль,air,diagnostic,Воздух,pain_x_industry,11
нужен ли паспорт на тара производство пластмасс / полимерных изделий,industry,IND-029,Производство пластмасс / полимерных изделий,PAIN_X_INDUSTRY,тара,waste,diagnostic,Отраслевая карточка,pain_x_industry,10
обрезки пластика для производство пластмасс / полимерных изделий,industry,IND-029,Производство пластмасс / полимерных изделий,PAIN_X_INDUSTRY,обрезки пластика,general,mixed,Отраслевая карточка,pain_x_industry,8
обрезки пластика на производство пластмасс / полимерных изделий,industry,IND-029,Производство пластмасс / полимерных изделий,PAIN_X_INDUSTRY,обрезки пластика,general,mixed,Отраслевая карточка,pain_x_industry,8
обрезки пластика производство пластмасс / полимерных изделий,industry,IND-029,Производство пластмасс / полимерных изделий,PAIN_X_INDUSTRY,обрезки пластика,general,mixed,Отраслевая карточка,pain_x_industry,7
полимерная пыль для производство пластмасс / полимерных изделий,industry,IND-029,Производство пластмасс / полимерных изделий,PAIN_X_INDUSTRY,полимерная пыль,air,mixed,Воздух,pain_x_industry,8
полимерная пыль на производство пластмасс / полимерных изделий,industry,IND-029,Производство пластмасс / полимерных изделий,PAIN_X_INDUSTRY,полимерная пыль,air,mixed,Воздух,pain_x_industry,8
полимерная пыль производство пластмасс / полимерных изделий,industry,IND-029,Производство пластмасс / полимерных изделий,PAIN_X_INDUSTRY,полимерная пыль,air,mixed,Воздух,pain_x_industry,7
тара для производство пластмасс / полимерных изделий,industry,IND-029,Производство пластмасс / полимерных изделий,PAIN_X_INDUSTRY,тара,waste,mixed,Отраслевая карточка,pain_x_industry,7
тара на производство пластмасс / полимерных изделий,industry,IND-029,Производство пластмасс / полимерных изделий,PAIN_X_INDUSTRY,тара,waste,mixed,Отраслевая карточка,pain_x_industry,7
тара производство пластмасс / полимерных изделий,industry,IND-029,Производство пластмасс / полимерных изделий,PAIN_X_INDUSTRY,тара,waste,mixed,Отраслевая карточка,pain_x_industry,6
утилизация брак пленки производство пластмасс / полимерных изделий,industry,IND-029,Производство пластмасс / полимерных изделий,PAIN_X_INDUSTRY,брак пленки,general,commercial,Отраслевая карточка,pain_x_industry,8
утилизация гранулы производство пластмасс / полимерных изделий,industry,IND-029,Производство пластмасс / полимерных изделий,PAIN_X_INDUSTRY,гранулы,general,commercial,Отраслевая карточка,pain_x_industry,7
утилизация обрезки пластика производство пластмасс / полимерных изделий,industry,IND-029,Производство пластмасс / полимерных изделий,PAIN_X_INDUSTRY,обрезки пластика,general,commercial,Отраслевая карточка,pain_x_industry,8
утилизация полимерная пыль производство пластмасс / полимерных изделий,industry,IND-029,Производство пластмасс / полимерных изделий,PAIN_X_INDUSTRY,полимерная пыль,air,commercial,Воздух,pain_x_industry,8
утилизация тара производство пластмасс / полимерных изделий,industry,IND-029,Производство пластмасс / полимерных изделий,PAIN_X_INDUSTRY,тара,waste,commercial,Отраслевая карточка,pain_x_industry,7
цена утилизации брак пленки производство пластмасс / полимерных изделий,industry,IND-029,Производство пластмасс / полимерных изделий,PAIN_X_INDUSTRY,брак пленки,general,commercial,Отраслевая карточка,pain_x_industry,9
цена утилизации гранулы производство пластмасс / полимерных изделий,industry,IND-029,Производство пластмасс / полимерных изделий,PAIN_X_INDUSTRY,гранулы,general,commercial,Отраслевая карточка,pain_x_industry,8
цена утилизации обрезки пластика производство пластмасс / полимерных изделий,industry,IND-029,Производство пластмасс / полимерных изделий,PAIN_X_INDUSTRY,обрезки пластика,general,commercial,Отраслевая карточка,pain_x_industry,9
цена утилизации полимерная пыль производство пластмасс / полимерных изделий,industry,IND-029,Производство пластмасс / полимерных изделий,PAIN_X_INDUSTRY,полимерная пыль,air,commercial,Воздух,pain_x_industry,9
цена утилизации тара производство пластмасс / полимерных изделий,industry,IND-029,Производство пластмасс / полимерных изделий,PAIN_X_INDUSTRY,тара,waste,commercial,Отраслевая карточка,pain_x_industry,8
что делать с брак пленки производство пластмасс / полимерных изделий,industry,IND-029,Производство пластмасс / полимерных изделий,PAIN_X_INDUSTRY,брак пленки,general,diagnostic,Отраслевая карточка,pain_x_industry,10
что делать с гранулы производство пластмасс / полимерных изделий,industry,IND-029,Производство пластмасс / полимерных изделий,PAIN_X_INDUSTRY,гранулы,general,diagnostic,Отраслевая карточка,pain_x_industry,9
что делать с обрезки пластика производство пластмасс / полимерных изделий,industry,IND-029,Производство пластмасс / полимерных изделий,PAIN_X_INDUSTRY,обрезки пластика,general,diagnostic,Отраслевая карточка,pain_x_industry,10
что делать с полимерная пыль производство пластмасс / полимерных изделий,industry,IND-029,Производство пластмасс / полимерных изделий,PAIN_X_INDUSTRY,полимерная пыль,air,diagnostic,Воздух,pain_x_industry,10
что делать с тара производство пластмасс / полимерных изделий,industry,IND-029,Производство пластмасс / полимерных изделий,PAIN_X_INDUSTRY,тара,waste,diagnostic,Отраслевая карточка,pain_x_industry,9
2 тп отходы производство сухих строительных смесей,industry,IND-022,Производство сухих строительных смесей,INDUSTRY_DIRECT,,,mixed,Отходы / учёт и отчётность,industry_template,7
ПЭК производство сухих строительных смесей,industry,IND-022,Производство сухих строительных смесей,INDUSTRY_DIRECT,,,mixed,Отраслевая карточка,industry_template,5
выбросы производство сухих строительных смесей,industry,IND-022,Производство сухих строительных смесей,INDUSTRY_DIRECT,,,mixed,Воздух,industry_template,5
запуск производство сухих строительных смесей экологические документы,industry,IND-022,Производство сухих строительных смесей,INDUSTRY_DIRECT,,,urgent,Отраслевая карточка,industry_template,7
какая экологическая отчетность у производство сухих строительных смесей,industry,IND-022,Производство сухих строительных смесей,INDUSTRY_DIRECT,,,mixed,Отходы / учёт и отчётность,industry_template,8
какие требования по экологии производство сухих строительных смесей,industry,IND-022,Производство сухих строительных смесей,INDUSTRY_DIRECT,,,diagnostic,Отраслевая карточка,industry_template,8
какие экологические документы нужны производство сухих строительных смесей,industry,IND-022,Производство сухих строительных смесей,INDUSTRY_DIRECT,,,mixed,Отраслевая карточка,industry_template,8
категория НВОС производство сухих строительных смесей,industry,IND-022,Производство сухих строительных смесей,INDUSTRY_DIRECT,,,mixed,НВОС,industry_template,6
ливневые воды производство сухих строительных смесей,industry,IND-022,Производство сухих строительных смесей,INDUSTRY_DIRECT,,,mixed,Вода,industry_template,6
нужен ли эколог производство сухих строительных смесей,industry,IND-022,Производство сухих строительных смесей,INDUSTRY_DIRECT,,,diagnostic,Отраслевая карточка,industry_template,7
нужно ли ставить на учет НВОС производство сухих строительных смесей,industry,IND-022,Производство сухих строительных смесей,INDUSTRY_DIRECT,,,mixed,НВОС,industry_template,10
отходы производство сухих строительных смесей,industry,IND-022,Производство сухих строительных смесей,INDUSTRY_DIRECT,,,mixed,Отраслевая карточка,industry_template,5
очистные производство сухих строительных смесей,industry,IND-022,Производство сухих строительных смесей,INDUSTRY_DIRECT,,,mixed,Вода,industry_template,5
предписание экология производство сухих строительных смесей,industry,IND-022,Производство сухих строительных смесей,INDUSTRY_DIRECT,,,urgent,Отраслевая карточка,industry_template,6
проверка экология производство сухих строительных смесей,industry,IND-022,Производство сухих строительных смесей,INDUSTRY_DIRECT,,,urgent,Отраслевая карточка,industry_template,6
сточные воды производство сухих строительных смесей,industry,IND-022,Производство сухих строительных смесей,INDUSTRY_DIRECT,,,mixed,Вода,industry_template,6
учет отходов производство сухих строительных смесей,industry,IND-022,Производство сухих строительных смесей,INDUSTRY_DIRECT,,,mixed,Отходы / учёт и отчётность,industry_template,6
что нужно по экологии производство сухих строительных смесей,industry,IND-022,Производство сухих строительных смесей,INDUSTRY_DIRECT,,,mixed,Отраслевая карточка,industry_template,8
что сдавать по экологии производство сухих строительных смесей,industry,IND-022,Производство сухих строительных смесей,INDUSTRY_DIRECT,,,mixed,Отраслевая карточка,industry_template,8
штраф экология производство сухих строительных смесей,industry,IND-022,Производство сухих строительных смесей,INDUSTRY_DIRECT,,,urgent,Отраслевая карточка,industry_template,6
2 тп отходы птицефабрики,industry,IND-015,Птицефабрики,INDUSTRY_DIRECT,,,mixed,Отходы / учёт и отчётность,industry_template,4
ПЭК птицефабрики,industry,IND-015,Птицефабрики,INDUSTRY_DIRECT,,,mixed,Отраслевая карточка,industry_template,2
выбросы птицефабрики,industry,IND-015,Птицефабрики,INDUSTRY_DIRECT,,,mixed,Воздух,industry_template,2
запуск птицефабрики экологические документы,industry,IND-015,Птицефабрики,INDUSTRY_DIRECT,,,urgent,Отраслевая карточка,industry_template,4
какая экологическая отчетность у птицефабрики,industry,IND-015,Птицефабрики,INDUSTRY_DIRECT,,,mixed,Отходы / учёт и отчётность,industry_template,5
какие требования по экологии птицефабрики,industry,IND-015,Птицефабрики,INDUSTRY_DIRECT,,,diagnostic,Отраслевая карточка,industry_template,5
какие экологические документы нужны птицефабрики,industry,IND-015,Птицефабрики,INDUSTRY_DIRECT,,,mixed,Отраслевая карточка,industry_template,5
категория НВОС птицефабрики,industry,IND-015,Птицефабрики,INDUSTRY_DIRECT,,,mixed,НВОС,industry_template,3
ливневые воды птицефабрики,industry,IND-015,Птицефабрики,INDUSTRY_DIRECT,,,mixed,Вода,industry_template,3
нужен ли эколог птицефабрики,industry,IND-015,Птицефабрики,INDUSTRY_DIRECT,,,diagnostic,Отраслевая карточка,industry_template,4
нужно ли ставить на учет НВОС птицефабрики,industry,IND-015,Птицефабрики,INDUSTRY_DIRECT,,,mixed,НВОС,industry_template,7
отходы птицефабрики,industry,IND-015,Птицефабрики,INDUSTRY_DIRECT,,,mixed,Отраслевая карточка,industry_template,2
очистные птицефабрики,industry,IND-015,Птицефабрики,INDUSTRY_DIRECT,,,mixed,Вода,industry_template,2
предписание экология птицефабрики,industry,IND-015,Птицефабрики,INDUSTRY_DIRECT,,,urgent,Отраслевая карточка,industry_template,3
проверка экология птицефабрики,industry,IND-015,Птицефабрики,INDUSTRY_DIRECT,,,urgent,Отраслевая карточка,industry_template,3
сточные воды птицефабрики,industry,IND-015,Птицефабрики,INDUSTRY_DIRECT,,,mixed,Вода,industry_template,3
учет отходов птицефабрики,industry,IND-015,Птицефабрики,INDUSTRY_DIRECT,,,mixed,Отходы / учёт и отчётность,industry_template,3
что нужно по экологии птицефабрики,industry,IND-015,Птицефабрики,INDUSTRY_DIRECT,,,mixed,Отраслевая карточка,industry_template,5
что сдавать по экологии птицефабрики,industry,IND-015,Птицефабрики,INDUSTRY_DIRECT,,,mixed,Отраслевая карточка,industry_template,5
штраф экология птицефабрики,industry,IND-015,Птицефабрики,INDUSTRY_DIRECT,,,urgent,Отраслевая карточка,industry_template,3
2 тп отходы растениеводство / сельхозпредприятия,industry,IND-016,Растениеводство / сельхозпредприятия,INDUSTRY_DIRECT,,,mixed,Отходы / учёт и отчётность,industry_template,6
ПЭК растениеводство / сельхозпредприятия,industry,IND-016,Растениеводство / сельхозпредприятия,INDUSTRY_DIRECT,,,mixed,Отраслевая карточка,industry_template,4
выбросы растениеводство / сельхозпредприятия,industry,IND-016,Растениеводство / сельхозпредприятия,INDUSTRY_DIRECT,,,mixed,Воздух,industry_template,4
запуск растениеводство / сельхозпредприятия экологические документы,industry,IND-016,Растениеводство / сельхозпредприятия,INDUSTRY_DIRECT,,,urgent,Отраслевая карточка,industry_template,6
какая экологическая отчетность у растениеводство / сельхозпредприятия,industry,IND-016,Растениеводство / сельхозпредприятия,INDUSTRY_DIRECT,,,mixed,Отходы / учёт и отчётность,industry_template,7
какие требования по экологии растениеводство / сельхозпредприятия,industry,IND-016,Растениеводство / сельхозпредприятия,INDUSTRY_DIRECT,,,diagnostic,Отраслевая карточка,industry_template,7
какие экологические документы нужны растениеводство / сельхозпредприятия,industry,IND-016,Растениеводство / сельхозпредприятия,INDUSTRY_DIRECT,,,mixed,Отраслевая карточка,industry_template,7
категория НВОС растениеводство / сельхозпредприятия,industry,IND-016,Растениеводство / сельхозпредприятия,INDUSTRY_DIRECT,,,mixed,НВОС,industry_template,5
ливневые воды растениеводство / сельхозпредприятия,industry,IND-016,Растениеводство / сельхозпредприятия,INDUSTRY_DIRECT,,,mixed,Вода,industry_template,5
нужен ли эколог растениеводство / сельхозпредприятия,industry,IND-016,Растениеводство / сельхозпредприятия,INDUSTRY_DIRECT,,,diagnostic,Отраслевая карточка,industry_template,6
нужно ли ставить на учет НВОС растениеводство / сельхозпредприятия,industry,IND-016,Растениеводство / сельхозпредприятия,INDUSTRY_DIRECT,,,mixed,НВОС,industry_template,9
отходы растениеводство / сельхозпредприятия,industry,IND-016,Растениеводство / сельхозпредприятия,INDUSTRY_DIRECT,,,mixed,Отраслевая карточка,industry_template,4
очистные растениеводство / сельхозпредприятия,industry,IND-016,Растениеводство / сельхозпредприятия,INDUSTRY_DIRECT,,,mixed,Вода,industry_template,4
предписание экология растениеводство / сельхозпредприятия,industry,IND-016,Растениеводство / сельхозпредприятия,INDUSTRY_DIRECT,,,urgent,Отраслевая карточка,industry_template,5
проверка экология растениеводство / сельхозпредприятия,industry,IND-016,Растениеводство / сельхозпредприятия,INDUSTRY_DIRECT,,,urgent,Отраслевая карточка,industry_template,5
сточные воды растениеводство / сельхозпредприятия,industry,IND-016,Растениеводство / сельхозпредприятия,INDUSTRY_DIRECT,,,mixed,Вода,industry_template,5
учет отходов растениеводство / сельхозпредприятия,industry,IND-016,Растениеводство / сельхозпредприятия,INDUSTRY_DIRECT,,,mixed,Отходы / учёт и отчётность,industry_template,5
что нужно по экологии растениеводство / сельхозпредприятия,industry,IND-016,Растениеводство / сельхозпредприятия,INDUSTRY_DIRECT,,,mixed,Отраслевая карточка,industry_template,7
что сдавать по экологии растениеводство / сельхозпредприятия,industry,IND-016,Растениеводство / сельхозпредприятия,INDUSTRY_DIRECT,,,mixed,Отраслевая карточка,industry_template,7
штраф экология растениеводство / сельхозпредприятия,industry,IND-016,Растениеводство / сельхозпредприятия,INDUSTRY_DIRECT,,,urgent,Отраслевая карточка,industry_template,5
2 тп отходы резинотехнические производства,industry,IND-030,Резинотехнические производства,INDUSTRY_DIRECT,,,mixed,Отходы / учёт и отчётность,industry_template,5
ПЭК резинотехнические производства,industry,IND-030,Резинотехнические производства,INDUSTRY_DIRECT,,,mixed,Отраслевая карточка,industry_template,3
выбросы резинотехнические производства,industry,IND-030,Резинотехнические производства,INDUSTRY_DIRECT,,,mixed,Воздух,industry_template,3
запуск резинотехнические производства экологические документы,industry,IND-030,Резинотехнические производства,INDUSTRY_DIRECT,,,urgent,Отраслевая карточка,industry_template,5
какая экологическая отчетность у резинотехнические производства,industry,IND-030,Резинотехнические производства,INDUSTRY_DIRECT,,,mixed,Отходы / учёт и отчётность,industry_template,6
какие требования по экологии резинотехнические производства,industry,IND-030,Резинотехнические производства,INDUSTRY_DIRECT,,,diagnostic,Отраслевая карточка,industry_template,6
какие экологические документы нужны резинотехнические производства,industry,IND-030,Резинотехнические производства,INDUSTRY_DIRECT,,,mixed,Отраслевая карточка,industry_template,6
категория НВОС резинотехнические производства,industry,IND-030,Резинотехнические производства,INDUSTRY_DIRECT,,,mixed,НВОС,industry_template,4
ливневые воды резинотехнические производства,industry,IND-030,Резинотехнические производства,INDUSTRY_DIRECT,,,mixed,Вода,industry_template,4
нужен ли эколог резинотехнические производства,industry,IND-030,Резинотехнические производства,INDUSTRY_DIRECT,,,diagnostic,Отраслевая карточка,industry_template,5
нужно ли ставить на учет НВОС резинотехнические производства,industry,IND-030,Резинотехнические производства,INDUSTRY_DIRECT,,,mixed,НВОС,industry_template,8
отходы резинотехнические производства,industry,IND-030,Резинотехнические производства,INDUSTRY_DIRECT,,,mixed,Отраслевая карточка,industry_template,3
очистные резинотехнические производства,industry,IND-030,Резинотехнические производства,INDUSTRY_DIRECT,,,mixed,Вода,industry_template,3
предписание экология резинотехнические производства,industry,IND-030,Резинотехнические производства,INDUSTRY_DIRECT,,,urgent,Отраслевая карточка,industry_template,4
проверка экология резинотехнические производства,industry,IND-030,Резинотехнические производства,INDUSTRY_DIRECT,,,urgent,Отраслевая карточка,industry_template,4
сточные воды резинотехнические производства,industry,IND-030,Резинотехнические производства,INDUSTRY_DIRECT,,,mixed,Вода,industry_template,4
учет отходов резинотехнические производства,industry,IND-030,Резинотехнические производства,INDUSTRY_DIRECT,,,mixed,Отходы / учёт и отчётность,industry_template,4
что нужно по экологии резинотехнические производства,industry,IND-030,Резинотехнические производства,INDUSTRY_DIRECT,,,mixed,Отраслевая карточка,industry_template,6
что сдавать по экологии резинотехнические производства,industry,IND-030,Резинотехнические производства,INDUSTRY_DIRECT,,,mixed,Отраслевая карточка,industry_template,6
штраф экология резинотехнические производства,industry,IND-030,Резинотехнические производства,INDUSTRY_DIRECT,,,urgent,Отраслевая карточка,industry_template,4
2 тп отходы рыбоводство / аквакультура,industry,IND-017,Рыбоводство / аквакультура,INDUSTRY_DIRECT,,,mixed,Отходы / учёт и отчётность,industry_template,6
ПЭК рыбоводство / аквакультура,industry,IND-017,Рыбоводство / аквакультура,INDUSTRY_DIRECT,,,mixed,Отраслевая карточка,industry_template,4
выбросы рыбоводство / аквакультура,industry,IND-017,Рыбоводство / аквакультура,INDUSTRY_DIRECT,,,mixed,Воздух,industry_template,4
запуск рыбоводство / аквакультура экологические документы,industry,IND-017,Рыбоводство / аквакультура,INDUSTRY_DIRECT,,,urgent,Отраслевая карточка,industry_template,6
какая экологическая отчетность у рыбоводство / аквакультура,industry,IND-017,Рыбоводство / аквакультура,INDUSTRY_DIRECT,,,mixed,Отходы / учёт и отчётность,industry_template,7
какие требования по экологии рыбоводство / аквакультура,industry,IND-017,Рыбоводство / аквакультура,INDUSTRY_DIRECT,,,diagnostic,Отраслевая карточка,industry_template,7
какие экологические документы нужны рыбоводство / аквакультура,industry,IND-017,Рыбоводство / аквакультура,INDUSTRY_DIRECT,,,mixed,Отраслевая карточка,industry_template,7
категория НВОС рыбоводство / аквакультура,industry,IND-017,Рыбоводство / аквакультура,INDUSTRY_DIRECT,,,mixed,НВОС,industry_template,5
ливневые воды рыбоводство / аквакультура,industry,IND-017,Рыбоводство / аквакультура,INDUSTRY_DIRECT,,,mixed,Вода,industry_template,5
нужен ли эколог рыбоводство / аквакультура,industry,IND-017,Рыбоводство / аквакультура,INDUSTRY_DIRECT,,,diagnostic,Отраслевая карточка,industry_template,6
нужно ли ставить на учет НВОС рыбоводство / аквакультура,industry,IND-017,Рыбоводство / аквакультура,INDUSTRY_DIRECT,,,mixed,НВОС,industry_template,9
отходы рыбоводство / аквакультура,industry,IND-017,Рыбоводство / аквакультура,INDUSTRY_DIRECT,,,mixed,Отраслевая карточка,industry_template,4
очистные рыбоводство / аквакультура,industry,IND-017,Рыбоводство / аквакультура,INDUSTRY_DIRECT,,,mixed,Вода,industry_template,4
предписание экология рыбоводство / аквакультура,industry,IND-017,Рыбоводство / аквакультура,INDUSTRY_DIRECT,,,urgent,Отраслевая карточка,industry_template,5
проверка экология рыбоводство / аквакультура,industry,IND-017,Рыбоводство / аквакультура,INDUSTRY_DIRECT,,,urgent,Отраслевая карточка,industry_template,5
сточные воды рыбоводство / аквакультура,industry,IND-017,Рыбоводство / аквакультура,INDUSTRY_DIRECT,,,mixed,Вода,industry_template,5
учет отходов рыбоводство / аквакультура,industry,IND-017,Рыбоводство / аквакультура,INDUSTRY_DIRECT,,,mixed,Отходы / учёт и отчётность,industry_template,5
что нужно по экологии рыбоводство / аквакультура,industry,IND-017,Рыбоводство / аквакультура,INDUSTRY_DIRECT,,,mixed,Отраслевая карточка,industry_template,7
что сдавать по экологии рыбоводство / аквакультура,industry,IND-017,Рыбоводство / аквакультура,INDUSTRY_DIRECT,,,mixed,Отраслевая карточка,industry_template,7
штраф экология рыбоводство / аквакультура,industry,IND-017,Рыбоводство / аквакультура,INDUSTRY_DIRECT,,,urgent,Отраслевая карточка,industry_template,5
2 тп отходы рынки / оптово-розничные комплексы,industry,IND-047,Рынки / оптово-розничные комплексы,INDUSTRY_DIRECT,,,mixed,Отходы / учёт и отчётность,industry_template,7
ПЭК рынки / оптово-розничные комплексы,industry,IND-047,Рынки / оптово-розничные комплексы,INDUSTRY_DIRECT,,,mixed,Отраслевая карточка,industry_template,5
выбросы рынки / оптово-розничные комплексы,industry,IND-047,Рынки / оптово-розничные комплексы,INDUSTRY_DIRECT,,,mixed,Воздух,industry_template,5
запуск рынки / оптово-розничные комплексы экологические документы,industry,IND-047,Рынки / оптово-розничные комплексы,INDUSTRY_DIRECT,,,urgent,Отраслевая карточка,industry_template,7
какая экологическая отчетность у рынки / оптово-розничные комплексы,industry,IND-047,Рынки / оптово-розничные комплексы,INDUSTRY_DIRECT,,,mixed,Отходы / учёт и отчётность,industry_template,8
какие требования по экологии рынки / оптово-розничные комплексы,industry,IND-047,Рынки / оптово-розничные комплексы,INDUSTRY_DIRECT,,,diagnostic,Отраслевая карточка,industry_template,8
какие экологические документы нужны рынки / оптово-розничные комплексы,industry,IND-047,Рынки / оптово-розничные комплексы,INDUSTRY_DIRECT,,,mixed,Отраслевая карточка,industry_template,8
категория НВОС рынки / оптово-розничные комплексы,industry,IND-047,Рынки / оптово-розничные комплексы,INDUSTRY_DIRECT,,,mixed,НВОС,industry_template,6
ливневые воды рынки / оптово-розничные комплексы,industry,IND-047,Рынки / оптово-розничные комплексы,INDUSTRY_DIRECT,,,mixed,Вода,industry_template,6
нужен ли эколог рынки / оптово-розничные комплексы,industry,IND-047,Рынки / оптово-розничные комплексы,INDUSTRY_DIRECT,,,diagnostic,Отраслевая карточка,industry_template,7
нужно ли ставить на учет НВОС рынки / оптово-розничные комплексы,industry,IND-047,Рынки / оптово-розничные комплексы,INDUSTRY_DIRECT,,,mixed,НВОС,industry_template,10
отходы рынки / оптово-розничные комплексы,industry,IND-047,Рынки / оптово-розничные комплексы,INDUSTRY_DIRECT,,,mixed,Отраслевая карточка,industry_template,5
очистные рынки / оптово-розничные комплексы,industry,IND-047,Рынки / оптово-розничные комплексы,INDUSTRY_DIRECT,,,mixed,Вода,industry_template,5
предписание экология рынки / оптово-розничные комплексы,industry,IND-047,Рынки / оптово-розничные комплексы,INDUSTRY_DIRECT,,,urgent,Отраслевая карточка,industry_template,6
проверка экология рынки / оптово-розничные комплексы,industry,IND-047,Рынки / оптово-розничные комплексы,INDUSTRY_DIRECT,,,urgent,Отраслевая карточка,industry_template,6
сточные воды рынки / оптово-розничные комплексы,industry,IND-047,Рынки / оптово-розничные комплексы,INDUSTRY_DIRECT,,,mixed,Вода,industry_template,6
учет отходов рынки / оптово-розничные комплексы,industry,IND-047,Рынки / оптово-розничные комплексы,INDUSTRY_DIRECT,,,mixed,Отходы / учёт и отчётность,industry_template,6
что нужно по экологии рынки / оптово-розничные комплексы,industry,IND-047,Рынки / оптово-розничные комплексы,INDUSTRY_DIRECT,,,mixed,Отраслевая карточка,industry_template,8
что сдавать по экологии рынки / оптово-розничные комплексы,industry,IND-047,Рынки / оптово-розничные комплексы,INDUSTRY_DIRECT,,,mixed,Отраслевая карточка,industry_template,8
штраф экология рынки / оптово-розничные комплексы,industry,IND-047,Рынки / оптово-розничные комплексы,INDUSTRY_DIRECT,,,urgent,Отраслевая карточка,industry_template,6
2 тп отходы салоны красоты,industry,IND-052,Салоны красоты,INDUSTRY_DIRECT,,,mixed,Отходы / учёт и отчётность,industry_template,5
ПЭК салоны красоты,industry,IND-052,Салоны красоты,INDUSTRY_DIRECT,,,mixed,Отраслевая карточка,industry_template,3
выбросы салоны красоты,industry,IND-052,Салоны красоты,INDUSTRY_DIRECT,,,mixed,Воздух,industry_template,3
запуск салоны красоты экологические документы,industry,IND-052,Салоны красоты,INDUSTRY_DIRECT,,,urgent,Отраслевая карточка,industry_template,5
какая экологическая отчетность у салоны красоты,industry,IND-052,Салоны красоты,INDUSTRY_DIRECT,,,mixed,Отходы / учёт и отчётность,industry_template,6
какие требования по экологии салоны красоты,industry,IND-052,Салоны красоты,INDUSTRY_DIRECT,,,diagnostic,Отраслевая карточка,industry_template,6
какие экологические документы нужны салоны красоты,industry,IND-052,Салоны красоты,INDUSTRY_DIRECT,,,mixed,Отраслевая карточка,industry_template,6
категория НВОС салоны красоты,industry,IND-052,Салоны красоты,INDUSTRY_DIRECT,,,mixed,НВОС,industry_template,4
ливневые воды салоны красоты,industry,IND-052,Салоны красоты,INDUSTRY_DIRECT,,,mixed,Вода,industry_template,4
нужен ли эколог салоны красоты,industry,IND-052,Салоны красоты,INDUSTRY_DIRECT,,,diagnostic,Отраслевая карточка,industry_template,5
нужно ли ставить на учет НВОС салоны красоты,industry,IND-052,Салоны красоты,INDUSTRY_DIRECT,,,mixed,НВОС,industry_template,8
отходы салоны красоты,industry,IND-052,Салоны красоты,INDUSTRY_DIRECT,,,mixed,Отраслевая карточка,industry_template,3
очистные салоны красоты,industry,IND-052,Салоны красоты,INDUSTRY_DIRECT,,,mixed,Вода,industry_template,3
предписание экология салоны красоты,industry,IND-052,Салоны красоты,INDUSTRY_DIRECT,,,urgent,Отраслевая карточка,industry_template,4
проверка экология салоны красоты,industry,IND-052,Салоны красоты,INDUSTRY_DIRECT,,,urgent,Отраслевая карточка,industry_template,4
сточные воды салоны красоты,industry,IND-052,Салоны красоты,INDUSTRY_DIRECT,,,mixed,Вода,industry_template,4
учет отходов салоны красоты,industry,IND-052,Салоны красоты,INDUSTRY_DIRECT,,,mixed,Отходы / учёт и отчётность,industry_template,4
что нужно по экологии салоны красоты,industry,IND-052,Салоны красоты,INDUSTRY_DIRECT,,,mixed,Отраслевая карточка,industry_template,6
что сдавать по экологии салоны красоты,industry,IND-052,Салоны красоты,INDUSTRY_DIRECT,,,mixed,Отраслевая карточка,industry_template,6
штраф экология салоны красоты,industry,IND-052,Салоны красоты,INDUSTRY_DIRECT,,,urgent,Отраслевая карточка,industry_template,4
анализ сточные воды,industry,IND-052,Салоны красоты,PAIN_ACTION,сточные воды,water,mixed,Вода,pain_action,3
вывоз ватные диски,industry,IND-052,Салоны красоты,PAIN_ACTION,ватные диски,waste,commercial,Отраслевая карточка,pain_action,3
вывоз одноразовые материалы,industry,IND-052,Салоны красоты,PAIN_ACTION,одноразовые материалы,waste,commercial,Отраслевая карточка,pain_action,3
вывоз упаковка косметики,industry,IND-052,Салоны красоты,PAIN_ACTION,упаковка косметики,waste,commercial,Отраслевая карточка,pain_action,3
как накапливать ватные диски,industry,IND-052,Салоны красоты,PAIN_ACTION,ватные диски,waste,mixed,Отраслевая карточка,pain_action,4
как накапливать одноразовые материалы,industry,IND-052,Салоны красоты,PAIN_ACTION,одноразовые материалы,waste,mixed,Отраслевая карточка,pain_action,4
как накапливать упаковка косметики,industry,IND-052,Салоны красоты,PAIN_ACTION,упаковка косметики,waste,mixed,Отраслевая карточка,pain_action,4
как очищать сточные воды,industry,IND-052,Салоны красоты,PAIN_ACTION,сточные воды,water,mixed,Вода,pain_action,4
как учитывать ватные диски,industry,IND-052,Салоны красоты,PAIN_ACTION,ватные диски,waste,diagnostic,Отраслевая карточка,pain_action,4
как учитывать одноразовые материалы,industry,IND-052,Салоны красоты,PAIN_ACTION,одноразовые материалы,waste,diagnostic,Отраслевая карточка,pain_action,4
как учитывать упаковка косметики,industry,IND-052,Салоны красоты,PAIN_ACTION,упаковка косметики,waste,diagnostic,Отраслевая карточка,pain_action,4
как учитывать химические средства,industry,IND-052,Салоны красоты,PAIN_ACTION,химические средства,general,diagnostic,Отраслевая карточка,pain_action,4
как хранить ватные диски,industry,IND-052,Салоны красоты,PAIN_ACTION,ватные диски,waste,diagnostic,Отраслевая карточка,pain_action,4
как хранить одноразовые материалы,industry,IND-052,Салоны красоты,PAIN_ACTION,одноразовые материалы,waste,diagnostic,Отраслевая карточка,pain_action,4
как хранить упаковка косметики,industry,IND-052,Салоны красоты,PAIN_ACTION,упаковка косметики,waste,diagnostic,Отраслевая карточка,pain_action,4
какой класс опасности ватные диски,industry,IND-052,Салоны красоты,PAIN_ACTION,ватные диски,waste,mixed,Отраслевая карточка,pain_action,5
какой класс опасности одноразовые материалы,industry,IND-052,Салоны красоты,PAIN_ACTION,одноразовые материалы,waste,mixed,Отраслевая карточка,pain_action,5
какой класс опасности упаковка косметики,industry,IND-052,Салоны красоты,PAIN_ACTION,упаковка косметики,waste,mixed,Отраслевая карточка,pain_action,5
контроль сточные воды,industry,IND-052,Салоны красоты,PAIN_ACTION,сточные воды,water,mixed,Вода,pain_action,3
кто забирает ватные диски,industry,IND-052,Салоны красоты,PAIN_ACTION,ватные диски,waste,mixed,Отраслевая карточка,pain_action,4
кто забирает одноразовые материалы,industry,IND-052,Салоны красоты,PAIN_ACTION,одноразовые материалы,waste,mixed,Отраслевая карточка,pain_action,4
кто забирает упаковка косметики,industry,IND-052,Салоны красоты,PAIN_ACTION,упаковка косметики,waste,mixed,Отраслевая карточка,pain_action,4
кто принимает ватные диски,industry,IND-052,Салоны красоты,PAIN_ACTION,ватные диски,waste,diagnostic,Отраслевая карточка,pain_action,4
кто принимает одноразовые материалы,industry,IND-052,Салоны красоты,PAIN_ACTION,одноразовые материалы,waste,diagnostic,Отраслевая карточка,pain_action,4
кто принимает упаковка косметики,industry,IND-052,Салоны красоты,PAIN_ACTION,упаковка косметики,waste,diagnostic,Отраслевая карточка,pain_action,4
куда девать ватные диски,industry,IND-052,Салоны красоты,PAIN_ACTION,ватные диски,waste,diagnostic,Отраслевая карточка,pain_action,4
куда девать одноразовые материалы,industry,IND-052,Салоны красоты,PAIN_ACTION,одноразовые материалы,waste,diagnostic,Отраслевая карточка,pain_action,4
куда девать упаковка косметики,industry,IND-052,Салоны красоты,PAIN_ACTION,упаковка косметики,waste,diagnostic,Отраслевая карточка,pain_action,4
куда отводить сточные воды,industry,IND-052,Салоны красоты,PAIN_ACTION,сточные воды,water,diagnostic,Вода,pain_action,4
куда передавать ватные диски,industry,IND-052,Салоны красоты,PAIN_ACTION,ватные диски,waste,diagnostic,Отраслевая карточка,pain_action,4
куда передавать одноразовые материалы,industry,IND-052,Салоны красоты,PAIN_ACTION,одноразовые материалы,waste,diagnostic,Отраслевая карточка,pain_action,4
куда передавать упаковка косметики,industry,IND-052,Салоны красоты,PAIN_ACTION,упаковка косметики,waste,diagnostic,Отраслевая карточка,pain_action,4
куда сдавать ватные диски,industry,IND-052,Салоны красоты,PAIN_ACTION,ватные диски,waste,diagnostic,Отраслевая карточка,pain_action,4
куда сдавать одноразовые материалы,industry,IND-052,Салоны красоты,PAIN_ACTION,одноразовые материалы,waste,diagnostic,Отраслевая карточка,pain_action,4
куда сдавать упаковка косметики,industry,IND-052,Салоны красоты,PAIN_ACTION,упаковка косметики,waste,diagnostic,Отраслевая карточка,pain_action,4
куда сливать сточные воды,industry,IND-052,Салоны красоты,PAIN_ACTION,сточные воды,water,diagnostic,Вода,pain_action,4
можно ли выбрасывать ватные диски,industry,IND-052,Салоны красоты,PAIN_ACTION,ватные диски,waste,mixed,Отраслевая карточка,pain_action,5
можно ли выбрасывать одноразовые материалы,industry,IND-052,Салоны красоты,PAIN_ACTION,одноразовые материалы,waste,mixed,Отраслевая карточка,pain_action,5
можно ли выбрасывать упаковка косметики,industry,IND-052,Салоны красоты,PAIN_ACTION,упаковка косметики,waste,mixed,Отраслевая карточка,pain_action,5
можно ли сбрасывать сточные воды,industry,IND-052,Салоны красоты,PAIN_ACTION,сточные воды,water,mixed,Вода,pain_action,5
можно ли хранить ватные диски на улице,industry,IND-052,Салоны красоты,PAIN_ACTION,ватные диски,waste,mixed,Отраслевая карточка,pain_action,7
можно ли хранить одноразовые материалы на улице,industry,IND-052,Салоны красоты,PAIN_ACTION,одноразовые материалы,waste,mixed,Отраслевая карточка,pain_action,7
можно ли хранить упаковка косметики на улице,industry,IND-052,Салоны красоты,PAIN_ACTION,упаковка косметики,waste,mixed,Отраслевая карточка,pain_action,7
нормативы сточные воды,industry,IND-052,Салоны красоты,PAIN_ACTION,сточные воды,water,mixed,Вода,pain_action,3
нужен ли договор на ватные диски,industry,IND-052,Салоны красоты,PAIN_ACTION,ватные диски,waste,diagnostic,Отраслевая карточка,pain_action,6
нужен ли договор на одноразовые материалы,industry,IND-052,Салоны красоты,PAIN_ACTION,одноразовые материалы,waste,diagnostic,Отраслевая карточка,pain_action,6
нужен ли договор на упаковка косметики,industry,IND-052,Салоны красоты,PAIN_ACTION,упаковка косметики,waste,diagnostic,Отраслевая карточка,pain_action,6
нужен ли паспорт на ватные диски,industry,IND-052,Салоны красоты,PAIN_ACTION,ватные диски,waste,diagnostic,Отраслевая карточка,pain_action,6
нужен ли паспорт на одноразовые материалы,industry,IND-052,Салоны красоты,PAIN_ACTION,одноразовые материалы,waste,diagnostic,Отраслевая карточка,pain_action,6
нужен ли паспорт на упаковка косметики,industry,IND-052,Салоны красоты,PAIN_ACTION,упаковка косметики,waste,diagnostic,Отраслевая карточка,pain_action,6
нужны ли документы на химические средства,industry,IND-052,Салоны красоты,PAIN_ACTION,химические средства,general,mixed,Отраслевая карточка,pain_action,6
нужны ли очистные для сточные воды,industry,IND-052,Салоны красоты,PAIN_ACTION,сточные воды,water,mixed,Вода,pain_action,6
обезвреживание ватные диски,industry,IND-052,Салоны красоты,PAIN_ACTION,ватные диски,waste,commercial,Отраслевая карточка,pain_action,3
обезвреживание одноразовые материалы,industry,IND-052,Салоны красоты,PAIN_ACTION,одноразовые материалы,waste,commercial,Отраслевая карточка,pain_action,3
обезвреживание упаковка косметики,industry,IND-052,Салоны красоты,PAIN_ACTION,упаковка косметики,waste,commercial,Отраслевая карточка,pain_action,3
переработка ватные диски,industry,IND-052,Салоны красоты,PAIN_ACTION,ватные диски,waste,mixed,Отраслевая карточка,pain_action,3
переработка одноразовые материалы,industry,IND-052,Салоны красоты,PAIN_ACTION,одноразовые материалы,waste,mixed,Отраслевая карточка,pain_action,3
переработка упаковка косметики,industry,IND-052,Салоны красоты,PAIN_ACTION,упаковка косметики,waste,mixed,Отраслевая карточка,pain_action,3
прием ватные диски,industry,IND-052,Салоны красоты,PAIN_ACTION,ватные диски,waste,mixed,Отраслевая карточка,pain_action,3
прием одноразовые материалы,industry,IND-052,Салоны красоты,PAIN_ACTION,одноразовые материалы,waste,mixed,Отраслевая карточка,pain_action,3
прием упаковка косметики,industry,IND-052,Салоны красоты,PAIN_ACTION,упаковка косметики,waste,mixed,Отраслевая карточка,pain_action,3
размещение ватные диски,industry,IND-052,Салоны красоты,PAIN_ACTION,ватные диски,waste,commercial,Отраслевая карточка,pain_action,3
размещение одноразовые материалы,industry,IND-052,Салоны красоты,PAIN_ACTION,одноразовые материалы,waste,commercial,Отраслевая карточка,pain_action,3
размещение упаковка косметики,industry,IND-052,Салоны красоты,PAIN_ACTION,упаковка косметики,waste,commercial,Отраслевая карточка,pain_action,3
стоимость утилизации ватные диски,industry,IND-052,Салоны красоты,PAIN_ACTION,ватные диски,waste,commercial,Отраслевая карточка,pain_action,4
стоимость утилизации одноразовые материалы,industry,IND-052,Салоны красоты,PAIN_ACTION,одноразовые материалы,waste,commercial,Отраслевая карточка,pain_action,4
стоимость утилизации упаковка косметики,industry,IND-052,Салоны красоты,PAIN_ACTION,упаковка косметики,waste,commercial,Отраслевая карточка,pain_action,4
требования к сточные воды,industry,IND-052,Салоны красоты,PAIN_ACTION,сточные воды,water,mixed,Вода,pain_action,4
требования к химические средства,industry,IND-052,Салоны красоты,PAIN_ACTION,химические средства,general,mixed,Отраслевая карточка,pain_action,4
утилизация ватные диски,industry,IND-052,Салоны красоты,PAIN_ACTION,ватные диски,waste,commercial,Отраслевая карточка,pain_action,3
утилизация одноразовые материалы,industry,IND-052,Салоны красоты,PAIN_ACTION,одноразовые материалы,waste,commercial,Отраслевая карточка,pain_action,3
утилизация упаковка косметики,industry,IND-052,Салоны красоты,PAIN_ACTION,упаковка косметики,waste,commercial,Отраслевая карточка,pain_action,3
учет сточные воды,industry,IND-052,Салоны красоты,PAIN_ACTION,сточные воды,water,mixed,Вода,pain_action,3
цена вывоза ватные диски,industry,IND-052,Салоны красоты,PAIN_ACTION,ватные диски,waste,commercial,Отраслевая карточка,pain_action,4
цена вывоза одноразовые материалы,industry,IND-052,Салоны красоты,PAIN_ACTION,одноразовые материалы,waste,commercial,Отраслевая карточка,pain_action,4
цена вывоза упаковка косметики,industry,IND-052,Салоны красоты,PAIN_ACTION,упаковка косметики,waste,commercial,Отраслевая карточка,pain_action,4
что делать с ватные диски,industry,IND-052,Салоны красоты,PAIN_ACTION,ватные диски,waste,diagnostic,Отраслевая карточка,pain_action,5
что делать с одноразовые материалы,industry,IND-052,Салоны красоты,PAIN_ACTION,одноразовые материалы,waste,diagnostic,Отраслевая карточка,pain_action,5
что делать с сточные воды,industry,IND-052,Салоны красоты,PAIN_ACTION,сточные воды,water,diagnostic,Вода,pain_action,5
что делать с упаковка косметики,industry,IND-052,Салоны красоты,PAIN_ACTION,упаковка косметики,waste,diagnostic,Отраслевая карточка,pain_action,5
что делать с химические средства,industry,IND-052,Салоны красоты,PAIN_ACTION,химические средства,general,diagnostic,Отраслевая карточка,pain_action,5
ватные диски для салоны красоты,industry,IND-052,Салоны красоты,PAIN_X_INDUSTRY,ватные диски,waste,mixed,Отраслевая карточка,pain_x_industry,5
ватные диски на салоны красоты,industry,IND-052,Салоны красоты,PAIN_X_INDUSTRY,ватные диски,waste,mixed,Отраслевая карточка,pain_x_industry,5
ватные диски салоны красоты,industry,IND-052,Салоны красоты,PAIN_X_INDUSTRY,ватные диски,waste,mixed,Отраслевая карточка,pain_x_industry,4
вывоз ватные диски салоны красоты,industry,IND-052,Салоны красоты,PAIN_X_INDUSTRY,ватные диски,waste,commercial,Отраслевая карточка,pain_x_industry,5
вывоз одноразовые материалы салоны красоты,industry,IND-052,Салоны красоты,PAIN_X_INDUSTRY,одноразовые материалы,waste,commercial,Отраслевая карточка,pain_x_industry,5
вывоз сточные воды салоны красоты,industry,IND-052,Салоны красоты,PAIN_X_INDUSTRY,сточные воды,water,commercial,Вода,pain_x_industry,5
вывоз упаковка косметики салоны красоты,industry,IND-052,Салоны красоты,PAIN_X_INDUSTRY,упаковка косметики,waste,commercial,Отраслевая карточка,pain_x_industry,5
вывоз химические средства салоны красоты,industry,IND-052,Салоны красоты,PAIN_X_INDUSTRY,химические средства,general,commercial,Отраслевая карточка,pain_x_industry,5
как учитывать ватные диски салоны красоты,industry,IND-052,Салоны красоты,PAIN_X_INDUSTRY,ватные диски,waste,diagnostic,Отраслевая карточка,pain_x_industry,6
как учитывать одноразовые материалы салоны красоты,industry,IND-052,Салоны красоты,PAIN_X_INDUSTRY,одноразовые материалы,waste,diagnostic,Отраслевая карточка,pain_x_industry,6
как учитывать сточные воды салоны красоты,industry,IND-052,Салоны красоты,PAIN_X_INDUSTRY,сточные воды,water,diagnostic,Вода,pain_x_industry,6
как учитывать упаковка косметики салоны красоты,industry,IND-052,Салоны красоты,PAIN_X_INDUSTRY,упаковка косметики,waste,diagnostic,Отраслевая карточка,pain_x_industry,6
как учитывать химические средства салоны красоты,industry,IND-052,Салоны красоты,PAIN_X_INDUSTRY,химические средства,general,diagnostic,Отраслевая карточка,pain_x_industry,6
как хранить ватные диски салоны красоты,industry,IND-052,Салоны красоты,PAIN_X_INDUSTRY,ватные диски,waste,diagnostic,Отраслевая карточка,pain_x_industry,6
как хранить одноразовые материалы салоны красоты,industry,IND-052,Салоны красоты,PAIN_X_INDUSTRY,одноразовые материалы,waste,diagnostic,Отраслевая карточка,pain_x_industry,6
как хранить сточные воды салоны красоты,industry,IND-052,Салоны красоты,PAIN_X_INDUSTRY,сточные воды,water,diagnostic,Вода,pain_x_industry,6
как хранить упаковка косметики салоны красоты,industry,IND-052,Салоны красоты,PAIN_X_INDUSTRY,упаковка косметики,waste,diagnostic,Отраслевая карточка,pain_x_industry,6
как хранить химические средства салоны красоты,industry,IND-052,Салоны красоты,PAIN_X_INDUSTRY,химические средства,general,diagnostic,Отраслевая карточка,pain_x_industry,6
кто принимает ватные диски салоны красоты,industry,IND-052,Салоны красоты,PAIN_X_INDUSTRY,ватные диски,waste,diagnostic,Отраслевая карточка,pain_x_industry,6
кто принимает одноразовые материалы салоны красоты,industry,IND-052,Салоны красоты,PAIN_X_INDUSTRY,одноразовые материалы,waste,diagnostic,Отраслевая карточка,pain_x_industry,6
кто принимает сточные воды салоны красоты,industry,IND-052,Салоны красоты,PAIN_X_INDUSTRY,сточные воды,water,diagnostic,Вода,pain_x_industry,6
кто принимает упаковка косметики салоны красоты,industry,IND-052,Салоны красоты,PAIN_X_INDUSTRY,упаковка косметики,waste,diagnostic,Отраслевая карточка,pain_x_industry,6
кто принимает химические средства салоны красоты,industry,IND-052,Салоны красоты,PAIN_X_INDUSTRY,химические средства,general,diagnostic,Отраслевая карточка,pain_x_industry,6
куда девать ватные диски салоны красоты,industry,IND-052,Салоны красоты,PAIN_X_INDUSTRY,ватные диски,waste,diagnostic,Отраслевая карточка,pain_x_industry,6
куда девать одноразовые материалы салоны красоты,industry,IND-052,Салоны красоты,PAIN_X_INDUSTRY,одноразовые материалы,waste,diagnostic,Отраслевая карточка,pain_x_industry,6
куда девать сточные воды салоны красоты,industry,IND-052,Салоны красоты,PAIN_X_INDUSTRY,сточные воды,water,diagnostic,Вода,pain_x_industry,6
куда девать упаковка косметики салоны красоты,industry,IND-052,Салоны красоты,PAIN_X_INDUSTRY,упаковка косметики,waste,diagnostic,Отраслевая карточка,pain_x_industry,6
куда девать химические средства салоны красоты,industry,IND-052,Салоны красоты,PAIN_X_INDUSTRY,химические средства,general,diagnostic,Отраслевая карточка,pain_x_industry,6
куда сдавать ватные диски салоны красоты,industry,IND-052,Салоны красоты,PAIN_X_INDUSTRY,ватные диски,waste,diagnostic,Отраслевая карточка,pain_x_industry,6
куда сдавать одноразовые материалы салоны красоты,industry,IND-052,Салоны красоты,PAIN_X_INDUSTRY,одноразовые материалы,waste,diagnostic,Отраслевая карточка,pain_x_industry,6
куда сдавать сточные воды салоны красоты,industry,IND-052,Салоны красоты,PAIN_X_INDUSTRY,сточные воды,water,diagnostic,Вода,pain_x_industry,6
куда сдавать упаковка косметики салоны красоты,industry,IND-052,Салоны красоты,PAIN_X_INDUSTRY,упаковка косметики,waste,diagnostic,Отраслевая карточка,pain_x_industry,6
куда сдавать химические средства салоны красоты,industry,IND-052,Салоны красоты,PAIN_X_INDUSTRY,химические средства,general,diagnostic,Отраслевая карточка,pain_x_industry,6
нужен ли договор на ватные диски салоны красоты,industry,IND-052,Салоны красоты,PAIN_X_INDUSTRY,ватные диски,waste,diagnostic,Отраслевая карточка,pain_x_industry,8
нужен ли договор на одноразовые материалы салоны красоты,industry,IND-052,Салоны красоты,PAIN_X_INDUSTRY,одноразовые материалы,waste,diagnostic,Отраслевая карточка,pain_x_industry,8
нужен ли договор на сточные воды салоны красоты,industry,IND-052,Салоны красоты,PAIN_X_INDUSTRY,сточные воды,water,diagnostic,Вода,pain_x_industry,8
нужен ли договор на упаковка косметики салоны красоты,industry,IND-052,Салоны красоты,PAIN_X_INDUSTRY,упаковка косметики,waste,diagnostic,Отраслевая карточка,pain_x_industry,8
нужен ли договор на химические средства салоны красоты,industry,IND-052,Салоны красоты,PAIN_X_INDUSTRY,химические средства,general,diagnostic,Отраслевая карточка,pain_x_industry,8
нужен ли паспорт на ватные диски салоны красоты,industry,IND-052,Салоны красоты,PAIN_X_INDUSTRY,ватные диски,waste,diagnostic,Отраслевая карточка,pain_x_industry,8
нужен ли паспорт на одноразовые материалы салоны красоты,industry,IND-052,Салоны красоты,PAIN_X_INDUSTRY,одноразовые материалы,waste,diagnostic,Отраслевая карточка,pain_x_industry,8
нужен ли паспорт на сточные воды салоны красоты,industry,IND-052,Салоны красоты,PAIN_X_INDUSTRY,сточные воды,water,diagnostic,Вода,pain_x_industry,8
нужен ли паспорт на упаковка косметики салоны красоты,industry,IND-052,Салоны красоты,PAIN_X_INDUSTRY,упаковка косметики,waste,diagnostic,Отраслевая карточка,pain_x_industry,8
нужен ли паспорт на химические средства салоны красоты,industry,IND-052,Салоны красоты,PAIN_X_INDUSTRY,химические средства,general,diagnostic,Отраслевая карточка,pain_x_industry,8
одноразовые материалы для салоны красоты,industry,IND-052,Салоны красоты,PAIN_X_INDUSTRY,одноразовые материалы,waste,mixed,Отраслевая карточка,pain_x_industry,5
одноразовые материалы на салоны красоты,industry,IND-052,Салоны красоты,PAIN_X_INDUSTRY,одноразовые материалы,waste,mixed,Отраслевая карточка,pain_x_industry,5
одноразовые материалы салоны красоты,industry,IND-052,Салоны красоты,PAIN_X_INDUSTRY,одноразовые материалы,waste,mixed,Отраслевая карточка,pain_x_industry,4
сточные воды для салоны красоты,industry,IND-052,Салоны красоты,PAIN_X_INDUSTRY,сточные воды,water,mixed,Вода,pain_x_industry,5
сточные воды на салоны красоты,industry,IND-052,Салоны красоты,PAIN_X_INDUSTRY,сточные воды,water,mixed,Вода,pain_x_industry,5
упаковка косметики для салоны красоты,industry,IND-052,Салоны красоты,PAIN_X_INDUSTRY,упаковка косметики,waste,mixed,Отраслевая карточка,pain_x_industry,5
упаковка косметики на салоны красоты,industry,IND-052,Салоны красоты,PAIN_X_INDUSTRY,упаковка косметики,waste,mixed,Отраслевая карточка,pain_x_industry,5
упаковка косметики салоны красоты,industry,IND-052,Салоны красоты,PAIN_X_INDUSTRY,упаковка косметики,waste,mixed,Отраслевая карточка,pain_x_industry,4
утилизация ватные диски салоны красоты,industry,IND-052,Салоны красоты,PAIN_X_INDUSTRY,ватные диски,waste,commercial,Отраслевая карточка,pain_x_industry,5
утилизация одноразовые материалы салоны красоты,industry,IND-052,Салоны красоты,PAIN_X_INDUSTRY,одноразовые материалы,waste,commercial,Отраслевая карточка,pain_x_industry,5
утилизация сточные воды салоны красоты,industry,IND-052,Салоны красоты,PAIN_X_INDUSTRY,сточные воды,water,commercial,Вода,pain_x_industry,5
утилизация упаковка косметики салоны красоты,industry,IND-052,Салоны красоты,PAIN_X_INDUSTRY,упаковка косметики,waste,commercial,Отраслевая карточка,pain_x_industry,5
утилизация химические средства салоны красоты,industry,IND-052,Салоны красоты,PAIN_X_INDUSTRY,химические средства,general,commercial,Отраслевая карточка,pain_x_industry,5
химические средства для салоны красоты,industry,IND-052,Салоны красоты,PAIN_X_INDUSTRY,химические средства,general,mixed,Отраслевая карточка,pain_x_industry,5
химические средства на салоны красоты,industry,IND-052,Салоны красоты,PAIN_X_INDUSTRY,химические средства,general,mixed,Отраслевая карточка,pain_x_industry,5
химические средства салоны красоты,industry,IND-052,Салоны красоты,PAIN_X_INDUSTRY,химические средства,general,mixed,Отраслевая карточка,pain_x_industry,4
цена утилизации ватные диски салоны красоты,industry,IND-052,Салоны красоты,PAIN_X_INDUSTRY,ватные диски,waste,commercial,Отраслевая карточка,pain_x_industry,6
цена утилизации одноразовые материалы салоны красоты,industry,IND-052,Салоны красоты,PAIN_X_INDUSTRY,одноразовые материалы,waste,commercial,Отраслевая карточка,pain_x_industry,6
цена утилизации сточные воды салоны красоты,industry,IND-052,Салоны красоты,PAIN_X_INDUSTRY,сточные воды,water,commercial,Вода,pain_x_industry,6
цена утилизации упаковка косметики салоны красоты,industry,IND-052,Салоны красоты,PAIN_X_INDUSTRY,упаковка косметики,waste,commercial,Отраслевая карточка,pain_x_industry,6
цена утилизации химические средства салоны красоты,industry,IND-052,Салоны красоты,PAIN_X_INDUSTRY,химические средства,general,commercial,Отраслевая карточка,pain_x_industry,6
что делать с ватные диски салоны красоты,industry,IND-052,Салоны красоты,PAIN_X_INDUSTRY,ватные диски,waste,diagnostic,Отраслевая карточка,pain_x_industry,7
что делать с одноразовые материалы салоны красоты,industry,IND-052,Салоны красоты,PAIN_X_INDUSTRY,одноразовые материалы,waste,diagnostic,Отраслевая карточка,pain_x_industry,7
что делать с сточные воды салоны красоты,industry,IND-052,Салоны красоты,PAIN_X_INDUSTRY,сточные воды,water,diagnostic,Вода,pain_x_industry,7
что делать с упаковка косметики салоны красоты,industry,IND-052,Салоны красоты,PAIN_X_INDUSTRY,упаковка косметики,waste,diagnostic,Отраслевая карточка,pain_x_industry,7
что делать с химические средства салоны красоты,industry,IND-052,Салоны красоты,PAIN_X_INDUSTRY,химические средства,general,diagnostic,Отраслевая карточка,pain_x_industry,7
2 тп отходы склады / логистические комплексы / распределительные центры,industry,IND-006,Склады / логистические комплексы / распределительные центры,INDUSTRY_DIRECT,,,mixed,Отходы / учёт и отчётность,industry_template,10
ПЭК склады / логистические комплексы / распределительные центры,industry,IND-006,Склады / логистические комплексы / распределительные центры,INDUSTRY_DIRECT,,,mixed,Отраслевая карточка,industry_template,8
выбросы склады / логистические комплексы / распределительные центры,industry,IND-006,Склады / логистические комплексы / распределительные центры,INDUSTRY_DIRECT,,,mixed,Воздух,industry_template,8
запуск склады / логистические комплексы / распределительные центры экологические документы,industry,IND-006,Склады / логистические комплексы / распределительные центры,INDUSTRY_DIRECT,,,urgent,Отраслевая карточка,industry_template,10
какая экологическая отчетность у склады / логистические комплексы / распределительные центры,industry,IND-006,Склады / логистические комплексы / распределительные центры,INDUSTRY_DIRECT,,,mixed,Отходы / учёт и отчётность,industry_template,11
какие требования по экологии склады / логистические комплексы / распределительные центры,industry,IND-006,Склады / логистические комплексы / распределительные центры,INDUSTRY_DIRECT,,,diagnostic,Отраслевая карточка,industry_template,11
какие экологические документы нужны склады / логистические комплексы / распределительные центры,industry,IND-006,Склады / логистические комплексы / распределительные центры,INDUSTRY_DIRECT,,,mixed,Отраслевая карточка,industry_template,11
категория НВОС склады / логистические комплексы / распределительные центры,industry,IND-006,Склады / логистические комплексы / распределительные центры,INDUSTRY_DIRECT,,,mixed,НВОС,industry_template,9
ливневые воды склады / логистические комплексы / распределительные центры,industry,IND-006,Склады / логистические комплексы / распределительные центры,INDUSTRY_DIRECT,,,mixed,Вода,industry_template,9
нужен ли эколог склады / логистические комплексы / распределительные центры,industry,IND-006,Склады / логистические комплексы / распределительные центры,INDUSTRY_DIRECT,,,diagnostic,Отраслевая карточка,industry_template,10
отходы склады / логистические комплексы / распределительные центры,industry,IND-006,Склады / логистические комплексы / распределительные центры,INDUSTRY_DIRECT,,,mixed,Отраслевая карточка,industry_template,8
очистные склады / логистические комплексы / распределительные центры,industry,IND-006,Склады / логистические комплексы / распределительные центры,INDUSTRY_DIRECT,,,mixed,Вода,industry_template,8
предписание экология склады / логистические комплексы / распределительные центры,industry,IND-006,Склады / логистические комплексы / распределительные центры,INDUSTRY_DIRECT,,,urgent,Отраслевая карточка,industry_template,9
проверка экология склады / логистические комплексы / распределительные центры,industry,IND-006,Склады / логистические комплексы / распределительные центры,INDUSTRY_DIRECT,,,urgent,Отраслевая карточка,industry_template,9
сточные воды склады / логистические комплексы / распределительные центры,industry,IND-006,Склады / логистические комплексы / распределительные центры,INDUSTRY_DIRECT,,,mixed,Вода,industry_template,9
учет отходов склады / логистические комплексы / распределительные центры,industry,IND-006,Склады / логистические комплексы / распределительные центры,INDUSTRY_DIRECT,,,mixed,Отходы / учёт и отчётность,industry_template,9
что нужно по экологии склады / логистические комплексы / распределительные центры,industry,IND-006,Склады / логистические комплексы / распределительные центры,INDUSTRY_DIRECT,,,mixed,Отраслевая карточка,industry_template,11
что сдавать по экологии склады / логистические комплексы / распределительные центры,industry,IND-006,Склады / логистические комплексы / распределительные центры,INDUSTRY_DIRECT,,,mixed,Отраслевая карточка,industry_template,11
штраф экология склады / логистические комплексы / распределительные центры,industry,IND-006,Склады / логистические комплексы / распределительные центры,INDUSTRY_DIRECT,,,urgent,Отраслевая карточка,industry_template,9
анализ ливневые воды,industry,IND-006,Склады / логистические комплексы / распределительные центры,PAIN_ACTION,ливневые воды,water,mixed,Вода,pain_action,3
вывоз картон,industry,IND-006,Склады / логистические комплексы / распределительные центры,PAIN_ACTION,картон,waste,commercial,Отраслевая карточка,pain_action,2
вывоз паллеты,industry,IND-006,Склады / логистические комплексы / распределительные центры,PAIN_ACTION,паллеты,waste,commercial,Отраслевая карточка,pain_action,2
вывоз стрейч пленка,industry,IND-006,Склады / логистические комплексы / распределительные центры,PAIN_ACTION,стрейч пленка,waste,commercial,Отраслевая карточка,pain_action,3
как накапливать картон,industry,IND-006,Склады / логистические комплексы / распределительные центры,PAIN_ACTION,картон,waste,mixed,Отраслевая карточка,pain_action,3
как накапливать паллеты,industry,IND-006,Склады / логистические комплексы / распределительные центры,PAIN_ACTION,паллеты,waste,mixed,Отраслевая карточка,pain_action,3
как накапливать стрейч пленка,industry,IND-006,Склады / логистические комплексы / распределительные центры,PAIN_ACTION,стрейч пленка,waste,mixed,Отраслевая карточка,pain_action,4
как обслуживать погрузочная техника,industry,IND-006,Склады / логистические комплексы / распределительные центры,PAIN_ACTION,погрузочная техника,equipment,mixed,Отраслевая карточка,pain_action,4
как очищать ливневые воды,industry,IND-006,Склады / логистические комплексы / распределительные центры,PAIN_ACTION,ливневые воды,water,mixed,Вода,pain_action,4
как учитывать картон,industry,IND-006,Склады / логистические комплексы / распределительные центры,PAIN_ACTION,картон,waste,diagnostic,Отраслевая карточка,pain_action,3
как учитывать паллеты,industry,IND-006,Склады / логистические комплексы / распределительные центры,PAIN_ACTION,паллеты,waste,diagnostic,Отраслевая карточка,pain_action,3
как учитывать поврежденный товар,industry,IND-006,Склады / логистические комплексы / распределительные центры,PAIN_ACTION,поврежденный товар,general,diagnostic,Отраслевая карточка,pain_action,4
как учитывать стрейч пленка,industry,IND-006,Склады / логистические комплексы / распределительные центры,PAIN_ACTION,стрейч пленка,waste,diagnostic,Отраслевая карточка,pain_action,4
как хранить картон,industry,IND-006,Склады / логистические комплексы / распределительные центры,PAIN_ACTION,картон,waste,diagnostic,Отраслевая карточка,pain_action,3
как хранить паллеты,industry,IND-006,Склады / логистические комплексы / распределительные центры,PAIN_ACTION,паллеты,waste,diagnostic,Отраслевая карточка,pain_action,3
как хранить стрейч пленка,industry,IND-006,Склады / логистические комплексы / распределительные центры,PAIN_ACTION,стрейч пленка,waste,diagnostic,Отраслевая карточка,pain_action,4
какие документы на погрузочная техника,industry,IND-006,Склады / логистические комплексы / распределительные центры,PAIN_ACTION,погрузочная техника,equipment,diagnostic,Отраслевая карточка,pain_action,5
какой класс опасности картон,industry,IND-006,Склады / логистические комплексы / распределительные центры,PAIN_ACTION,картон,waste,mixed,Отраслевая карточка,pain_action,4
какой класс опасности паллеты,industry,IND-006,Склады / логистические комплексы / распределительные центры,PAIN_ACTION,паллеты,waste,mixed,Отраслевая карточка,pain_action,4
какой класс опасности стрейч пленка,industry,IND-006,Склады / логистические комплексы / распределительные центры,PAIN_ACTION,стрейч пленка,waste,mixed,Отраслевая карточка,pain_action,5
контроль ливневые воды,industry,IND-006,Склады / логистические комплексы / распределительные центры,PAIN_ACTION,ливневые воды,water,mixed,Вода,pain_action,3
кто забирает картон,industry,IND-006,Склады / логистические комплексы / распределительные центры,PAIN_ACTION,картон,waste,mixed,Отраслевая карточка,pain_action,3
кто забирает паллеты,industry,IND-006,Склады / логистические комплексы / распределительные центры,PAIN_ACTION,паллеты,waste,mixed,Отраслевая карточка,pain_action,3
кто забирает стрейч пленка,industry,IND-006,Склады / логистические комплексы / распределительные центры,PAIN_ACTION,стрейч пленка,waste,mixed,Отраслевая карточка,pain_action,4
кто принимает картон,industry,IND-006,Склады / логистические комплексы / распределительные центры,PAIN_ACTION,картон,waste,diagnostic,Отраслевая карточка,pain_action,3
кто принимает паллеты,industry,IND-006,Склады / логистические комплексы / распределительные центры,PAIN_ACTION,паллеты,waste,diagnostic,Отраслевая карточка,pain_action,3
кто принимает стрейч пленка,industry,IND-006,Склады / логистические комплексы / распределительные центры,PAIN_ACTION,стрейч пленка,waste,diagnostic,Отраслевая карточка,pain_action,4
куда девать картон,industry,IND-006,Склады / логистические комплексы / распределительные центры,PAIN_ACTION,картон,waste,diagnostic,Отраслевая карточка,pain_action,3
куда девать паллеты,industry,IND-006,Склады / логистические комплексы / распределительные центры,PAIN_ACTION,паллеты,waste,diagnostic,Отраслевая карточка,pain_action,3
куда девать стрейч пленка,industry,IND-006,Склады / логистические комплексы / распределительные центры,PAIN_ACTION,стрейч пленка,waste,diagnostic,Отраслевая карточка,pain_action,4
куда отводить ливневые воды,industry,IND-006,Склады / логистические комплексы / распределительные центры,PAIN_ACTION,ливневые воды,water,diagnostic,Вода,pain_action,4
куда передавать картон,industry,IND-006,Склады / логистические комплексы / распределительные центры,PAIN_ACTION,картон,waste,diagnostic,Отраслевая карточка,pain_action,3
куда передавать паллеты,industry,IND-006,Склады / логистические комплексы / распределительные центры,PAIN_ACTION,паллеты,waste,diagnostic,Отраслевая карточка,pain_action,3
куда передавать стрейч пленка,industry,IND-006,Склады / логистические комплексы / распределительные центры,PAIN_ACTION,стрейч пленка,waste,diagnostic,Отраслевая карточка,pain_action,4
куда сдавать картон,industry,IND-006,Склады / логистические комплексы / распределительные центры,PAIN_ACTION,картон,waste,diagnostic,Отраслевая карточка,pain_action,3
куда сдавать паллеты,industry,IND-006,Склады / логистические комплексы / распределительные центры,PAIN_ACTION,паллеты,waste,diagnostic,Отраслевая карточка,pain_action,3
куда сдавать стрейч пленка,industry,IND-006,Склады / логистические комплексы / распределительные центры,PAIN_ACTION,стрейч пленка,waste,diagnostic,Отраслевая карточка,pain_action,4
куда сливать ливневые воды,industry,IND-006,Склады / логистические комплексы / распределительные центры,PAIN_ACTION,ливневые воды,water,diagnostic,Вода,pain_action,4
можно ли выбрасывать картон,industry,IND-006,Склады / логистические комплексы / распределительные центры,PAIN_ACTION,картон,waste,mixed,Отраслевая карточка,pain_action,4
можно ли выбрасывать паллеты,industry,IND-006,Склады / логистические комплексы / распределительные центры,PAIN_ACTION,паллеты,waste,mixed,Отраслевая карточка,pain_action,4
можно ли выбрасывать стрейч пленка,industry,IND-006,Склады / логистические комплексы / распределительные центры,PAIN_ACTION,стрейч пленка,waste,mixed,Отраслевая карточка,pain_action,5
можно ли сбрасывать ливневые воды,industry,IND-006,Склады / логистические комплексы / распределительные центры,PAIN_ACTION,ливневые воды,water,mixed,Вода,pain_action,5
можно ли хранить картон на улице,industry,IND-006,Склады / логистические комплексы / распределительные центры,PAIN_ACTION,картон,waste,mixed,Отраслевая карточка,pain_action,6
можно ли хранить паллеты на улице,industry,IND-006,Склады / логистические комплексы / распределительные центры,PAIN_ACTION,паллеты,waste,mixed,Отраслевая карточка,pain_action,6
можно ли хранить стрейч пленка на улице,industry,IND-006,Склады / логистические комплексы / распределительные центры,PAIN_ACTION,стрейч пленка,waste,mixed,Отраслевая карточка,pain_action,7
нормативы ливневые воды,industry,IND-006,Склады / логистические комплексы / распределительные центры,PAIN_ACTION,ливневые воды,water,mixed,Вода,pain_action,3
нужен ли договор на картон,industry,IND-006,Склады / логистические комплексы / распределительные центры,PAIN_ACTION,картон,waste,diagnostic,Отраслевая карточка,pain_action,5
нужен ли договор на паллеты,industry,IND-006,Склады / логистические комплексы / распределительные центры,PAIN_ACTION,паллеты,waste,diagnostic,Отраслевая карточка,pain_action,5
нужен ли договор на стрейч пленка,industry,IND-006,Склады / логистические комплексы / распределительные центры,PAIN_ACTION,стрейч пленка,waste,diagnostic,Отраслевая карточка,pain_action,6
нужен ли контроль погрузочная техника,industry,IND-006,Склады / логистические комплексы / распределительные центры,PAIN_ACTION,погрузочная техника,equipment,diagnostic,Отраслевая карточка,pain_action,5
нужен ли паспорт на картон,industry,IND-006,Склады / логистические комплексы / распределительные центры,PAIN_ACTION,картон,waste,diagnostic,Отраслевая карточка,pain_action,5
нужен ли паспорт на паллеты,industry,IND-006,Склады / логистические комплексы / распределительные центры,PAIN_ACTION,паллеты,waste,diagnostic,Отраслевая карточка,pain_action,5
нужен ли паспорт на стрейч пленка,industry,IND-006,Склады / логистические комплексы / распределительные центры,PAIN_ACTION,стрейч пленка,waste,diagnostic,Отраслевая карточка,pain_action,6
нужна ли погрузочная техника,industry,IND-006,Склады / логистические комплексы / распределительные центры,PAIN_ACTION,погрузочная техника,equipment,mixed,Отраслевая карточка,pain_action,4
нужны ли документы на поврежденный товар,industry,IND-006,Склады / логистические комплексы / распределительные центры,PAIN_ACTION,поврежденный товар,general,mixed,Отраслевая карточка,pain_action,6
нужны ли очистные для ливневые воды,industry,IND-006,Склады / логистические комплексы / распределительные центры,PAIN_ACTION,ливневые воды,water,mixed,Вода,pain_action,6
обезвреживание картон,industry,IND-006,Склады / логистические комплексы / распределительные центры,PAIN_ACTION,картон,waste,commercial,Отраслевая карточка,pain_action,2
обезвреживание паллеты,industry,IND-006,Склады / логистические комплексы / распределительные центры,PAIN_ACTION,паллеты,waste,commercial,Отраслевая карточка,pain_action,2
обезвреживание стрейч пленка,industry,IND-006,Склады / логистические комплексы / распределительные центры,PAIN_ACTION,стрейч пленка,waste,commercial,Отраслевая карточка,pain_action,3
переработка картон,industry,IND-006,Склады / логистические комплексы / распределительные центры,PAIN_ACTION,картон,waste,mixed,Отраслевая карточка,pain_action,2
переработка паллеты,industry,IND-006,Склады / логистические комплексы / распределительные центры,PAIN_ACTION,паллеты,waste,mixed,Отраслевая карточка,pain_action,2
переработка стрейч пленка,industry,IND-006,Склады / логистические комплексы / распределительные центры,PAIN_ACTION,стрейч пленка,waste,mixed,Отраслевая карточка,pain_action,3
прием картон,industry,IND-006,Склады / логистические комплексы / распределительные центры,PAIN_ACTION,картон,waste,mixed,Отраслевая карточка,pain_action,2
прием паллеты,industry,IND-006,Склады / логистические комплексы / распределительные центры,PAIN_ACTION,паллеты,waste,mixed,Отраслевая карточка,pain_action,2
прием стрейч пленка,industry,IND-006,Склады / логистические комплексы / распределительные центры,PAIN_ACTION,стрейч пленка,waste,mixed,Отраслевая карточка,pain_action,3
проверка погрузочная техника,industry,IND-006,Склады / логистические комплексы / распределительные центры,PAIN_ACTION,погрузочная техника,equipment,urgent,Отраслевая карточка,pain_action,3
размещение картон,industry,IND-006,Склады / логистические комплексы / распределительные центры,PAIN_ACTION,картон,waste,commercial,Отраслевая карточка,pain_action,2
размещение паллеты,industry,IND-006,Склады / логистические комплексы / распределительные центры,PAIN_ACTION,паллеты,waste,commercial,Отраслевая карточка,pain_action,2
размещение стрейч пленка,industry,IND-006,Склады / логистические комплексы / распределительные центры,PAIN_ACTION,стрейч пленка,waste,commercial,Отраслевая карточка,pain_action,3
стоимость утилизации картон,industry,IND-006,Склады / логистические комплексы / распределительные центры,PAIN_ACTION,картон,waste,commercial,Отраслевая карточка,pain_action,3
стоимость утилизации паллеты,industry,IND-006,Склады / логистические комплексы / распределительные центры,PAIN_ACTION,паллеты,waste,commercial,Отраслевая карточка,pain_action,3
стоимость утилизации стрейч пленка,industry,IND-006,Склады / логистические комплексы / распределительные центры,PAIN_ACTION,стрейч пленка,waste,commercial,Отраслевая карточка,pain_action,4
требования к ливневые воды,industry,IND-006,Склады / логистические комплексы / распределительные центры,PAIN_ACTION,ливневые воды,water,mixed,Вода,pain_action,4
требования к поврежденный товар,industry,IND-006,Склады / логистические комплексы / распределительные центры,PAIN_ACTION,поврежденный товар,general,mixed,Отраслевая карточка,pain_action,4
требования к погрузочная техника,industry,IND-006,Склады / логистические комплексы / распределительные центры,PAIN_ACTION,погрузочная техника,equipment,mixed,Отраслевая карточка,pain_action,4
утилизация картон,industry,IND-006,Склады / логистические комплексы / распределительные центры,PAIN_ACTION,картон,waste,commercial,Отраслевая карточка,pain_action,2
утилизация паллеты,industry,IND-006,Склады / логистические комплексы / распределительные центры,PAIN_ACTION,паллеты,waste,commercial,Отраслевая карточка,pain_action,2
утилизация стрейч пленка,industry,IND-006,Склады / логистические комплексы / распределительные центры,PAIN_ACTION,стрейч пленка,waste,commercial,Отраслевая карточка,pain_action,3
учет ливневые воды,industry,IND-006,Склады / логистические комплексы / распределительные центры,PAIN_ACTION,ливневые воды,water,mixed,Вода,pain_action,3
цена вывоза картон,industry,IND-006,Склады / логистические комплексы / распределительные центры,PAIN_ACTION,картон,waste,commercial,Отраслевая карточка,pain_action,3
цена вывоза паллеты,industry,IND-006,Склады / логистические комплексы / распределительные центры,PAIN_ACTION,паллеты,waste,commercial,Отраслевая карточка,pain_action,3
цена вывоза стрейч пленка,industry,IND-006,Склады / логистические комплексы / распределительные центры,PAIN_ACTION,стрейч пленка,waste,commercial,Отраслевая карточка,pain_action,4
что делать если есть погрузочная техника,industry,IND-006,Склады / логистические комплексы / распределительные центры,PAIN_ACTION,погрузочная техника,equipment,diagnostic,Отраслевая карточка,pain_action,6
что делать с картон,industry,IND-006,Склады / логистические комплексы / распределительные центры,PAIN_ACTION,картон,waste,diagnostic,Отраслевая карточка,pain_action,4
что делать с ливневые воды,industry,IND-006,Склады / логистические комплексы / распределительные центры,PAIN_ACTION,ливневые воды,water,diagnostic,Вода,pain_action,5
что делать с паллеты,industry,IND-006,Склады / логистические комплексы / распределительные центры,PAIN_ACTION,паллеты,waste,diagnostic,Отраслевая карточка,pain_action,4
что делать с поврежденный товар,industry,IND-006,Склады / логистические комплексы / распределительные центры,PAIN_ACTION,поврежденный товар,general,diagnostic,Отраслевая карточка,pain_action,5
что делать с стрейч пленка,industry,IND-006,Склады / логистические комплексы / распределительные центры,PAIN_ACTION,стрейч пленка,waste,diagnostic,Отраслевая карточка,pain_action,5
вывоз картон склады / логистические комплексы / распределительные центры,industry,IND-006,Склады / логистические комплексы / распределительные центры,PAIN_X_INDUSTRY,картон,waste,commercial,Отраслевая карточка,pain_x_industry,9
вывоз ливневые воды склады / логистические комплексы / распределительные центры,industry,IND-006,Склады / логистические комплексы / распределительные центры,PAIN_X_INDUSTRY,ливневые воды,water,commercial,Вода,pain_x_industry,10
вывоз паллеты склады / логистические комплексы / распределительные центры,industry,IND-006,Склады / логистические комплексы / распределительные центры,PAIN_X_INDUSTRY,паллеты,waste,commercial,Отраслевая карточка,pain_x_industry,9
вывоз поврежденный товар склады / логистические комплексы / распределительные центры,industry,IND-006,Склады / логистические комплексы / распределительные центры,PAIN_X_INDUSTRY,поврежденный товар,general,commercial,Отраслевая карточка,pain_x_industry,10
вывоз погрузочная техника склады / логистические комплексы / распределительные центры,industry,IND-006,Склады / логистические комплексы / распределительные центры,PAIN_X_INDUSTRY,погрузочная техника,equipment,commercial,Отраслевая карточка,pain_x_industry,10
вывоз стрейч пленка склады / логистические комплексы / распределительные центры,industry,IND-006,Склады / логистические комплексы / распределительные центры,PAIN_X_INDUSTRY,стрейч пленка,waste,commercial,Отраслевая карточка,pain_x_industry,10
как учитывать картон склады / логистические комплексы / распределительные центры,industry,IND-006,Склады / логистические комплексы / распределительные центры,PAIN_X_INDUSTRY,картон,waste,diagnostic,Отраслевая карточка,pain_x_industry,10
как учитывать ливневые воды склады / логистические комплексы / распределительные центры,industry,IND-006,Склады / логистические комплексы / распределительные центры,PAIN_X_INDUSTRY,ливневые воды,water,diagnostic,Вода,pain_x_industry,11
как учитывать паллеты склады / логистические комплексы / распределительные центры,industry,IND-006,Склады / логистические комплексы / распределительные центры,PAIN_X_INDUSTRY,паллеты,waste,diagnostic,Отраслевая карточка,pain_x_industry,10
как учитывать поврежденный товар склады / логистические комплексы / распределительные центры,industry,IND-006,Склады / логистические комплексы / распределительные центры,PAIN_X_INDUSTRY,поврежденный товар,general,diagnostic,Отраслевая карточка,pain_x_industry,11
как учитывать погрузочная техника склады / логистические комплексы / распределительные центры,industry,IND-006,Склады / логистические комплексы / распределительные центры,PAIN_X_INDUSTRY,погрузочная техника,equipment,diagnostic,Отраслевая карточка,pain_x_industry,11
как учитывать стрейч пленка склады / логистические комплексы / распределительные центры,industry,IND-006,Склады / логистические комплексы / распределительные центры,PAIN_X_INDUSTRY,стрейч пленка,waste,diagnostic,Отраслевая карточка,pain_x_industry,11
как хранить картон склады / логистические комплексы / распределительные центры,industry,IND-006,Склады / логистические комплексы / распределительные центры,PAIN_X_INDUSTRY,картон,waste,diagnostic,Отраслевая карточка,pain_x_industry,10
как хранить ливневые воды склады / логистические комплексы / распределительные центры,industry,IND-006,Склады / логистические комплексы / распределительные центры,PAIN_X_INDUSTRY,ливневые воды,water,diagnostic,Вода,pain_x_industry,11
как хранить паллеты склады / логистические комплексы / распределительные центры,industry,IND-006,Склады / логистические комплексы / распределительные центры,PAIN_X_INDUSTRY,паллеты,waste,diagnostic,Отраслевая карточка,pain_x_industry,10
как хранить поврежденный товар склады / логистические комплексы / распределительные центры,industry,IND-006,Склады / логистические комплексы / распределительные центры,PAIN_X_INDUSTRY,поврежденный товар,general,diagnostic,Отраслевая карточка,pain_x_industry,11
как хранить погрузочная техника склады / логистические комплексы / распределительные центры,industry,IND-006,Склады / логистические комплексы / распределительные центры,PAIN_X_INDUSTRY,погрузочная техника,equipment,diagnostic,Отраслевая карточка,pain_x_industry,11
как хранить стрейч пленка склады / логистические комплексы / распределительные центры,industry,IND-006,Склады / логистические комплексы / распределительные центры,PAIN_X_INDUSTRY,стрейч пленка,waste,diagnostic,Отраслевая карточка,pain_x_industry,11
картон для склады / логистические комплексы / распределительные центры,industry,IND-006,Склады / логистические комплексы / распределительные центры,PAIN_X_INDUSTRY,картон,waste,mixed,Отраслевая карточка,pain_x_industry,9
картон на склады / логистические комплексы / распределительные центры,industry,IND-006,Склады / логистические комплексы / распределительные центры,PAIN_X_INDUSTRY,картон,waste,mixed,Отраслевая карточка,pain_x_industry,9
картон склады / логистические комплексы / распределительные центры,industry,IND-006,Склады / логистические комплексы / распределительные центры,PAIN_X_INDUSTRY,картон,waste,mixed,Отраслевая карточка,pain_x_industry,8
кто принимает картон склады / логистические комплексы / распределительные центры,industry,IND-006,Склады / логистические комплексы / распределительные центры,PAIN_X_INDUSTRY,картон,waste,diagnostic,Отраслевая карточка,pain_x_industry,10
кто принимает ливневые воды склады / логистические комплексы / распределительные центры,industry,IND-006,Склады / логистические комплексы / распределительные центры,PAIN_X_INDUSTRY,ливневые воды,water,diagnostic,Вода,pain_x_industry,11
кто принимает паллеты склады / логистические комплексы / распределительные центры,industry,IND-006,Склады / логистические комплексы / распределительные центры,PAIN_X_INDUSTRY,паллеты,waste,diagnostic,Отраслевая карточка,pain_x_industry,10
кто принимает поврежденный товар склады / логистические комплексы / распределительные центры,industry,IND-006,Склады / логистические комплексы / распределительные центры,PAIN_X_INDUSTRY,поврежденный товар,general,diagnostic,Отраслевая карточка,pain_x_industry,11
кто принимает погрузочная техника склады / логистические комплексы / распределительные центры,industry,IND-006,Склады / логистические комплексы / распределительные центры,PAIN_X_INDUSTRY,погрузочная техника,equipment,diagnostic,Отраслевая карточка,pain_x_industry,11
кто принимает стрейч пленка склады / логистические комплексы / распределительные центры,industry,IND-006,Склады / логистические комплексы / распределительные центры,PAIN_X_INDUSTRY,стрейч пленка,waste,diagnostic,Отраслевая карточка,pain_x_industry,11
куда девать картон склады / логистические комплексы / распределительные центры,industry,IND-006,Склады / логистические комплексы / распределительные центры,PAIN_X_INDUSTRY,картон,waste,diagnostic,Отраслевая карточка,pain_x_industry,10
куда девать ливневые воды склады / логистические комплексы / распределительные центры,industry,IND-006,Склады / логистические комплексы / распределительные центры,PAIN_X_INDUSTRY,ливневые воды,water,diagnostic,Вода,pain_x_industry,11
куда девать паллеты склады / логистические комплексы / распределительные центры,industry,IND-006,Склады / логистические комплексы / распределительные центры,PAIN_X_INDUSTRY,паллеты,waste,diagnostic,Отраслевая карточка,pain_x_industry,10
куда девать поврежденный товар склады / логистические комплексы / распределительные центры,industry,IND-006,Склады / логистические комплексы / распределительные центры,PAIN_X_INDUSTRY,поврежденный товар,general,diagnostic,Отраслевая карточка,pain_x_industry,11
куда девать погрузочная техника склады / логистические комплексы / распределительные центры,industry,IND-006,Склады / логистические комплексы / распределительные центры,PAIN_X_INDUSTRY,погрузочная техника,equipment,diagnostic,Отраслевая карточка,pain_x_industry,11
куда девать стрейч пленка склады / логистические комплексы / распределительные центры,industry,IND-006,Склады / логистические комплексы / распределительные центры,PAIN_X_INDUSTRY,стрейч пленка,waste,diagnostic,Отраслевая карточка,pain_x_industry,11
куда сдавать картон склады / логистические комплексы / распределительные центры,industry,IND-006,Склады / логистические комплексы / распределительные центры,PAIN_X_INDUSTRY,картон,waste,diagnostic,Отраслевая карточка,pain_x_industry,10
куда сдавать ливневые воды склады / логистические комплексы / распределительные центры,industry,IND-006,Склады / логистические комплексы / распределительные центры,PAIN_X_INDUSTRY,ливневые воды,water,diagnostic,Вода,pain_x_industry,11
куда сдавать паллеты склады / логистические комплексы / распределительные центры,industry,IND-006,Склады / логистические комплексы / распределительные центры,PAIN_X_INDUSTRY,паллеты,waste,diagnostic,Отраслевая карточка,pain_x_industry,10
куда сдавать поврежденный товар склады / логистические комплексы / распределительные центры,industry,IND-006,Склады / логистические комплексы / распределительные центры,PAIN_X_INDUSTRY,поврежденный товар,general,diagnostic,Отраслевая карточка,pain_x_industry,11
куда сдавать погрузочная техника склады / логистические комплексы / распределительные центры,industry,IND-006,Склады / логистические комплексы / распределительные центры,PAIN_X_INDUSTRY,погрузочная техника,equipment,diagnostic,Отраслевая карточка,pain_x_industry,11
куда сдавать стрейч пленка склады / логистические комплексы / распределительные центры,industry,IND-006,Склады / логистические комплексы / распределительные центры,PAIN_X_INDUSTRY,стрейч пленка,waste,diagnostic,Отраслевая карточка,pain_x_industry,11
ливневые воды для склады / логистические комплексы / распределительные центры,industry,IND-006,Склады / логистические комплексы / распределительные центры,PAIN_X_INDUSTRY,ливневые воды,water,mixed,Вода,pain_x_industry,10
ливневые воды на склады / логистические комплексы / распределительные центры,industry,IND-006,Склады / логистические комплексы / распределительные центры,PAIN_X_INDUSTRY,ливневые воды,water,mixed,Вода,pain_x_industry,10
нужен ли договор на картон склады / логистические комплексы / распределительные центры,industry,IND-006,Склады / логистические комплексы / распределительные центры,PAIN_X_INDUSTRY,картон,waste,diagnostic,Отраслевая карточка,pain_x_industry,12
нужен ли договор на паллеты склады / логистические комплексы / распределительные центры,industry,IND-006,Склады / логистические комплексы / распределительные центры,PAIN_X_INDUSTRY,паллеты,waste,diagnostic,Отраслевая карточка,pain_x_industry,12
нужен ли паспорт на картон склады / логистические комплексы / распределительные центры,industry,IND-006,Склады / логистические комплексы / распределительные центры,PAIN_X_INDUSTRY,картон,waste,diagnostic,Отраслевая карточка,pain_x_industry,12
нужен ли паспорт на паллеты склады / логистические комплексы / распределительные центры,industry,IND-006,Склады / логистические комплексы / распределительные центры,PAIN_X_INDUSTRY,паллеты,waste,diagnostic,Отраслевая карточка,pain_x_industry,12
паллеты для склады / логистические комплексы / распределительные центры,industry,IND-006,Склады / логистические комплексы / распределительные центры,PAIN_X_INDUSTRY,паллеты,waste,mixed,Отраслевая карточка,pain_x_industry,9
паллеты на склады / логистические комплексы / распределительные центры,industry,IND-006,Склады / логистические комплексы / распределительные центры,PAIN_X_INDUSTRY,паллеты,waste,mixed,Отраслевая карточка,pain_x_industry,9
паллеты склады / логистические комплексы / распределительные центры,industry,IND-006,Склады / логистические комплексы / распределительные центры,PAIN_X_INDUSTRY,паллеты,waste,mixed,Отраслевая карточка,pain_x_industry,8
поврежденный товар для склады / логистические комплексы / распределительные центры,industry,IND-006,Склады / логистические комплексы / распределительные центры,PAIN_X_INDUSTRY,поврежденный товар,general,mixed,Отраслевая карточка,pain_x_industry,10
поврежденный товар на склады / логистические комплексы / распределительные центры,industry,IND-006,Склады / логистические комплексы / распределительные центры,PAIN_X_INDUSTRY,поврежденный товар,general,mixed,Отраслевая карточка,pain_x_industry,10
поврежденный товар склады / логистические комплексы / распределительные центры,industry,IND-006,Склады / логистические комплексы / распределительные центры,PAIN_X_INDUSTRY,поврежденный товар,general,mixed,Отраслевая карточка,pain_x_industry,9
погрузочная техника для склады / логистические комплексы / распределительные центры,industry,IND-006,Склады / логистические комплексы / распределительные центры,PAIN_X_INDUSTRY,погрузочная техника,equipment,mixed,Отраслевая карточка,pain_x_industry,10
погрузочная техника на склады / логистические комплексы / распределительные центры,industry,IND-006,Склады / логистические комплексы / распределительные центры,PAIN_X_INDUSTRY,погрузочная техника,equipment,mixed,Отраслевая карточка,pain_x_industry,10
погрузочная техника склады / логистические комплексы / распределительные центры,industry,IND-006,Склады / логистические комплексы / распределительные центры,PAIN_X_INDUSTRY,погрузочная техника,equipment,mixed,Отраслевая карточка,pain_x_industry,9
стрейч пленка для склады / логистические комплексы / распределительные центры,industry,IND-006,Склады / логистические комплексы / распределительные центры,PAIN_X_INDUSTRY,стрейч пленка,waste,mixed,Отраслевая карточка,pain_x_industry,10
стрейч пленка на склады / логистические комплексы / распределительные центры,industry,IND-006,Склады / логистические комплексы / распределительные центры,PAIN_X_INDUSTRY,стрейч пленка,waste,mixed,Отраслевая карточка,pain_x_industry,10
стрейч пленка склады / логистические комплексы / распределительные центры,industry,IND-006,Склады / логистические комплексы / распределительные центры,PAIN_X_INDUSTRY,стрейч пленка,waste,mixed,Отраслевая карточка,pain_x_industry,9
утилизация картон склады / логистические комплексы / распределительные центры,industry,IND-006,Склады / логистические комплексы / распределительные центры,PAIN_X_INDUSTRY,картон,waste,commercial,Отраслевая карточка,pain_x_industry,9
утилизация ливневые воды склады / логистические комплексы / распределительные центры,industry,IND-006,Склады / логистические комплексы / распределительные центры,PAIN_X_INDUSTRY,ливневые воды,water,commercial,Вода,pain_x_industry,10
утилизация паллеты склады / логистические комплексы / распределительные центры,industry,IND-006,Склады / логистические комплексы / распределительные центры,PAIN_X_INDUSTRY,паллеты,waste,commercial,Отраслевая карточка,pain_x_industry,9
утилизация поврежденный товар склады / логистические комплексы / распределительные центры,industry,IND-006,Склады / логистические комплексы / распределительные центры,PAIN_X_INDUSTRY,поврежденный товар,general,commercial,Отраслевая карточка,pain_x_industry,10
утилизация погрузочная техника склады / логистические комплексы / распределительные центры,industry,IND-006,Склады / логистические комплексы / распределительные центры,PAIN_X_INDUSTRY,погрузочная техника,equipment,commercial,Отраслевая карточка,pain_x_industry,10
утилизация стрейч пленка склады / логистические комплексы / распределительные центры,industry,IND-006,Склады / логистические комплексы / распределительные центры,PAIN_X_INDUSTRY,стрейч пленка,waste,commercial,Отраслевая карточка,pain_x_industry,10
цена утилизации картон склады / логистические комплексы / распределительные центры,industry,IND-006,Склады / логистические комплексы / распределительные центры,PAIN_X_INDUSTRY,картон,waste,commercial,Отраслевая карточка,pain_x_industry,10
цена утилизации ливневые воды склады / логистические комплексы / распределительные центры,industry,IND-006,Склады / логистические комплексы / распределительные центры,PAIN_X_INDUSTRY,ливневые воды,water,commercial,Вода,pain_x_industry,11
цена утилизации паллеты склады / логистические комплексы / распределительные центры,industry,IND-006,Склады / логистические комплексы / распределительные центры,PAIN_X_INDUSTRY,паллеты,waste,commercial,Отраслевая карточка,pain_x_industry,10
цена утилизации поврежденный товар склады / логистические комплексы / распределительные центры,industry,IND-006,Склады / логистические комплексы / распределительные центры,PAIN_X_INDUSTRY,поврежденный товар,general,commercial,Отраслевая карточка,pain_x_industry,11
цена утилизации погрузочная техника склады / логистические комплексы / распределительные центры,industry,IND-006,Склады / логистические комплексы / распределительные центры,PAIN_X_INDUSTRY,погрузочная техника,equipment,commercial,Отраслевая карточка,pain_x_industry,11
цена утилизации стрейч пленка склады / логистические комплексы / распределительные центры,industry,IND-006,Склады / логистические комплексы / распределительные центры,PAIN_X_INDUSTRY,стрейч пленка,waste,commercial,Отраслевая карточка,pain_x_industry,11
что делать с картон склады / логистические комплексы / распределительные центры,industry,IND-006,Склады / логистические комплексы / распределительные центры,PAIN_X_INDUSTRY,картон,waste,diagnostic,Отраслевая карточка,pain_x_industry,11
что делать с ливневые воды склады / логистические комплексы / распределительные центры,industry,IND-006,Склады / логистические комплексы / распределительные центры,PAIN_X_INDUSTRY,ливневые воды,water,diagnostic,Вода,pain_x_industry,12
что делать с паллеты склады / логистические комплексы / распределительные центры,industry,IND-006,Склады / логистические комплексы / распределительные центры,PAIN_X_INDUSTRY,паллеты,waste,diagnostic,Отраслевая карточка,pain_x_industry,11
что делать с поврежденный товар склады / логистические комплексы / распределительные центры,industry,IND-006,Склады / логистические комплексы / распределительные центры,PAIN_X_INDUSTRY,поврежденный товар,general,diagnostic,Отраслевая карточка,pain_x_industry,12
что делать с погрузочная техника склады / логистические комплексы / распределительные центры,industry,IND-006,Склады / логистические комплексы / распределительные центры,PAIN_X_INDUSTRY,погрузочная техника,equipment,diagnostic,Отраслевая карточка,pain_x_industry,12
что делать с стрейч пленка склады / логистические комплексы / распределительные центры,industry,IND-006,Склады / логистические комплексы / распределительные центры,PAIN_X_INDUSTRY,стрейч пленка,waste,diagnostic,Отраслевая карточка,pain_x_industry,12
2 тп отходы стоматологии / частные клиники,industry,IND-057,Стоматологии / частные клиники,INDUSTRY_DIRECT,,,mixed,Отходы / учёт и отчётность,industry_template,7
ПЭК стоматологии / частные клиники,industry,IND-057,Стоматологии / частные клиники,INDUSTRY_DIRECT,,,mixed,Отраслевая карточка,industry_template,5
выбросы стоматологии / частные клиники,industry,IND-057,Стоматологии / частные клиники,INDUSTRY_DIRECT,,,mixed,Воздух,industry_template,5
запуск стоматологии / частные клиники экологические документы,industry,IND-057,Стоматологии / частные клиники,INDUSTRY_DIRECT,,,urgent,Отраслевая карточка,industry_template,7
какая экологическая отчетность у стоматологии / частные клиники,industry,IND-057,Стоматологии / частные клиники,INDUSTRY_DIRECT,,,mixed,Отходы / учёт и отчётность,industry_template,8
какие требования по экологии стоматологии / частные клиники,industry,IND-057,Стоматологии / частные клиники,INDUSTRY_DIRECT,,,diagnostic,Отраслевая карточка,industry_template,8
какие экологические документы нужны стоматологии / частные клиники,industry,IND-057,Стоматологии / частные клиники,INDUSTRY_DIRECT,,,mixed,Отраслевая карточка,industry_template,8
категория НВОС стоматологии / частные клиники,industry,IND-057,Стоматологии / частные клиники,INDUSTRY_DIRECT,,,mixed,НВОС,industry_template,6
ливневые воды стоматологии / частные клиники,industry,IND-057,Стоматологии / частные клиники,INDUSTRY_DIRECT,,,mixed,Вода,industry_template,6
нужен ли эколог стоматологии / частные клиники,industry,IND-057,Стоматологии / частные клиники,INDUSTRY_DIRECT,,,diagnostic,Отраслевая карточка,industry_template,7
нужно ли ставить на учет НВОС стоматологии / частные клиники,industry,IND-057,Стоматологии / частные клиники,INDUSTRY_DIRECT,,,mixed,НВОС,industry_template,10
отходы стоматологии / частные клиники,industry,IND-057,Стоматологии / частные клиники,INDUSTRY_DIRECT,,,mixed,Отраслевая карточка,industry_template,5
очистные стоматологии / частные клиники,industry,IND-057,Стоматологии / частные клиники,INDUSTRY_DIRECT,,,mixed,Вода,industry_template,5
предписание экология стоматологии / частные клиники,industry,IND-057,Стоматологии / частные клиники,INDUSTRY_DIRECT,,,urgent,Отраслевая карточка,industry_template,6
проверка экология стоматологии / частные клиники,industry,IND-057,Стоматологии / частные клиники,INDUSTRY_DIRECT,,,urgent,Отраслевая карточка,industry_template,6
сточные воды стоматологии / частные клиники,industry,IND-057,Стоматологии / частные клиники,INDUSTRY_DIRECT,,,mixed,Вода,industry_template,6
учет отходов стоматологии / частные клиники,industry,IND-057,Стоматологии / частные клиники,INDUSTRY_DIRECT,,,mixed,Отходы / учёт и отчётность,industry_template,6
что нужно по экологии стоматологии / частные клиники,industry,IND-057,Стоматологии / частные клиники,INDUSTRY_DIRECT,,,mixed,Отраслевая карточка,industry_template,8
что сдавать по экологии стоматологии / частные клиники,industry,IND-057,Стоматологии / частные клиники,INDUSTRY_DIRECT,,,mixed,Отраслевая карточка,industry_template,8
штраф экология стоматологии / частные клиники,industry,IND-057,Стоматологии / частные клиники,INDUSTRY_DIRECT,,,urgent,Отраслевая карточка,industry_template,6
2 тп отходы строительные компании / строительные площадки,industry,IND-018,Строительные компании / строительные площадки,INDUSTRY_DIRECT,,,mixed,Отходы / учёт и отчётность,industry_template,8
ПЭК строительные компании / строительные площадки,industry,IND-018,Строительные компании / строительные площадки,INDUSTRY_DIRECT,,,mixed,Отраслевая карточка,industry_template,6
выбросы строительные компании / строительные площадки,industry,IND-018,Строительные компании / строительные площадки,INDUSTRY_DIRECT,,,mixed,Воздух,industry_template,6
запуск строительные компании / строительные площадки экологические документы,industry,IND-018,Строительные компании / строительные площадки,INDUSTRY_DIRECT,,,urgent,Отраслевая карточка,industry_template,8
какая экологическая отчетность у строительные компании / строительные площадки,industry,IND-018,Строительные компании / строительные площадки,INDUSTRY_DIRECT,,,mixed,Отходы / учёт и отчётность,industry_template,9
какие требования по экологии строительные компании / строительные площадки,industry,IND-018,Строительные компании / строительные площадки,INDUSTRY_DIRECT,,,diagnostic,Отраслевая карточка,industry_template,9
какие экологические документы нужны строительные компании / строительные площадки,industry,IND-018,Строительные компании / строительные площадки,INDUSTRY_DIRECT,,,mixed,Отраслевая карточка,industry_template,9
категория НВОС строительные компании / строительные площадки,industry,IND-018,Строительные компании / строительные площадки,INDUSTRY_DIRECT,,,mixed,НВОС,industry_template,7
ливневые воды строительные компании / строительные площадки,industry,IND-018,Строительные компании / строительные площадки,INDUSTRY_DIRECT,,,mixed,Вода,industry_template,7
нужен ли эколог строительные компании / строительные площадки,industry,IND-018,Строительные компании / строительные площадки,INDUSTRY_DIRECT,,,diagnostic,Отраслевая карточка,industry_template,8
нужно ли ставить на учет НВОС строительные компании / строительные площадки,industry,IND-018,Строительные компании / строительные площадки,INDUSTRY_DIRECT,,,mixed,НВОС,industry_template,11
отходы строительные компании / строительные площадки,industry,IND-018,Строительные компании / строительные площадки,INDUSTRY_DIRECT,,,mixed,Отраслевая карточка,industry_template,6
очистные строительные компании / строительные площадки,industry,IND-018,Строительные компании / строительные площадки,INDUSTRY_DIRECT,,,mixed,Вода,industry_template,6
предписание экология строительные компании / строительные площадки,industry,IND-018,Строительные компании / строительные площадки,INDUSTRY_DIRECT,,,urgent,Отраслевая карточка,industry_template,7
проверка экология строительные компании / строительные площадки,industry,IND-018,Строительные компании / строительные площадки,INDUSTRY_DIRECT,,,urgent,Отраслевая карточка,industry_template,7
сточные воды строительные компании / строительные площадки,industry,IND-018,Строительные компании / строительные площадки,INDUSTRY_DIRECT,,,mixed,Вода,industry_template,7
учет отходов строительные компании / строительные площадки,industry,IND-018,Строительные компании / строительные площадки,INDUSTRY_DIRECT,,,mixed,Отходы / учёт и отчётность,industry_template,7
что нужно по экологии строительные компании / строительные площадки,industry,IND-018,Строительные компании / строительные площадки,INDUSTRY_DIRECT,,,mixed,Отраслевая карточка,industry_template,9
что сдавать по экологии строительные компании / строительные площадки,industry,IND-018,Строительные компании / строительные площадки,INDUSTRY_DIRECT,,,mixed,Отраслевая карточка,industry_template,9
штраф экология строительные компании / строительные площадки,industry,IND-018,Строительные компании / строительные площадки,INDUSTRY_DIRECT,,,urgent,Отраслевая карточка,industry_template,7
2 тп отходы текстильные производства,industry,IND-028,Текстильные производства,INDUSTRY_DIRECT,,,mixed,Отходы / учёт и отчётность,industry_template,5
ПЭК текстильные производства,industry,IND-028,Текстильные производства,INDUSTRY_DIRECT,,,mixed,Отраслевая карточка,industry_template,3
выбросы текстильные производства,industry,IND-028,Текстильные производства,INDUSTRY_DIRECT,,,mixed,Воздух,industry_template,3
запуск текстильные производства экологические документы,industry,IND-028,Текстильные производства,INDUSTRY_DIRECT,,,urgent,Отраслевая карточка,industry_template,5
какая экологическая отчетность у текстильные производства,industry,IND-028,Текстильные производства,INDUSTRY_DIRECT,,,mixed,Отходы / учёт и отчётность,industry_template,6
какие требования по экологии текстильные производства,industry,IND-028,Текстильные производства,INDUSTRY_DIRECT,,,diagnostic,Отраслевая карточка,industry_template,6
какие экологические документы нужны текстильные производства,industry,IND-028,Текстильные производства,INDUSTRY_DIRECT,,,mixed,Отраслевая карточка,industry_template,6
категория НВОС текстильные производства,industry,IND-028,Текстильные производства,INDUSTRY_DIRECT,,,mixed,НВОС,industry_template,4
ливневые воды текстильные производства,industry,IND-028,Текстильные производства,INDUSTRY_DIRECT,,,mixed,Вода,industry_template,4
нужен ли эколог текстильные производства,industry,IND-028,Текстильные производства,INDUSTRY_DIRECT,,,diagnostic,Отраслевая карточка,industry_template,5
нужно ли ставить на учет НВОС текстильные производства,industry,IND-028,Текстильные производства,INDUSTRY_DIRECT,,,mixed,НВОС,industry_template,8
отходы текстильные производства,industry,IND-028,Текстильные производства,INDUSTRY_DIRECT,,,mixed,Отраслевая карточка,industry_template,3
очистные текстильные производства,industry,IND-028,Текстильные производства,INDUSTRY_DIRECT,,,mixed,Вода,industry_template,3
предписание экология текстильные производства,industry,IND-028,Текстильные производства,INDUSTRY_DIRECT,,,urgent,Отраслевая карточка,industry_template,4
проверка экология текстильные производства,industry,IND-028,Текстильные производства,INDUSTRY_DIRECT,,,urgent,Отраслевая карточка,industry_template,4
сточные воды текстильные производства,industry,IND-028,Текстильные производства,INDUSTRY_DIRECT,,,mixed,Вода,industry_template,4
учет отходов текстильные производства,industry,IND-028,Текстильные производства,INDUSTRY_DIRECT,,,mixed,Отходы / учёт и отчётность,industry_template,4
что нужно по экологии текстильные производства,industry,IND-028,Текстильные производства,INDUSTRY_DIRECT,,,mixed,Отраслевая карточка,industry_template,6
что сдавать по экологии текстильные производства,industry,IND-028,Текстильные производства,INDUSTRY_DIRECT,,,mixed,Отраслевая карточка,industry_template,6
штраф экология текстильные производства,industry,IND-028,Текстильные производства,INDUSTRY_DIRECT,,,urgent,Отраслевая карточка,industry_template,4
2 тп отходы теплицы / тепличные комплексы,industry,IND-013,Теплицы / тепличные комплексы,INDUSTRY_DIRECT,,,mixed,Отходы / учёт и отчётность,industry_template,7
ПЭК теплицы / тепличные комплексы,industry,IND-013,Теплицы / тепличные комплексы,INDUSTRY_DIRECT,,,mixed,Отраслевая карточка,industry_template,5
выбросы теплицы / тепличные комплексы,industry,IND-013,Теплицы / тепличные комплексы,INDUSTRY_DIRECT,,,mixed,Воздух,industry_template,5
запуск теплицы / тепличные комплексы экологические документы,industry,IND-013,Теплицы / тепличные комплексы,INDUSTRY_DIRECT,,,urgent,Отраслевая карточка,industry_template,7
какая экологическая отчетность у теплицы / тепличные комплексы,industry,IND-013,Теплицы / тепличные комплексы,INDUSTRY_DIRECT,,,mixed,Отходы / учёт и отчётность,industry_template,8
какие требования по экологии теплицы / тепличные комплексы,industry,IND-013,Теплицы / тепличные комплексы,INDUSTRY_DIRECT,,,diagnostic,Отраслевая карточка,industry_template,8
какие экологические документы нужны теплицы / тепличные комплексы,industry,IND-013,Теплицы / тепличные комплексы,INDUSTRY_DIRECT,,,mixed,Отраслевая карточка,industry_template,8
категория НВОС теплицы / тепличные комплексы,industry,IND-013,Теплицы / тепличные комплексы,INDUSTRY_DIRECT,,,mixed,НВОС,industry_template,6
ливневые воды теплицы / тепличные комплексы,industry,IND-013,Теплицы / тепличные комплексы,INDUSTRY_DIRECT,,,mixed,Вода,industry_template,6
нужен ли эколог теплицы / тепличные комплексы,industry,IND-013,Теплицы / тепличные комплексы,INDUSTRY_DIRECT,,,diagnostic,Отраслевая карточка,industry_template,7
нужно ли ставить на учет НВОС теплицы / тепличные комплексы,industry,IND-013,Теплицы / тепличные комплексы,INDUSTRY_DIRECT,,,mixed,НВОС,industry_template,10
отходы теплицы / тепличные комплексы,industry,IND-013,Теплицы / тепличные комплексы,INDUSTRY_DIRECT,,,mixed,Отраслевая карточка,industry_template,5
очистные теплицы / тепличные комплексы,industry,IND-013,Теплицы / тепличные комплексы,INDUSTRY_DIRECT,,,mixed,Вода,industry_template,5
предписание экология теплицы / тепличные комплексы,industry,IND-013,Теплицы / тепличные комплексы,INDUSTRY_DIRECT,,,urgent,Отраслевая карточка,industry_template,6
проверка экология теплицы / тепличные комплексы,industry,IND-013,Теплицы / тепличные комплексы,INDUSTRY_DIRECT,,,urgent,Отраслевая карточка,industry_template,6
сточные воды теплицы / тепличные комплексы,industry,IND-013,Теплицы / тепличные комплексы,INDUSTRY_DIRECT,,,mixed,Вода,industry_template,6
учет отходов теплицы / тепличные комплексы,industry,IND-013,Теплицы / тепличные комплексы,INDUSTRY_DIRECT,,,mixed,Отходы / учёт и отчётность,industry_template,6
что нужно по экологии теплицы / тепличные комплексы,industry,IND-013,Теплицы / тепличные комплексы,INDUSTRY_DIRECT,,,mixed,Отраслевая карточка,industry_template,8
что сдавать по экологии теплицы / тепличные комплексы,industry,IND-013,Теплицы / тепличные комплексы,INDUSTRY_DIRECT,,,mixed,Отраслевая карточка,industry_template,8
штраф экология теплицы / тепличные комплексы,industry,IND-013,Теплицы / тепличные комплексы,INDUSTRY_DIRECT,,,urgent,Отраслевая карточка,industry_template,6
2 тп отходы торговые центры / крупные торговые объекты,industry,IND-046,Торговые центры / крупные торговые объекты,INDUSTRY_DIRECT,,,mixed,Отходы / учёт и отчётность,industry_template,9
ПЭК торговые центры / крупные торговые объекты,industry,IND-046,Торговые центры / крупные торговые объекты,INDUSTRY_DIRECT,,,mixed,Отраслевая карточка,industry_template,7
выбросы торговые центры / крупные торговые объекты,industry,IND-046,Торговые центры / крупные торговые объекты,INDUSTRY_DIRECT,,,mixed,Воздух,industry_template,7
запуск торговые центры / крупные торговые объекты экологические документы,industry,IND-046,Торговые центры / крупные торговые объекты,INDUSTRY_DIRECT,,,urgent,Отраслевая карточка,industry_template,9
какая экологическая отчетность у торговые центры / крупные торговые объекты,industry,IND-046,Торговые центры / крупные торговые объекты,INDUSTRY_DIRECT,,,mixed,Отходы / учёт и отчётность,industry_template,10
какие требования по экологии торговые центры / крупные торговые объекты,industry,IND-046,Торговые центры / крупные торговые объекты,INDUSTRY_DIRECT,,,diagnostic,Отраслевая карточка,industry_template,10
какие экологические документы нужны торговые центры / крупные торговые объекты,industry,IND-046,Торговые центры / крупные торговые объекты,INDUSTRY_DIRECT,,,mixed,Отраслевая карточка,industry_template,10
категория НВОС торговые центры / крупные торговые объекты,industry,IND-046,Торговые центры / крупные торговые объекты,INDUSTRY_DIRECT,,,mixed,НВОС,industry_template,8
ливневые воды торговые центры / крупные торговые объекты,industry,IND-046,Торговые центры / крупные торговые объекты,INDUSTRY_DIRECT,,,mixed,Вода,industry_template,8
нужен ли эколог торговые центры / крупные торговые объекты,industry,IND-046,Торговые центры / крупные торговые объекты,INDUSTRY_DIRECT,,,diagnostic,Отраслевая карточка,industry_template,9
нужно ли ставить на учет НВОС торговые центры / крупные торговые объекты,industry,IND-046,Торговые центры / крупные торговые объекты,INDUSTRY_DIRECT,,,mixed,НВОС,industry_template,12
отходы торговые центры / крупные торговые объекты,industry,IND-046,Торговые центры / крупные торговые объекты,INDUSTRY_DIRECT,,,mixed,Отраслевая карточка,industry_template,7
очистные торговые центры / крупные торговые объекты,industry,IND-046,Торговые центры / крупные торговые объекты,INDUSTRY_DIRECT,,,mixed,Вода,industry_template,7
предписание экология торговые центры / крупные торговые объекты,industry,IND-046,Торговые центры / крупные торговые объекты,INDUSTRY_DIRECT,,,urgent,Отраслевая карточка,industry_template,8
проверка экология торговые центры / крупные торговые объекты,industry,IND-046,Торговые центры / крупные торговые объекты,INDUSTRY_DIRECT,,,urgent,Отраслевая карточка,industry_template,8
сточные воды торговые центры / крупные торговые объекты,industry,IND-046,Торговые центры / крупные торговые объекты,INDUSTRY_DIRECT,,,mixed,Вода,industry_template,8
учет отходов торговые центры / крупные торговые объекты,industry,IND-046,Торговые центры / крупные торговые объекты,INDUSTRY_DIRECT,,,mixed,Отходы / учёт и отчётность,industry_template,8
что нужно по экологии торговые центры / крупные торговые объекты,industry,IND-046,Торговые центры / крупные торговые объекты,INDUSTRY_DIRECT,,,mixed,Отраслевая карточка,industry_template,10
что сдавать по экологии торговые центры / крупные торговые объекты,industry,IND-046,Торговые центры / крупные торговые объекты,INDUSTRY_DIRECT,,,mixed,Отраслевая карточка,industry_template,10
штраф экология торговые центры / крупные торговые объекты,industry,IND-046,Торговые центры / крупные торговые объекты,INDUSTRY_DIRECT,,,urgent,Отраслевая карточка,industry_template,8
2 тп отходы утилизаторы отходов,industry,IND-042,Утилизаторы отходов,INDUSTRY_DIRECT,,,mixed,Отходы / учёт и отчётность,industry_template,5
ПЭК утилизаторы отходов,industry,IND-042,Утилизаторы отходов,INDUSTRY_DIRECT,,,mixed,Отраслевая карточка,industry_template,3
выбросы утилизаторы отходов,industry,IND-042,Утилизаторы отходов,INDUSTRY_DIRECT,,,mixed,Воздух,industry_template,3
запуск утилизаторы отходов экологические документы,industry,IND-042,Утилизаторы отходов,INDUSTRY_DIRECT,,,urgent,Отраслевая карточка,industry_template,5
какая экологическая отчетность у утилизаторы отходов,industry,IND-042,Утилизаторы отходов,INDUSTRY_DIRECT,,,mixed,Отходы / учёт и отчётность,industry_template,6
какие требования по экологии утилизаторы отходов,industry,IND-042,Утилизаторы отходов,INDUSTRY_DIRECT,,,diagnostic,Отраслевая карточка,industry_template,6
какие экологические документы нужны утилизаторы отходов,industry,IND-042,Утилизаторы отходов,INDUSTRY_DIRECT,,,mixed,Отраслевая карточка,industry_template,6
категория НВОС утилизаторы отходов,industry,IND-042,Утилизаторы отходов,INDUSTRY_DIRECT,,,mixed,НВОС,industry_template,4
ливневые воды утилизаторы отходов,industry,IND-042,Утилизаторы отходов,INDUSTRY_DIRECT,,,mixed,Вода,industry_template,4
нужен ли эколог утилизаторы отходов,industry,IND-042,Утилизаторы отходов,INDUSTRY_DIRECT,,,diagnostic,Отраслевая карточка,industry_template,5
нужно ли ставить на учет НВОС утилизаторы отходов,industry,IND-042,Утилизаторы отходов,INDUSTRY_DIRECT,,,mixed,НВОС,industry_template,8
отходы утилизаторы отходов,industry,IND-042,Утилизаторы отходов,INDUSTRY_DIRECT,,,mixed,Отраслевая карточка,industry_template,3
очистные утилизаторы отходов,industry,IND-042,Утилизаторы отходов,INDUSTRY_DIRECT,,,mixed,Вода,industry_template,3
предписание экология утилизаторы отходов,industry,IND-042,Утилизаторы отходов,INDUSTRY_DIRECT,,,urgent,Отраслевая карточка,industry_template,4
проверка экология утилизаторы отходов,industry,IND-042,Утилизаторы отходов,INDUSTRY_DIRECT,,,urgent,Отраслевая карточка,industry_template,4
сточные воды утилизаторы отходов,industry,IND-042,Утилизаторы отходов,INDUSTRY_DIRECT,,,mixed,Вода,industry_template,4
учет отходов утилизаторы отходов,industry,IND-042,Утилизаторы отходов,INDUSTRY_DIRECT,,,mixed,Отходы / учёт и отчётность,industry_template,4
что нужно по экологии утилизаторы отходов,industry,IND-042,Утилизаторы отходов,INDUSTRY_DIRECT,,,mixed,Отраслевая карточка,industry_template,6
что сдавать по экологии утилизаторы отходов,industry,IND-042,Утилизаторы отходов,INDUSTRY_DIRECT,,,mixed,Отраслевая карточка,industry_template,6
штраф экология утилизаторы отходов,industry,IND-042,Утилизаторы отходов,INDUSTRY_DIRECT,,,urgent,Отраслевая карточка,industry_template,4
2 тп отходы химические производства,industry,IND-033,Химические производства,INDUSTRY_DIRECT,,,mixed,Отходы / учёт и отчётность,industry_template,5
ПЭК химические производства,industry,IND-033,Химические производства,INDUSTRY_DIRECT,,,mixed,Отраслевая карточка,industry_template,3
выбросы химические производства,industry,IND-033,Химические производства,INDUSTRY_DIRECT,,,mixed,Воздух,industry_template,3
запуск химические производства экологические документы,industry,IND-033,Химические производства,INDUSTRY_DIRECT,,,urgent,Отраслевая карточка,industry_template,5
какая экологическая отчетность у химические производства,industry,IND-033,Химические производства,INDUSTRY_DIRECT,,,mixed,Отходы / учёт и отчётность,industry_template,6
какие требования по экологии химические производства,industry,IND-033,Химические производства,INDUSTRY_DIRECT,,,diagnostic,Отраслевая карточка,industry_template,6
какие экологические документы нужны химические производства,industry,IND-033,Химические производства,INDUSTRY_DIRECT,,,mixed,Отраслевая карточка,industry_template,6
категория НВОС химические производства,industry,IND-033,Химические производства,INDUSTRY_DIRECT,,,mixed,НВОС,industry_template,4
ливневые воды химические производства,industry,IND-033,Химические производства,INDUSTRY_DIRECT,,,mixed,Вода,industry_template,4
нужен ли эколог химические производства,industry,IND-033,Химические производства,INDUSTRY_DIRECT,,,diagnostic,Отраслевая карточка,industry_template,5
нужно ли ставить на учет НВОС химические производства,industry,IND-033,Химические производства,INDUSTRY_DIRECT,,,mixed,НВОС,industry_template,8
отходы химические производства,industry,IND-033,Химические производства,INDUSTRY_DIRECT,,,mixed,Отраслевая карточка,industry_template,3
очистные химические производства,industry,IND-033,Химические производства,INDUSTRY_DIRECT,,,mixed,Вода,industry_template,3
предписание экология химические производства,industry,IND-033,Химические производства,INDUSTRY_DIRECT,,,urgent,Отраслевая карточка,industry_template,4
проверка экология химические производства,industry,IND-033,Химические производства,INDUSTRY_DIRECT,,,urgent,Отраслевая карточка,industry_template,4
сточные воды химические производства,industry,IND-033,Химические производства,INDUSTRY_DIRECT,,,mixed,Вода,industry_template,4
учет отходов химические производства,industry,IND-033,Химические производства,INDUSTRY_DIRECT,,,mixed,Отходы / учёт и отчётность,industry_template,4
что нужно по экологии химические производства,industry,IND-033,Химические производства,INDUSTRY_DIRECT,,,mixed,Отраслевая карточка,industry_template,6
что сдавать по экологии химические производства,industry,IND-033,Химические производства,INDUSTRY_DIRECT,,,mixed,Отраслевая карточка,industry_template,6
штраф экология химические производства,industry,IND-033,Химические производства,INDUSTRY_DIRECT,,,urgent,Отраслевая карточка,industry_template,4
2 тп отходы хлебозаводы / пекарни / кондитерские производства,industry,IND-010,Хлебозаводы / пекарни / кондитерские производства,INDUSTRY_DIRECT,,,mixed,Отходы / учёт и отчётность,industry_template,9
ПЭК хлебозаводы / пекарни / кондитерские производства,industry,IND-010,Хлебозаводы / пекарни / кондитерские производства,INDUSTRY_DIRECT,,,mixed,Отраслевая карточка,industry_template,7
выбросы хлебозаводы / пекарни / кондитерские производства,industry,IND-010,Хлебозаводы / пекарни / кондитерские производства,INDUSTRY_DIRECT,,,mixed,Воздух,industry_template,7
запуск хлебозаводы / пекарни / кондитерские производства экологические документы,industry,IND-010,Хлебозаводы / пекарни / кондитерские производства,INDUSTRY_DIRECT,,,urgent,Отраслевая карточка,industry_template,9
какая экологическая отчетность у хлебозаводы / пекарни / кондитерские производства,industry,IND-010,Хлебозаводы / пекарни / кондитерские производства,INDUSTRY_DIRECT,,,mixed,Отходы / учёт и отчётность,industry_template,10
какие требования по экологии хлебозаводы / пекарни / кондитерские производства,industry,IND-010,Хлебозаводы / пекарни / кондитерские производства,INDUSTRY_DIRECT,,,diagnostic,Отраслевая карточка,industry_template,10
какие экологические документы нужны хлебозаводы / пекарни / кондитерские производства,industry,IND-010,Хлебозаводы / пекарни / кондитерские производства,INDUSTRY_DIRECT,,,mixed,Отраслевая карточка,industry_template,10
категория НВОС хлебозаводы / пекарни / кондитерские производства,industry,IND-010,Хлебозаводы / пекарни / кондитерские производства,INDUSTRY_DIRECT,,,mixed,НВОС,industry_template,8
ливневые воды хлебозаводы / пекарни / кондитерские производства,industry,IND-010,Хлебозаводы / пекарни / кондитерские производства,INDUSTRY_DIRECT,,,mixed,Вода,industry_template,8
нужен ли эколог хлебозаводы / пекарни / кондитерские производства,industry,IND-010,Хлебозаводы / пекарни / кондитерские производства,INDUSTRY_DIRECT,,,diagnostic,Отраслевая карточка,industry_template,9
нужно ли ставить на учет НВОС хлебозаводы / пекарни / кондитерские производства,industry,IND-010,Хлебозаводы / пекарни / кондитерские производства,INDUSTRY_DIRECT,,,mixed,НВОС,industry_template,12
отходы хлебозаводы / пекарни / кондитерские производства,industry,IND-010,Хлебозаводы / пекарни / кондитерские производства,INDUSTRY_DIRECT,,,mixed,Отраслевая карточка,industry_template,7
очистные хлебозаводы / пекарни / кондитерские производства,industry,IND-010,Хлебозаводы / пекарни / кондитерские производства,INDUSTRY_DIRECT,,,mixed,Вода,industry_template,7
предписание экология хлебозаводы / пекарни / кондитерские производства,industry,IND-010,Хлебозаводы / пекарни / кондитерские производства,INDUSTRY_DIRECT,,,urgent,Отраслевая карточка,industry_template,8
проверка экология хлебозаводы / пекарни / кондитерские производства,industry,IND-010,Хлебозаводы / пекарни / кондитерские производства,INDUSTRY_DIRECT,,,urgent,Отраслевая карточка,industry_template,8
сточные воды хлебозаводы / пекарни / кондитерские производства,industry,IND-010,Хлебозаводы / пекарни / кондитерские производства,INDUSTRY_DIRECT,,,mixed,Вода,industry_template,8
учет отходов хлебозаводы / пекарни / кондитерские производства,industry,IND-010,Хлебозаводы / пекарни / кондитерские производства,INDUSTRY_DIRECT,,,mixed,Отходы / учёт и отчётность,industry_template,8
что нужно по экологии хлебозаводы / пекарни / кондитерские производства,industry,IND-010,Хлебозаводы / пекарни / кондитерские производства,INDUSTRY_DIRECT,,,mixed,Отраслевая карточка,industry_template,10
что сдавать по экологии хлебозаводы / пекарни / кондитерские производства,industry,IND-010,Хлебозаводы / пекарни / кондитерские производства,INDUSTRY_DIRECT,,,mixed,Отраслевая карточка,industry_template,10
штраф экология хлебозаводы / пекарни / кондитерские производства,industry,IND-010,Хлебозаводы / пекарни / кондитерские производства,INDUSTRY_DIRECT,,,urgent,Отраслевая карточка,industry_template,8
анализ сточные воды,industry,IND-010,Хлебозаводы / пекарни / кондитерские производства,PAIN_ACTION,сточные воды,water,mixed,Вода,pain_action,3
вывоз жиры,industry,IND-010,Хлебозаводы / пекарни / кондитерские производства,PAIN_ACTION,жиры,waste,commercial,Отраслевая карточка,pain_action,2
вывоз пищевые отходы,industry,IND-010,Хлебозаводы / пекарни / кондитерские производства,PAIN_ACTION,пищевые отходы,waste,commercial,Отраслевая карточка,pain_action,3
вывоз упаковка,industry,IND-010,Хлебозаводы / пекарни / кондитерские производства,PAIN_ACTION,упаковка,waste,commercial,Отраслевая карточка,pain_action,2
вывоз фритюрное масло,industry,IND-010,Хлебозаводы / пекарни / кондитерские производства,PAIN_ACTION,фритюрное масло,waste,commercial,Отраслевая карточка,pain_action,3
как накапливать жиры,industry,IND-010,Хлебозаводы / пекарни / кондитерские производства,PAIN_ACTION,жиры,waste,mixed,Отраслевая карточка,pain_action,3
как накапливать пищевые отходы,industry,IND-010,Хлебозаводы / пекарни / кондитерские производства,PAIN_ACTION,пищевые отходы,waste,mixed,Отраслевая карточка,pain_action,4
как накапливать упаковка,industry,IND-010,Хлебозаводы / пекарни / кондитерские производства,PAIN_ACTION,упаковка,waste,mixed,Отраслевая карточка,pain_action,3
как накапливать фритюрное масло,industry,IND-010,Хлебозаводы / пекарни / кондитерские производства,PAIN_ACTION,фритюрное масло,waste,mixed,Отраслевая карточка,pain_action,4
как очищать сточные воды,industry,IND-010,Хлебозаводы / пекарни / кондитерские производства,PAIN_ACTION,сточные воды,water,mixed,Вода,pain_action,4
как учитывать жиры,industry,IND-010,Хлебозаводы / пекарни / кондитерские производства,PAIN_ACTION,жиры,waste,diagnostic,Отраслевая карточка,pain_action,3
как учитывать мука просыпи,industry,IND-010,Хлебозаводы / пекарни / кондитерские производства,PAIN_ACTION,мука просыпи,general,diagnostic,Отраслевая карточка,pain_action,4
как учитывать пищевые отходы,industry,IND-010,Хлебозаводы / пекарни / кондитерские производства,PAIN_ACTION,пищевые отходы,waste,diagnostic,Отраслевая карточка,pain_action,4
как учитывать упаковка,industry,IND-010,Хлебозаводы / пекарни / кондитерские производства,PAIN_ACTION,упаковка,waste,diagnostic,Отраслевая карточка,pain_action,3
как учитывать фритюрное масло,industry,IND-010,Хлебозаводы / пекарни / кондитерские производства,PAIN_ACTION,фритюрное масло,waste,diagnostic,Отраслевая карточка,pain_action,4
как хранить жиры,industry,IND-010,Хлебозаводы / пекарни / кондитерские производства,PAIN_ACTION,жиры,waste,diagnostic,Отраслевая карточка,pain_action,3
как хранить пищевые отходы,industry,IND-010,Хлебозаводы / пекарни / кондитерские производства,PAIN_ACTION,пищевые отходы,waste,diagnostic,Отраслевая карточка,pain_action,4
как хранить упаковка,industry,IND-010,Хлебозаводы / пекарни / кондитерские производства,PAIN_ACTION,упаковка,waste,diagnostic,Отраслевая карточка,pain_action,3
как хранить фритюрное масло,industry,IND-010,Хлебозаводы / пекарни / кондитерские производства,PAIN_ACTION,фритюрное масло,waste,diagnostic,Отраслевая карточка,pain_action,4
какой класс опасности жиры,industry,IND-010,Хлебозаводы / пекарни / кондитерские производства,PAIN_ACTION,жиры,waste,mixed,Отраслевая карточка,pain_action,4
какой класс опасности пищевые отходы,industry,IND-010,Хлебозаводы / пекарни / кондитерские производства,PAIN_ACTION,пищевые отходы,waste,mixed,Отраслевая карточка,pain_action,5
какой класс опасности упаковка,industry,IND-010,Хлебозаводы / пекарни / кондитерские производства,PAIN_ACTION,упаковка,waste,mixed,Отраслевая карточка,pain_action,4
какой класс опасности фритюрное масло,industry,IND-010,Хлебозаводы / пекарни / кондитерские производства,PAIN_ACTION,фритюрное масло,waste,mixed,Отраслевая карточка,pain_action,5
контроль сточные воды,industry,IND-010,Хлебозаводы / пекарни / кондитерские производства,PAIN_ACTION,сточные воды,water,mixed,Вода,pain_action,3
кто забирает жиры,industry,IND-010,Хлебозаводы / пекарни / кондитерские производства,PAIN_ACTION,жиры,waste,mixed,Отраслевая карточка,pain_action,3
кто забирает пищевые отходы,industry,IND-010,Хлебозаводы / пекарни / кондитерские производства,PAIN_ACTION,пищевые отходы,waste,mixed,Отраслевая карточка,pain_action,4
кто забирает упаковка,industry,IND-010,Хлебозаводы / пекарни / кондитерские производства,PAIN_ACTION,упаковка,waste,mixed,Отраслевая карточка,pain_action,3
кто забирает фритюрное масло,industry,IND-010,Хлебозаводы / пекарни / кондитерские производства,PAIN_ACTION,фритюрное масло,waste,mixed,Отраслевая карточка,pain_action,4
кто принимает жиры,industry,IND-010,Хлебозаводы / пекарни / кондитерские производства,PAIN_ACTION,жиры,waste,diagnostic,Отраслевая карточка,pain_action,3
кто принимает пищевые отходы,industry,IND-010,Хлебозаводы / пекарни / кондитерские производства,PAIN_ACTION,пищевые отходы,waste,diagnostic,Отраслевая карточка,pain_action,4
кто принимает упаковка,industry,IND-010,Хлебозаводы / пекарни / кондитерские производства,PAIN_ACTION,упаковка,waste,diagnostic,Отраслевая карточка,pain_action,3
кто принимает фритюрное масло,industry,IND-010,Хлебозаводы / пекарни / кондитерские производства,PAIN_ACTION,фритюрное масло,waste,diagnostic,Отраслевая карточка,pain_action,4
куда девать жиры,industry,IND-010,Хлебозаводы / пекарни / кондитерские производства,PAIN_ACTION,жиры,waste,diagnostic,Отраслевая карточка,pain_action,3
куда девать пищевые отходы,industry,IND-010,Хлебозаводы / пекарни / кондитерские производства,PAIN_ACTION,пищевые отходы,waste,diagnostic,Отраслевая карточка,pain_action,4
куда девать упаковка,industry,IND-010,Хлебозаводы / пекарни / кондитерские производства,PAIN_ACTION,упаковка,waste,diagnostic,Отраслевая карточка,pain_action,3
куда девать фритюрное масло,industry,IND-010,Хлебозаводы / пекарни / кондитерские производства,PAIN_ACTION,фритюрное масло,waste,diagnostic,Отраслевая карточка,pain_action,4
куда отводить сточные воды,industry,IND-010,Хлебозаводы / пекарни / кондитерские производства,PAIN_ACTION,сточные воды,water,diagnostic,Вода,pain_action,4
куда передавать жиры,industry,IND-010,Хлебозаводы / пекарни / кондитерские производства,PAIN_ACTION,жиры,waste,diagnostic,Отраслевая карточка,pain_action,3
куда передавать пищевые отходы,industry,IND-010,Хлебозаводы / пекарни / кондитерские производства,PAIN_ACTION,пищевые отходы,waste,diagnostic,Отраслевая карточка,pain_action,4
куда передавать упаковка,industry,IND-010,Хлебозаводы / пекарни / кондитерские производства,PAIN_ACTION,упаковка,waste,diagnostic,Отраслевая карточка,pain_action,3
куда передавать фритюрное масло,industry,IND-010,Хлебозаводы / пекарни / кондитерские производства,PAIN_ACTION,фритюрное масло,waste,diagnostic,Отраслевая карточка,pain_action,4
куда сдавать жиры,industry,IND-010,Хлебозаводы / пекарни / кондитерские производства,PAIN_ACTION,жиры,waste,diagnostic,Отраслевая карточка,pain_action,3
куда сдавать пищевые отходы,industry,IND-010,Хлебозаводы / пекарни / кондитерские производства,PAIN_ACTION,пищевые отходы,waste,diagnostic,Отраслевая карточка,pain_action,4
куда сдавать упаковка,industry,IND-010,Хлебозаводы / пекарни / кондитерские производства,PAIN_ACTION,упаковка,waste,diagnostic,Отраслевая карточка,pain_action,3
куда сдавать фритюрное масло,industry,IND-010,Хлебозаводы / пекарни / кондитерские производства,PAIN_ACTION,фритюрное масло,waste,diagnostic,Отраслевая карточка,pain_action,4
куда сливать сточные воды,industry,IND-010,Хлебозаводы / пекарни / кондитерские производства,PAIN_ACTION,сточные воды,water,diagnostic,Вода,pain_action,4
можно ли выбрасывать жиры,industry,IND-010,Хлебозаводы / пекарни / кондитерские производства,PAIN_ACTION,жиры,waste,mixed,Отраслевая карточка,pain_action,4
можно ли выбрасывать пищевые отходы,industry,IND-010,Хлебозаводы / пекарни / кондитерские производства,PAIN_ACTION,пищевые отходы,waste,mixed,Отраслевая карточка,pain_action,5
можно ли выбрасывать упаковка,industry,IND-010,Хлебозаводы / пекарни / кондитерские производства,PAIN_ACTION,упаковка,waste,mixed,Отраслевая карточка,pain_action,4
можно ли выбрасывать фритюрное масло,industry,IND-010,Хлебозаводы / пекарни / кондитерские производства,PAIN_ACTION,фритюрное масло,waste,mixed,Отраслевая карточка,pain_action,5
можно ли сбрасывать сточные воды,industry,IND-010,Хлебозаводы / пекарни / кондитерские производства,PAIN_ACTION,сточные воды,water,mixed,Вода,pain_action,5
можно ли хранить жиры на улице,industry,IND-010,Хлебозаводы / пекарни / кондитерские производства,PAIN_ACTION,жиры,waste,mixed,Отраслевая карточка,pain_action,6
можно ли хранить пищевые отходы на улице,industry,IND-010,Хлебозаводы / пекарни / кондитерские производства,PAIN_ACTION,пищевые отходы,waste,mixed,Отраслевая карточка,pain_action,7
можно ли хранить упаковка на улице,industry,IND-010,Хлебозаводы / пекарни / кондитерские производства,PAIN_ACTION,упаковка,waste,mixed,Отраслевая карточка,pain_action,6
можно ли хранить фритюрное масло на улице,industry,IND-010,Хлебозаводы / пекарни / кондитерские производства,PAIN_ACTION,фритюрное масло,waste,mixed,Отраслевая карточка,pain_action,7
нормативы сточные воды,industry,IND-010,Хлебозаводы / пекарни / кондитерские производства,PAIN_ACTION,сточные воды,water,mixed,Вода,pain_action,3
нужен ли договор на жиры,industry,IND-010,Хлебозаводы / пекарни / кондитерские производства,PAIN_ACTION,жиры,waste,diagnostic,Отраслевая карточка,pain_action,5
нужен ли договор на пищевые отходы,industry,IND-010,Хлебозаводы / пекарни / кондитерские производства,PAIN_ACTION,пищевые отходы,waste,diagnostic,Отраслевая карточка,pain_action,6
нужен ли договор на упаковка,industry,IND-010,Хлебозаводы / пекарни / кондитерские производства,PAIN_ACTION,упаковка,waste,diagnostic,Отраслевая карточка,pain_action,5
нужен ли договор на фритюрное масло,industry,IND-010,Хлебозаводы / пекарни / кондитерские производства,PAIN_ACTION,фритюрное масло,waste,diagnostic,Отраслевая карточка,pain_action,6
нужен ли паспорт на жиры,industry,IND-010,Хлебозаводы / пекарни / кондитерские производства,PAIN_ACTION,жиры,waste,diagnostic,Отраслевая карточка,pain_action,5
нужен ли паспорт на пищевые отходы,industry,IND-010,Хлебозаводы / пекарни / кондитерские производства,PAIN_ACTION,пищевые отходы,waste,diagnostic,Паспорта отходов,pain_action,6
нужен ли паспорт на упаковка,industry,IND-010,Хлебозаводы / пекарни / кондитерские производства,PAIN_ACTION,упаковка,waste,diagnostic,Отраслевая карточка,pain_action,5
нужен ли паспорт на фритюрное масло,industry,IND-010,Хлебозаводы / пекарни / кондитерские производства,PAIN_ACTION,фритюрное масло,waste,diagnostic,Отраслевая карточка,pain_action,6
нужны ли документы на мука просыпи,industry,IND-010,Хлебозаводы / пекарни / кондитерские производства,PAIN_ACTION,мука просыпи,general,mixed,Отраслевая карточка,pain_action,6
нужны ли очистные для сточные воды,industry,IND-010,Хлебозаводы / пекарни / кондитерские производства,PAIN_ACTION,сточные воды,water,mixed,Вода,pain_action,6
обезвреживание жиры,industry,IND-010,Хлебозаводы / пекарни / кондитерские производства,PAIN_ACTION,жиры,waste,commercial,Отраслевая карточка,pain_action,2
обезвреживание пищевые отходы,industry,IND-010,Хлебозаводы / пекарни / кондитерские производства,PAIN_ACTION,пищевые отходы,waste,commercial,Отраслевая карточка,pain_action,3
обезвреживание упаковка,industry,IND-010,Хлебозаводы / пекарни / кондитерские производства,PAIN_ACTION,упаковка,waste,commercial,Отраслевая карточка,pain_action,2
обезвреживание фритюрное масло,industry,IND-010,Хлебозаводы / пекарни / кондитерские производства,PAIN_ACTION,фритюрное масло,waste,commercial,Отраслевая карточка,pain_action,3
переработка жиры,industry,IND-010,Хлебозаводы / пекарни / кондитерские производства,PAIN_ACTION,жиры,waste,mixed,Отраслевая карточка,pain_action,2
переработка пищевые отходы,industry,IND-010,Хлебозаводы / пекарни / кондитерские производства,PAIN_ACTION,пищевые отходы,waste,mixed,Отраслевая карточка,pain_action,3
переработка упаковка,industry,IND-010,Хлебозаводы / пекарни / кондитерские производства,PAIN_ACTION,упаковка,waste,mixed,Отраслевая карточка,pain_action,2
переработка фритюрное масло,industry,IND-010,Хлебозаводы / пекарни / кондитерские производства,PAIN_ACTION,фритюрное масло,waste,mixed,Отраслевая карточка,pain_action,3
прием жиры,industry,IND-010,Хлебозаводы / пекарни / кондитерские производства,PAIN_ACTION,жиры,waste,mixed,Отраслевая карточка,pain_action,2
прием пищевые отходы,industry,IND-010,Хлебозаводы / пекарни / кондитерские производства,PAIN_ACTION,пищевые отходы,waste,mixed,Отраслевая карточка,pain_action,3
прием упаковка,industry,IND-010,Хлебозаводы / пекарни / кондитерские производства,PAIN_ACTION,упаковка,waste,mixed,Отраслевая карточка,pain_action,2
прием фритюрное масло,industry,IND-010,Хлебозаводы / пекарни / кондитерские производства,PAIN_ACTION,фритюрное масло,waste,mixed,Отраслевая карточка,pain_action,3
размещение жиры,industry,IND-010,Хлебозаводы / пекарни / кондитерские производства,PAIN_ACTION,жиры,waste,commercial,Отраслевая карточка,pain_action,2
размещение пищевые отходы,industry,IND-010,Хлебозаводы / пекарни / кондитерские производства,PAIN_ACTION,пищевые отходы,waste,commercial,Отраслевая карточка,pain_action,3
размещение упаковка,industry,IND-010,Хлебозаводы / пекарни / кондитерские производства,PAIN_ACTION,упаковка,waste,commercial,Отраслевая карточка,pain_action,2
размещение фритюрное масло,industry,IND-010,Хлебозаводы / пекарни / кондитерские производства,PAIN_ACTION,фритюрное масло,waste,commercial,Отраслевая карточка,pain_action,3
стоимость утилизации жиры,industry,IND-010,Хлебозаводы / пекарни / кондитерские производства,PAIN_ACTION,жиры,waste,commercial,Отраслевая карточка,pain_action,3
стоимость утилизации пищевые отходы,industry,IND-010,Хлебозаводы / пекарни / кондитерские производства,PAIN_ACTION,пищевые отходы,waste,commercial,Отраслевая карточка,pain_action,4
стоимость утилизации упаковка,industry,IND-010,Хлебозаводы / пекарни / кондитерские производства,PAIN_ACTION,упаковка,waste,commercial,Отраслевая карточка,pain_action,3
стоимость утилизации фритюрное масло,industry,IND-010,Хлебозаводы / пекарни / кондитерские производства,PAIN_ACTION,фритюрное масло,waste,commercial,Отраслевая карточка,pain_action,4
требования к мука просыпи,industry,IND-010,Хлебозаводы / пекарни / кондитерские производства,PAIN_ACTION,мука просыпи,general,mixed,Отраслевая карточка,pain_action,4
требования к сточные воды,industry,IND-010,Хлебозаводы / пекарни / кондитерские производства,PAIN_ACTION,сточные воды,water,mixed,Вода,pain_action,4
утилизация жиры,industry,IND-010,Хлебозаводы / пекарни / кондитерские производства,PAIN_ACTION,жиры,waste,commercial,Отраслевая карточка,pain_action,2
утилизация пищевые отходы,industry,IND-010,Хлебозаводы / пекарни / кондитерские производства,PAIN_ACTION,пищевые отходы,waste,commercial,Отраслевая карточка,pain_action,3
утилизация упаковка,industry,IND-010,Хлебозаводы / пекарни / кондитерские производства,PAIN_ACTION,упаковка,waste,commercial,Отраслевая карточка,pain_action,2
утилизация фритюрное масло,industry,IND-010,Хлебозаводы / пекарни / кондитерские производства,PAIN_ACTION,фритюрное масло,waste,commercial,Отраслевая карточка,pain_action,3
учет сточные воды,industry,IND-010,Хлебозаводы / пекарни / кондитерские производства,PAIN_ACTION,сточные воды,water,mixed,Вода,pain_action,3
цена вывоза жиры,industry,IND-010,Хлебозаводы / пекарни / кондитерские производства,PAIN_ACTION,жиры,waste,commercial,Отраслевая карточка,pain_action,3
цена вывоза пищевые отходы,industry,IND-010,Хлебозаводы / пекарни / кондитерские производства,PAIN_ACTION,пищевые отходы,waste,commercial,Отраслевая карточка,pain_action,4
цена вывоза упаковка,industry,IND-010,Хлебозаводы / пекарни / кондитерские производства,PAIN_ACTION,упаковка,waste,commercial,Отраслевая карточка,pain_action,3
цена вывоза фритюрное масло,industry,IND-010,Хлебозаводы / пекарни / кондитерские производства,PAIN_ACTION,фритюрное масло,waste,commercial,Отраслевая карточка,pain_action,4
что делать с жиры,industry,IND-010,Хлебозаводы / пекарни / кондитерские производства,PAIN_ACTION,жиры,waste,diagnostic,Отраслевая карточка,pain_action,4
что делать с мука просыпи,industry,IND-010,Хлебозаводы / пекарни / кондитерские производства,PAIN_ACTION,мука просыпи,general,diagnostic,Отраслевая карточка,pain_action,5
что делать с пищевые отходы,industry,IND-010,Хлебозаводы / пекарни / кондитерские производства,PAIN_ACTION,пищевые отходы,waste,diagnostic,Отраслевая карточка,pain_action,5
что делать с сточные воды,industry,IND-010,Хлебозаводы / пекарни / кондитерские производства,PAIN_ACTION,сточные воды,water,diagnostic,Вода,pain_action,5
что делать с упаковка,industry,IND-010,Хлебозаводы / пекарни / кондитерские производства,PAIN_ACTION,упаковка,waste,diagnostic,Отраслевая карточка,pain_action,4
что делать с фритюрное масло,industry,IND-010,Хлебозаводы / пекарни / кондитерские производства,PAIN_ACTION,фритюрное масло,waste,diagnostic,Отраслевая карточка,pain_action,5
вывоз жиры хлебозаводы / пекарни / кондитерские производства,industry,IND-010,Хлебозаводы / пекарни / кондитерские производства,PAIN_X_INDUSTRY,жиры,waste,commercial,Отраслевая карточка,pain_x_industry,8
вывоз мука просыпи хлебозаводы / пекарни / кондитерские производства,industry,IND-010,Хлебозаводы / пекарни / кондитерские производства,PAIN_X_INDUSTRY,мука просыпи,general,commercial,Отраслевая карточка,pain_x_industry,9
вывоз пищевые отходы хлебозаводы / пекарни / кондитерские производства,industry,IND-010,Хлебозаводы / пекарни / кондитерские производства,PAIN_X_INDUSTRY,пищевые отходы,waste,commercial,Отраслевая карточка,pain_x_industry,9
вывоз сточные воды хлебозаводы / пекарни / кондитерские производства,industry,IND-010,Хлебозаводы / пекарни / кондитерские производства,PAIN_X_INDUSTRY,сточные воды,water,commercial,Вода,pain_x_industry,9
вывоз упаковка хлебозаводы / пекарни / кондитерские производства,industry,IND-010,Хлебозаводы / пекарни / кондитерские производства,PAIN_X_INDUSTRY,упаковка,waste,commercial,Отраслевая карточка,pain_x_industry,8
вывоз фритюрное масло хлебозаводы / пекарни / кондитерские производства,industry,IND-010,Хлебозаводы / пекарни / кондитерские производства,PAIN_X_INDUSTRY,фритюрное масло,waste,commercial,Отраслевая карточка,pain_x_industry,9
жиры для хлебозаводы / пекарни / кондитерские производства,industry,IND-010,Хлебозаводы / пекарни / кондитерские производства,PAIN_X_INDUSTRY,жиры,waste,mixed,Отраслевая карточка,pain_x_industry,8
жиры на хлебозаводы / пекарни / кондитерские производства,industry,IND-010,Хлебозаводы / пекарни / кондитерские производства,PAIN_X_INDUSTRY,жиры,waste,mixed,Отраслевая карточка,pain_x_industry,8
жиры хлебозаводы / пекарни / кондитерские производства,industry,IND-010,Хлебозаводы / пекарни / кондитерские производства,PAIN_X_INDUSTRY,жиры,waste,mixed,Отраслевая карточка,pain_x_industry,7
как учитывать жиры хлебозаводы / пекарни / кондитерские производства,industry,IND-010,Хлебозаводы / пекарни / кондитерские производства,PAIN_X_INDUSTRY,жиры,waste,diagnostic,Отраслевая карточка,pain_x_industry,9
как учитывать мука просыпи хлебозаводы / пекарни / кондитерские производства,industry,IND-010,Хлебозаводы / пекарни / кондитерские производства,PAIN_X_INDUSTRY,мука просыпи,general,diagnostic,Отраслевая карточка,pain_x_industry,10
как учитывать пищевые отходы хлебозаводы / пекарни / кондитерские производства,industry,IND-010,Хлебозаводы / пекарни / кондитерские производства,PAIN_X_INDUSTRY,пищевые отходы,waste,diagnostic,Отраслевая карточка,pain_x_industry,10
как учитывать сточные воды хлебозаводы / пекарни / кондитерские производства,industry,IND-010,Хлебозаводы / пекарни / кондитерские производства,PAIN_X_INDUSTRY,сточные воды,water,diagnostic,Вода,pain_x_industry,10
как учитывать упаковка хлебозаводы / пекарни / кондитерские производства,industry,IND-010,Хлебозаводы / пекарни / кондитерские производства,PAIN_X_INDUSTRY,упаковка,waste,diagnostic,Отраслевая карточка,pain_x_industry,9
как учитывать фритюрное масло хлебозаводы / пекарни / кондитерские производства,industry,IND-010,Хлебозаводы / пекарни / кондитерские производства,PAIN_X_INDUSTRY,фритюрное масло,waste,diagnostic,Отраслевая карточка,pain_x_industry,10
как хранить жиры хлебозаводы / пекарни / кондитерские производства,industry,IND-010,Хлебозаводы / пекарни / кондитерские производства,PAIN_X_INDUSTRY,жиры,waste,diagnostic,Отраслевая карточка,pain_x_industry,9
как хранить мука просыпи хлебозаводы / пекарни / кондитерские производства,industry,IND-010,Хлебозаводы / пекарни / кондитерские производства,PAIN_X_INDUSTRY,мука просыпи,general,diagnostic,Отраслевая карточка,pain_x_industry,10
как хранить пищевые отходы хлебозаводы / пекарни / кондитерские производства,industry,IND-010,Хлебозаводы / пекарни / кондитерские производства,PAIN_X_INDUSTRY,пищевые отходы,waste,diagnostic,Отраслевая карточка,pain_x_industry,10
как хранить сточные воды хлебозаводы / пекарни / кондитерские производства,industry,IND-010,Хлебозаводы / пекарни / кондитерские производства,PAIN_X_INDUSTRY,сточные воды,water,diagnostic,Вода,pain_x_industry,10
как хранить упаковка хлебозаводы / пекарни / кондитерские производства,industry,IND-010,Хлебозаводы / пекарни / кондитерские производства,PAIN_X_INDUSTRY,упаковка,waste,diagnostic,Отраслевая карточка,pain_x_industry,9
как хранить фритюрное масло хлебозаводы / пекарни / кондитерские производства,industry,IND-010,Хлебозаводы / пекарни / кондитерские производства,PAIN_X_INDUSTRY,фритюрное масло,waste,diagnostic,Отраслевая карточка,pain_x_industry,10
кто принимает жиры хлебозаводы / пекарни / кондитерские производства,industry,IND-010,Хлебозаводы / пекарни / кондитерские производства,PAIN_X_INDUSTRY,жиры,waste,diagnostic,Отраслевая карточка,pain_x_industry,9
кто принимает мука просыпи хлебозаводы / пекарни / кондитерские производства,industry,IND-010,Хлебозаводы / пекарни / кондитерские производства,PAIN_X_INDUSTRY,мука просыпи,general,diagnostic,Отраслевая карточка,pain_x_industry,10
кто принимает пищевые отходы хлебозаводы / пекарни / кондитерские производства,industry,IND-010,Хлебозаводы / пекарни / кондитерские производства,PAIN_X_INDUSTRY,пищевые отходы,waste,diagnostic,Отраслевая карточка,pain_x_industry,10
кто принимает сточные воды хлебозаводы / пекарни / кондитерские производства,industry,IND-010,Хлебозаводы / пекарни / кондитерские производства,PAIN_X_INDUSTRY,сточные воды,water,diagnostic,Вода,pain_x_industry,10
кто принимает упаковка хлебозаводы / пекарни / кондитерские производства,industry,IND-010,Хлебозаводы / пекарни / кондитерские производства,PAIN_X_INDUSTRY,упаковка,waste,diagnostic,Отраслевая карточка,pain_x_industry,9
кто принимает фритюрное масло хлебозаводы / пекарни / кондитерские производства,industry,IND-010,Хлебозаводы / пекарни / кондитерские производства,PAIN_X_INDUSTRY,фритюрное масло,waste,diagnostic,Отраслевая карточка,pain_x_industry,10
куда девать жиры хлебозаводы / пекарни / кондитерские производства,industry,IND-010,Хлебозаводы / пекарни / кондитерские производства,PAIN_X_INDUSTRY,жиры,waste,diagnostic,Отраслевая карточка,pain_x_industry,9
куда девать мука просыпи хлебозаводы / пекарни / кондитерские производства,industry,IND-010,Хлебозаводы / пекарни / кондитерские производства,PAIN_X_INDUSTRY,мука просыпи,general,diagnostic,Отраслевая карточка,pain_x_industry,10
куда девать пищевые отходы хлебозаводы / пекарни / кондитерские производства,industry,IND-010,Хлебозаводы / пекарни / кондитерские производства,PAIN_X_INDUSTRY,пищевые отходы,waste,diagnostic,Отраслевая карточка,pain_x_industry,10
куда девать сточные воды хлебозаводы / пекарни / кондитерские производства,industry,IND-010,Хлебозаводы / пекарни / кондитерские производства,PAIN_X_INDUSTRY,сточные воды,water,diagnostic,Вода,pain_x_industry,10
куда девать упаковка хлебозаводы / пекарни / кондитерские производства,industry,IND-010,Хлебозаводы / пекарни / кондитерские производства,PAIN_X_INDUSTRY,упаковка,waste,diagnostic,Отраслевая карточка,pain_x_industry,9
куда девать фритюрное масло хлебозаводы / пекарни / кондитерские производства,industry,IND-010,Хлебозаводы / пекарни / кондитерские производства,PAIN_X_INDUSTRY,фритюрное масло,waste,diagnostic,Отраслевая карточка,pain_x_industry,10
куда сдавать жиры хлебозаводы / пекарни / кондитерские производства,industry,IND-010,Хлебозаводы / пекарни / кондитерские производства,PAIN_X_INDUSTRY,жиры,waste,diagnostic,Отраслевая карточка,pain_x_industry,9
куда сдавать мука просыпи хлебозаводы / пекарни / кондитерские производства,industry,IND-010,Хлебозаводы / пекарни / кондитерские производства,PAIN_X_INDUSTRY,мука просыпи,general,diagnostic,Отраслевая карточка,pain_x_industry,10
куда сдавать пищевые отходы хлебозаводы / пекарни / кондитерские производства,industry,IND-010,Хлебозаводы / пекарни / кондитерские производства,PAIN_X_INDUSTRY,пищевые отходы,waste,diagnostic,Отраслевая карточка,pain_x_industry,10
куда сдавать сточные воды хлебозаводы / пекарни / кондитерские производства,industry,IND-010,Хлебозаводы / пекарни / кондитерские производства,PAIN_X_INDUSTRY,сточные воды,water,diagnostic,Вода,pain_x_industry,10
куда сдавать упаковка хлебозаводы / пекарни / кондитерские производства,industry,IND-010,Хлебозаводы / пекарни / кондитерские производства,PAIN_X_INDUSTRY,упаковка,waste,diagnostic,Отраслевая карточка,pain_x_industry,9
куда сдавать фритюрное масло хлебозаводы / пекарни / кондитерские производства,industry,IND-010,Хлебозаводы / пекарни / кондитерские производства,PAIN_X_INDUSTRY,фритюрное масло,waste,diagnostic,Отраслевая карточка,pain_x_industry,10
мука просыпи для хлебозаводы / пекарни / кондитерские производства,industry,IND-010,Хлебозаводы / пекарни / кондитерские производства,PAIN_X_INDUSTRY,мука просыпи,general,mixed,Отраслевая карточка,pain_x_industry,9
мука просыпи на хлебозаводы / пекарни / кондитерские производства,industry,IND-010,Хлебозаводы / пекарни / кондитерские производства,PAIN_X_INDUSTRY,мука просыпи,general,mixed,Отраслевая карточка,pain_x_industry,9
мука просыпи хлебозаводы / пекарни / кондитерские производства,industry,IND-010,Хлебозаводы / пекарни / кондитерские производства,PAIN_X_INDUSTRY,мука просыпи,general,mixed,Отраслевая карточка,pain_x_industry,8
нужен ли договор на жиры хлебозаводы / пекарни / кондитерские производства,industry,IND-010,Хлебозаводы / пекарни / кондитерские производства,PAIN_X_INDUSTRY,жиры,waste,diagnostic,Отраслевая карточка,pain_x_industry,11
нужен ли договор на мука просыпи хлебозаводы / пекарни / кондитерские производства,industry,IND-010,Хлебозаводы / пекарни / кондитерские производства,PAIN_X_INDUSTRY,мука просыпи,general,diagnostic,Отраслевая карточка,pain_x_industry,12
нужен ли договор на пищевые отходы хлебозаводы / пекарни / кондитерские производства,industry,IND-010,Хлебозаводы / пекарни / кондитерские производства,PAIN_X_INDUSTRY,пищевые отходы,waste,diagnostic,Отраслевая карточка,pain_x_industry,12
нужен ли договор на сточные воды хлебозаводы / пекарни / кондитерские производства,industry,IND-010,Хлебозаводы / пекарни / кондитерские производства,PAIN_X_INDUSTRY,сточные воды,water,diagnostic,Вода,pain_x_industry,12
нужен ли договор на упаковка хлебозаводы / пекарни / кондитерские производства,industry,IND-010,Хлебозаводы / пекарни / кондитерские производства,PAIN_X_INDUSTRY,упаковка,waste,diagnostic,Отраслевая карточка,pain_x_industry,11
нужен ли договор на фритюрное масло хлебозаводы / пекарни / кондитерские производства,industry,IND-010,Хлебозаводы / пекарни / кондитерские производства,PAIN_X_INDUSTRY,фритюрное масло,waste,diagnostic,Отраслевая карточка,pain_x_industry,12
нужен ли паспорт на жиры хлебозаводы / пекарни / кондитерские производства,industry,IND-010,Хлебозаводы / пекарни / кондитерские производства,PAIN_X_INDUSTRY,жиры,waste,diagnostic,Отраслевая карточка,pain_x_industry,11
нужен ли паспорт на мука просыпи хлебозаводы / пекарни / кондитерские производства,industry,IND-010,Хлебозаводы / пекарни / кондитерские производства,PAIN_X_INDUSTRY,мука просыпи,general,diagnostic,Отраслевая карточка,pain_x_industry,12
нужен ли паспорт на пищевые отходы хлебозаводы / пекарни / кондитерские производства,industry,IND-010,Хлебозаводы / пекарни / кондитерские производства,PAIN_X_INDUSTRY,пищевые отходы,waste,diagnostic,Паспорта отходов,pain_x_industry,12
нужен ли паспорт на сточные воды хлебозаводы / пекарни / кондитерские производства,industry,IND-010,Хлебозаводы / пекарни / кондитерские производства,PAIN_X_INDUSTRY,сточные воды,water,diagnostic,Вода,pain_x_industry,12
нужен ли паспорт на упаковка хлебозаводы / пекарни / кондитерские производства,industry,IND-010,Хлебозаводы / пекарни / кондитерские производства,PAIN_X_INDUSTRY,упаковка,waste,diagnostic,Отраслевая карточка,pain_x_industry,11
нужен ли паспорт на фритюрное масло хлебозаводы / пекарни / кондитерские производства,industry,IND-010,Хлебозаводы / пекарни / кондитерские производства,PAIN_X_INDUSTRY,фритюрное масло,waste,diagnostic,Отраслевая карточка,pain_x_industry,12
пищевые отходы для хлебозаводы / пекарни / кондитерские производства,industry,IND-010,Хлебозаводы / пекарни / кондитерские производства,PAIN_X_INDUSTRY,пищевые отходы,waste,mixed,Отраслевая карточка,pain_x_industry,9
пищевые отходы на хлебозаводы / пекарни / кондитерские производства,industry,IND-010,Хлебозаводы / пекарни / кондитерские производства,PAIN_X_INDUSTRY,пищевые отходы,waste,mixed,Отраслевая карточка,pain_x_industry,9
пищевые отходы хлебозаводы / пекарни / кондитерские производства,industry,IND-010,Хлебозаводы / пекарни / кондитерские производства,PAIN_X_INDUSTRY,пищевые отходы,waste,mixed,Отраслевая карточка,pain_x_industry,8
сточные воды для хлебозаводы / пекарни / кондитерские производства,industry,IND-010,Хлебозаводы / пекарни / кондитерские производства,PAIN_X_INDUSTRY,сточные воды,water,mixed,Вода,pain_x_industry,9
сточные воды на хлебозаводы / пекарни / кондитерские производства,industry,IND-010,Хлебозаводы / пекарни / кондитерские производства,PAIN_X_INDUSTRY,сточные воды,water,mixed,Вода,pain_x_industry,9
упаковка для хлебозаводы / пекарни / кондитерские производства,industry,IND-010,Хлебозаводы / пекарни / кондитерские производства,PAIN_X_INDUSTRY,упаковка,waste,mixed,Отраслевая карточка,pain_x_industry,8
упаковка на хлебозаводы / пекарни / кондитерские производства,industry,IND-010,Хлебозаводы / пекарни / кондитерские производства,PAIN_X_INDUSTRY,упаковка,waste,mixed,Отраслевая карточка,pain_x_industry,8
упаковка хлебозаводы / пекарни / кондитерские производства,industry,IND-010,Хлебозаводы / пекарни / кондитерские производства,PAIN_X_INDUSTRY,упаковка,waste,mixed,Отраслевая карточка,pain_x_industry,7
утилизация жиры хлебозаводы / пекарни / кондитерские производства,industry,IND-010,Хлебозаводы / пекарни / кондитерские производства,PAIN_X_INDUSTRY,жиры,waste,commercial,Отраслевая карточка,pain_x_industry,8
утилизация мука просыпи хлебозаводы / пекарни / кондитерские производства,industry,IND-010,Хлебозаводы / пекарни / кондитерские производства,PAIN_X_INDUSTRY,мука просыпи,general,commercial,Отраслевая карточка,pain_x_industry,9
утилизация пищевые отходы хлебозаводы / пекарни / кондитерские производства,industry,IND-010,Хлебозаводы / пекарни / кондитерские производства,PAIN_X_INDUSTRY,пищевые отходы,waste,commercial,Отраслевая карточка,pain_x_industry,9
утилизация сточные воды хлебозаводы / пекарни / кондитерские производства,industry,IND-010,Хлебозаводы / пекарни / кондитерские производства,PAIN_X_INDUSTRY,сточные воды,water,commercial,Вода,pain_x_industry,9
утилизация упаковка хлебозаводы / пекарни / кондитерские производства,industry,IND-010,Хлебозаводы / пекарни / кондитерские производства,PAIN_X_INDUSTRY,упаковка,waste,commercial,Отраслевая карточка,pain_x_industry,8
утилизация фритюрное масло хлебозаводы / пекарни / кондитерские производства,industry,IND-010,Хлебозаводы / пекарни / кондитерские производства,PAIN_X_INDUSTRY,фритюрное масло,waste,commercial,Отраслевая карточка,pain_x_industry,9
фритюрное масло для хлебозаводы / пекарни / кондитерские производства,industry,IND-010,Хлебозаводы / пекарни / кондитерские производства,PAIN_X_INDUSTRY,фритюрное масло,waste,mixed,Отраслевая карточка,pain_x_industry,9
фритюрное масло на хлебозаводы / пекарни / кондитерские производства,industry,IND-010,Хлебозаводы / пекарни / кондитерские производства,PAIN_X_INDUSTRY,фритюрное масло,waste,mixed,Отраслевая карточка,pain_x_industry,9
фритюрное масло хлебозаводы / пекарни / кондитерские производства,industry,IND-010,Хлебозаводы / пекарни / кондитерские производства,PAIN_X_INDUSTRY,фритюрное масло,waste,mixed,Отраслевая карточка,pain_x_industry,8
цена утилизации жиры хлебозаводы / пекарни / кондитерские производства,industry,IND-010,Хлебозаводы / пекарни / кондитерские производства,PAIN_X_INDUSTRY,жиры,waste,commercial,Отраслевая карточка,pain_x_industry,9
цена утилизации мука просыпи хлебозаводы / пекарни / кондитерские производства,industry,IND-010,Хлебозаводы / пекарни / кондитерские производства,PAIN_X_INDUSTRY,мука просыпи,general,commercial,Отраслевая карточка,pain_x_industry,10
цена утилизации пищевые отходы хлебозаводы / пекарни / кондитерские производства,industry,IND-010,Хлебозаводы / пекарни / кондитерские производства,PAIN_X_INDUSTRY,пищевые отходы,waste,commercial,Отраслевая карточка,pain_x_industry,10
цена утилизации сточные воды хлебозаводы / пекарни / кондитерские производства,industry,IND-010,Хлебозаводы / пекарни / кондитерские производства,PAIN_X_INDUSTRY,сточные воды,water,commercial,Вода,pain_x_industry,10
цена утилизации упаковка хлебозаводы / пекарни / кондитерские производства,industry,IND-010,Хлебозаводы / пекарни / кондитерские производства,PAIN_X_INDUSTRY,упаковка,waste,commercial,Отраслевая карточка,pain_x_industry,9
цена утилизации фритюрное масло хлебозаводы / пекарни / кондитерские производства,industry,IND-010,Хлебозаводы / пекарни / кондитерские производства,PAIN_X_INDUSTRY,фритюрное масло,waste,commercial,Отраслевая карточка,pain_x_industry,10
что делать с жиры хлебозаводы / пекарни / кондитерские производства,industry,IND-010,Хлебозаводы / пекарни / кондитерские производства,PAIN_X_INDUSTRY,жиры,waste,diagnostic,Отраслевая карточка,pain_x_industry,10
что делать с мука просыпи хлебозаводы / пекарни / кондитерские производства,industry,IND-010,Хлебозаводы / пекарни / кондитерские производства,PAIN_X_INDUSTRY,мука просыпи,general,diagnostic,Отраслевая карточка,pain_x_industry,11
что делать с пищевые отходы хлебозаводы / пекарни / кондитерские производства,industry,IND-010,Хлебозаводы / пекарни / кондитерские производства,PAIN_X_INDUSTRY,пищевые отходы,waste,diagnostic,Отраслевая карточка,pain_x_industry,11
что делать с сточные воды хлебозаводы / пекарни / кондитерские производства,industry,IND-010,Хлебозаводы / пекарни / кондитерские производства,PAIN_X_INDUSTRY,сточные воды,water,diagnostic,Вода,pain_x_industry,11
что делать с упаковка хлебозаводы / пекарни / кондитерские производства,industry,IND-010,Хлебозаводы / пекарни / кондитерские производства,PAIN_X_INDUSTRY,упаковка,waste,diagnostic,Отраслевая карточка,pain_x_industry,10
что делать с фритюрное масло хлебозаводы / пекарни / кондитерские производства,industry,IND-010,Хлебозаводы / пекарни / кондитерские производства,PAIN_X_INDUSTRY,фритюрное масло,waste,diagnostic,Отраслевая карточка,pain_x_industry,11
2 тп отходы целлюлозно-бумажные производства,industry,IND-026,Целлюлозно-бумажные производства,INDUSTRY_DIRECT,,,mixed,Отходы / учёт и отчётность,industry_template,5
ПЭК целлюлозно-бумажные производства,industry,IND-026,Целлюлозно-бумажные производства,INDUSTRY_DIRECT,,,mixed,Отраслевая карточка,industry_template,3
выбросы целлюлозно-бумажные производства,industry,IND-026,Целлюлозно-бумажные производства,INDUSTRY_DIRECT,,,mixed,Воздух,industry_template,3
запуск целлюлозно-бумажные производства экологические документы,industry,IND-026,Целлюлозно-бумажные производства,INDUSTRY_DIRECT,,,urgent,Отраслевая карточка,industry_template,5
какая экологическая отчетность у целлюлозно-бумажные производства,industry,IND-026,Целлюлозно-бумажные производства,INDUSTRY_DIRECT,,,mixed,Отходы / учёт и отчётность,industry_template,6
какие требования по экологии целлюлозно-бумажные производства,industry,IND-026,Целлюлозно-бумажные производства,INDUSTRY_DIRECT,,,diagnostic,Отраслевая карточка,industry_template,6
какие экологические документы нужны целлюлозно-бумажные производства,industry,IND-026,Целлюлозно-бумажные производства,INDUSTRY_DIRECT,,,mixed,Отраслевая карточка,industry_template,6
категория НВОС целлюлозно-бумажные производства,industry,IND-026,Целлюлозно-бумажные производства,INDUSTRY_DIRECT,,,mixed,НВОС,industry_template,4
ливневые воды целлюлозно-бумажные производства,industry,IND-026,Целлюлозно-бумажные производства,INDUSTRY_DIRECT,,,mixed,Вода,industry_template,4
нужен ли эколог целлюлозно-бумажные производства,industry,IND-026,Целлюлозно-бумажные производства,INDUSTRY_DIRECT,,,diagnostic,Отраслевая карточка,industry_template,5
нужно ли ставить на учет НВОС целлюлозно-бумажные производства,industry,IND-026,Целлюлозно-бумажные производства,INDUSTRY_DIRECT,,,mixed,НВОС,industry_template,8
отходы целлюлозно-бумажные производства,industry,IND-026,Целлюлозно-бумажные производства,INDUSTRY_DIRECT,,,mixed,Отраслевая карточка,industry_template,3
очистные целлюлозно-бумажные производства,industry,IND-026,Целлюлозно-бумажные производства,INDUSTRY_DIRECT,,,mixed,Вода,industry_template,3
предписание экология целлюлозно-бумажные производства,industry,IND-026,Целлюлозно-бумажные производства,INDUSTRY_DIRECT,,,urgent,Отраслевая карточка,industry_template,4
проверка экология целлюлозно-бумажные производства,industry,IND-026,Целлюлозно-бумажные производства,INDUSTRY_DIRECT,,,urgent,Отраслевая карточка,industry_template,4
сточные воды целлюлозно-бумажные производства,industry,IND-026,Целлюлозно-бумажные производства,INDUSTRY_DIRECT,,,mixed,Вода,industry_template,4
учет отходов целлюлозно-бумажные производства,industry,IND-026,Целлюлозно-бумажные производства,INDUSTRY_DIRECT,,,mixed,Отходы / учёт и отчётность,industry_template,4
что нужно по экологии целлюлозно-бумажные производства,industry,IND-026,Целлюлозно-бумажные производства,INDUSTRY_DIRECT,,,mixed,Отраслевая карточка,industry_template,6
что сдавать по экологии целлюлозно-бумажные производства,industry,IND-026,Целлюлозно-бумажные производства,INDUSTRY_DIRECT,,,mixed,Отраслевая карточка,industry_template,6
штраф экология целлюлозно-бумажные производства,industry,IND-026,Целлюлозно-бумажные производства,INDUSTRY_DIRECT,,,urgent,Отраслевая карточка,industry_template,4
2 тп отходы энергетика / тэц / котельные,industry,IND-039,Энергетика / ТЭЦ / котельные,INDUSTRY_DIRECT,,,mixed,Отходы / учёт и отчётность,industry_template,8
ПЭК энергетика / тэц / котельные,industry,IND-039,Энергетика / ТЭЦ / котельные,INDUSTRY_DIRECT,,,mixed,Отраслевая карточка,industry_template,6
выбросы энергетика / тэц / котельные,industry,IND-039,Энергетика / ТЭЦ / котельные,INDUSTRY_DIRECT,,,mixed,Воздух,industry_template,6
запуск энергетика / тэц / котельные экологические документы,industry,IND-039,Энергетика / ТЭЦ / котельные,INDUSTRY_DIRECT,,,urgent,Отраслевая карточка,industry_template,8
какая экологическая отчетность у энергетика / тэц / котельные,industry,IND-039,Энергетика / ТЭЦ / котельные,INDUSTRY_DIRECT,,,mixed,Отходы / учёт и отчётность,industry_template,9
какие требования по экологии энергетика / тэц / котельные,industry,IND-039,Энергетика / ТЭЦ / котельные,INDUSTRY_DIRECT,,,diagnostic,Отраслевая карточка,industry_template,9
какие экологические документы нужны энергетика / тэц / котельные,industry,IND-039,Энергетика / ТЭЦ / котельные,INDUSTRY_DIRECT,,,mixed,Отраслевая карточка,industry_template,9
категория НВОС энергетика / тэц / котельные,industry,IND-039,Энергетика / ТЭЦ / котельные,INDUSTRY_DIRECT,,,mixed,НВОС,industry_template,7
ливневые воды энергетика / тэц / котельные,industry,IND-039,Энергетика / ТЭЦ / котельные,INDUSTRY_DIRECT,,,mixed,Вода,industry_template,7
нужен ли эколог энергетика / тэц / котельные,industry,IND-039,Энергетика / ТЭЦ / котельные,INDUSTRY_DIRECT,,,diagnostic,Отраслевая карточка,industry_template,8
нужно ли ставить на учет НВОС энергетика / тэц / котельные,industry,IND-039,Энергетика / ТЭЦ / котельные,INDUSTRY_DIRECT,,,mixed,НВОС,industry_template,11
отходы энергетика / тэц / котельные,industry,IND-039,Энергетика / ТЭЦ / котельные,INDUSTRY_DIRECT,,,mixed,Отраслевая карточка,industry_template,6
очистные энергетика / тэц / котельные,industry,IND-039,Энергетика / ТЭЦ / котельные,INDUSTRY_DIRECT,,,mixed,Вода,industry_template,6
предписание экология энергетика / тэц / котельные,industry,IND-039,Энергетика / ТЭЦ / котельные,INDUSTRY_DIRECT,,,urgent,Отраслевая карточка,industry_template,7
проверка экология энергетика / тэц / котельные,industry,IND-039,Энергетика / ТЭЦ / котельные,INDUSTRY_DIRECT,,,urgent,Отраслевая карточка,industry_template,7
сточные воды энергетика / тэц / котельные,industry,IND-039,Энергетика / ТЭЦ / котельные,INDUSTRY_DIRECT,,,mixed,Вода,industry_template,7
учет отходов энергетика / тэц / котельные,industry,IND-039,Энергетика / ТЭЦ / котельные,INDUSTRY_DIRECT,,,mixed,Отходы / учёт и отчётность,industry_template,7
что нужно по экологии энергетика / тэц / котельные,industry,IND-039,Энергетика / ТЭЦ / котельные,INDUSTRY_DIRECT,,,mixed,Отраслевая карточка,industry_template,9
что сдавать по экологии энергетика / тэц / котельные,industry,IND-039,Энергетика / ТЭЦ / котельные,INDUSTRY_DIRECT,,,mixed,Отраслевая карточка,industry_template,9
штраф экология энергетика / тэц / котельные,industry,IND-039,Энергетика / ТЭЦ / котельные,INDUSTRY_DIRECT,,,urgent,Отраслевая карточка,industry_template,7
вывоз МДФ отходы,material,МДФ отходы,МДФ отходы,MATERIAL_DISCOVERY,МДФ отходы,waste,commercial,Требует маршрутизации,material_action,3
как накапливать МДФ отходы,material,МДФ отходы,МДФ отходы,MATERIAL_DISCOVERY,МДФ отходы,waste,mixed,Требует маршрутизации,material_action,4
как учитывать МДФ отходы,material,МДФ отходы,МДФ отходы,MATERIAL_DISCOVERY,МДФ отходы,waste,diagnostic,Требует маршрутизации,material_action,4
как хранить МДФ отходы,material,МДФ отходы,МДФ отходы,MATERIAL_DISCOVERY,МДФ отходы,waste,diagnostic,Требует маршрутизации,material_action,4
какой класс опасности МДФ отходы,material,МДФ отходы,МДФ отходы,MATERIAL_DISCOVERY,МДФ отходы,waste,mixed,Требует маршрутизации,material_action,5
кто забирает МДФ отходы,material,МДФ отходы,МДФ отходы,MATERIAL_DISCOVERY,МДФ отходы,waste,mixed,Требует маршрутизации,material_action,4
кто принимает МДФ отходы,material,МДФ отходы,МДФ отходы,MATERIAL_DISCOVERY,МДФ отходы,waste,diagnostic,Требует маршрутизации,material_action,4
куда девать МДФ отходы,material,МДФ отходы,МДФ отходы,MATERIAL_DISCOVERY,МДФ отходы,waste,diagnostic,Требует маршрутизации,material_action,4
куда передавать МДФ отходы,material,МДФ отходы,МДФ отходы,MATERIAL_DISCOVERY,МДФ отходы,waste,diagnostic,Требует маршрутизации,material_action,4
куда сдавать МДФ отходы,material,МДФ отходы,МДФ отходы,MATERIAL_DISCOVERY,МДФ отходы,waste,diagnostic,Требует маршрутизации,material_action,4
можно ли выбрасывать МДФ отходы,material,МДФ отходы,МДФ отходы,MATERIAL_DISCOVERY,МДФ отходы,waste,mixed,Требует маршрутизации,material_action,5
можно ли хранить МДФ отходы на улице,material,МДФ отходы,МДФ отходы,MATERIAL_DISCOVERY,МДФ отходы,waste,mixed,Требует маршрутизации,material_action,7
нужен ли договор на МДФ отходы,material,МДФ отходы,МДФ отходы,MATERIAL_DISCOVERY,МДФ отходы,waste,diagnostic,Требует маршрутизации,material_action,6
нужен ли паспорт на МДФ отходы,material,МДФ отходы,МДФ отходы,MATERIAL_DISCOVERY,МДФ отходы,waste,diagnostic,Паспорта отходов,material_action,6
обезвреживание МДФ отходы,material,МДФ отходы,МДФ отходы,MATERIAL_DISCOVERY,МДФ отходы,waste,commercial,Требует маршрутизации,material_action,3
переработка МДФ отходы,material,МДФ отходы,МДФ отходы,MATERIAL_DISCOVERY,МДФ отходы,waste,mixed,Требует маршрутизации,material_action,3
прием МДФ отходы,material,МДФ отходы,МДФ отходы,MATERIAL_DISCOVERY,МДФ отходы,waste,mixed,Требует маршрутизации,material_action,3
размещение МДФ отходы,material,МДФ отходы,МДФ отходы,MATERIAL_DISCOVERY,МДФ отходы,waste,commercial,Требует маршрутизации,material_action,3
стоимость утилизации МДФ отходы,material,МДФ отходы,МДФ отходы,MATERIAL_DISCOVERY,МДФ отходы,waste,commercial,Требует маршрутизации,material_action,4
утилизация МДФ отходы,material,МДФ отходы,МДФ отходы,MATERIAL_DISCOVERY,МДФ отходы,waste,commercial,Требует маршрутизации,material_action,3
цена вывоза МДФ отходы,material,МДФ отходы,МДФ отходы,MATERIAL_DISCOVERY,МДФ отходы,waste,commercial,Требует маршрутизации,material_action,4
что делать с МДФ отходы,material,МДФ отходы,МДФ отходы,MATERIAL_DISCOVERY,МДФ отходы,waste,diagnostic,Требует маршрутизации,material_action,5
вывоз ПВД пленка,material,ПВД пленка,ПВД пленка,MATERIAL_DISCOVERY,ПВД пленка,waste,commercial,Требует маршрутизации,material_action,3
как накапливать ПВД пленка,material,ПВД пленка,ПВД пленка,MATERIAL_DISCOVERY,ПВД пленка,waste,mixed,Требует маршрутизации,material_action,4
как учитывать ПВД пленка,material,ПВД пленка,ПВД пленка,MATERIAL_DISCOVERY,ПВД пленка,waste,diagnostic,Требует маршрутизации,material_action,4
как хранить ПВД пленка,material,ПВД пленка,ПВД пленка,MATERIAL_DISCOVERY,ПВД пленка,waste,diagnostic,Требует маршрутизации,material_action,4
какой класс опасности ПВД пленка,material,ПВД пленка,ПВД пленка,MATERIAL_DISCOVERY,ПВД пленка,waste,mixed,Требует маршрутизации,material_action,5
кто забирает ПВД пленка,material,ПВД пленка,ПВД пленка,MATERIAL_DISCOVERY,ПВД пленка,waste,mixed,Требует маршрутизации,material_action,4
кто принимает ПВД пленка,material,ПВД пленка,ПВД пленка,MATERIAL_DISCOVERY,ПВД пленка,waste,diagnostic,Требует маршрутизации,material_action,4
куда девать ПВД пленка,material,ПВД пленка,ПВД пленка,MATERIAL_DISCOVERY,ПВД пленка,waste,diagnostic,Требует маршрутизации,material_action,4
куда передавать ПВД пленка,material,ПВД пленка,ПВД пленка,MATERIAL_DISCOVERY,ПВД пленка,waste,diagnostic,Требует маршрутизации,material_action,4
куда сдавать ПВД пленка,material,ПВД пленка,ПВД пленка,MATERIAL_DISCOVERY,ПВД пленка,waste,diagnostic,Требует маршрутизации,material_action,4
можно ли выбрасывать ПВД пленка,material,ПВД пленка,ПВД пленка,MATERIAL_DISCOVERY,ПВД пленка,waste,mixed,Требует маршрутизации,material_action,5
можно ли хранить ПВД пленка на улице,material,ПВД пленка,ПВД пленка,MATERIAL_DISCOVERY,ПВД пленка,waste,mixed,Требует маршрутизации,material_action,7
нужен ли договор на ПВД пленка,material,ПВД пленка,ПВД пленка,MATERIAL_DISCOVERY,ПВД пленка,waste,diagnostic,Требует маршрутизации,material_action,6
нужен ли паспорт на ПВД пленка,material,ПВД пленка,ПВД пленка,MATERIAL_DISCOVERY,ПВД пленка,waste,diagnostic,Требует маршрутизации,material_action,6
обезвреживание ПВД пленка,material,ПВД пленка,ПВД пленка,MATERIAL_DISCOVERY,ПВД пленка,waste,commercial,Требует маршрутизации,material_action,3
переработка ПВД пленка,material,ПВД пленка,ПВД пленка,MATERIAL_DISCOVERY,ПВД пленка,waste,mixed,Требует маршрутизации,material_action,3
прием ПВД пленка,material,ПВД пленка,ПВД пленка,MATERIAL_DISCOVERY,ПВД пленка,waste,mixed,Требует маршрутизации,material_action,3
размещение ПВД пленка,material,ПВД пленка,ПВД пленка,MATERIAL_DISCOVERY,ПВД пленка,waste,commercial,Требует маршрутизации,material_action,3
стоимость утилизации ПВД пленка,material,ПВД пленка,ПВД пленка,MATERIAL_DISCOVERY,ПВД пленка,waste,commercial,Требует маршрутизации,material_action,4
утилизация ПВД пленка,material,ПВД пленка,ПВД пленка,MATERIAL_DISCOVERY,ПВД пленка,waste,commercial,Требует маршрутизации,material_action,3
цена вывоза ПВД пленка,material,ПВД пленка,ПВД пленка,MATERIAL_DISCOVERY,ПВД пленка,waste,commercial,Требует маршрутизации,material_action,4
что делать с ПВД пленка,material,ПВД пленка,ПВД пленка,MATERIAL_DISCOVERY,ПВД пленка,waste,diagnostic,Требует маршрутизации,material_action,5
вывоз ПНД пленка,material,ПНД пленка,ПНД пленка,MATERIAL_DISCOVERY,ПНД пленка,waste,commercial,Требует маршрутизации,material_action,3
как накапливать ПНД пленка,material,ПНД пленка,ПНД пленка,MATERIAL_DISCOVERY,ПНД пленка,waste,mixed,Требует маршрутизации,material_action,4
как учитывать ПНД пленка,material,ПНД пленка,ПНД пленка,MATERIAL_DISCOVERY,ПНД пленка,waste,diagnostic,Требует маршрутизации,material_action,4
как хранить ПНД пленка,material,ПНД пленка,ПНД пленка,MATERIAL_DISCOVERY,ПНД пленка,waste,diagnostic,Требует маршрутизации,material_action,4
какой класс опасности ПНД пленка,material,ПНД пленка,ПНД пленка,MATERIAL_DISCOVERY,ПНД пленка,waste,mixed,Требует маршрутизации,material_action,5
кто забирает ПНД пленка,material,ПНД пленка,ПНД пленка,MATERIAL_DISCOVERY,ПНД пленка,waste,mixed,Требует маршрутизации,material_action,4
кто принимает ПНД пленка,material,ПНД пленка,ПНД пленка,MATERIAL_DISCOVERY,ПНД пленка,waste,diagnostic,Требует маршрутизации,material_action,4
куда девать ПНД пленка,material,ПНД пленка,ПНД пленка,MATERIAL_DISCOVERY,ПНД пленка,waste,diagnostic,Требует маршрутизации,material_action,4
куда передавать ПНД пленка,material,ПНД пленка,ПНД пленка,MATERIAL_DISCOVERY,ПНД пленка,waste,diagnostic,Требует маршрутизации,material_action,4
куда сдавать ПНД пленка,material,ПНД пленка,ПНД пленка,MATERIAL_DISCOVERY,ПНД пленка,waste,diagnostic,Требует маршрутизации,material_action,4
можно ли выбрасывать ПНД пленка,material,ПНД пленка,ПНД пленка,MATERIAL_DISCOVERY,ПНД пленка,waste,mixed,Требует маршрутизации,material_action,5
можно ли хранить ПНД пленка на улице,material,ПНД пленка,ПНД пленка,MATERIAL_DISCOVERY,ПНД пленка,waste,mixed,Требует маршрутизации,material_action,7
нужен ли договор на ПНД пленка,material,ПНД пленка,ПНД пленка,MATERIAL_DISCOVERY,ПНД пленка,waste,diagnostic,Требует маршрутизации,material_action,6
нужен ли паспорт на ПНД пленка,material,ПНД пленка,ПНД пленка,MATERIAL_DISCOVERY,ПНД пленка,waste,diagnostic,Требует маршрутизации,material_action,6
обезвреживание ПНД пленка,material,ПНД пленка,ПНД пленка,MATERIAL_DISCOVERY,ПНД пленка,waste,commercial,Требует маршрутизации,material_action,3
переработка ПНД пленка,material,ПНД пленка,ПНД пленка,MATERIAL_DISCOVERY,ПНД пленка,waste,mixed,Требует маршрутизации,material_action,3
прием ПНД пленка,material,ПНД пленка,ПНД пленка,MATERIAL_DISCOVERY,ПНД пленка,waste,mixed,Требует маршрутизации,material_action,3
размещение ПНД пленка,material,ПНД пленка,ПНД пленка,MATERIAL_DISCOVERY,ПНД пленка,waste,commercial,Требует маршрутизации,material_action,3
стоимость утилизации ПНД пленка,material,ПНД пленка,ПНД пленка,MATERIAL_DISCOVERY,ПНД пленка,waste,commercial,Требует маршрутизации,material_action,4
утилизация ПНД пленка,material,ПНД пленка,ПНД пленка,MATERIAL_DISCOVERY,ПНД пленка,waste,commercial,Требует маршрутизации,material_action,3
цена вывоза ПНД пленка,material,ПНД пленка,ПНД пленка,MATERIAL_DISCOVERY,ПНД пленка,waste,commercial,Требует маршрутизации,material_action,4
что делать с ПНД пленка,material,ПНД пленка,ПНД пленка,MATERIAL_DISCOVERY,ПНД пленка,waste,diagnostic,Требует маршрутизации,material_action,5
вывоз ПЭТ бутылки,material,ПЭТ бутылки,ПЭТ бутылки,MATERIAL_DISCOVERY,ПЭТ бутылки,waste,commercial,Требует маршрутизации,material_action,3
как накапливать ПЭТ бутылки,material,ПЭТ бутылки,ПЭТ бутылки,MATERIAL_DISCOVERY,ПЭТ бутылки,waste,mixed,Требует маршрутизации,material_action,4
как учитывать ПЭТ бутылки,material,ПЭТ бутылки,ПЭТ бутылки,MATERIAL_DISCOVERY,ПЭТ бутылки,waste,diagnostic,Требует маршрутизации,material_action,4
как хранить ПЭТ бутылки,material,ПЭТ бутылки,ПЭТ бутылки,MATERIAL_DISCOVERY,ПЭТ бутылки,waste,diagnostic,Требует маршрутизации,material_action,4
какой класс опасности ПЭТ бутылки,material,ПЭТ бутылки,ПЭТ бутылки,MATERIAL_DISCOVERY,ПЭТ бутылки,waste,mixed,Требует маршрутизации,material_action,5
кто забирает ПЭТ бутылки,material,ПЭТ бутылки,ПЭТ бутылки,MATERIAL_DISCOVERY,ПЭТ бутылки,waste,mixed,Требует маршрутизации,material_action,4
кто принимает ПЭТ бутылки,material,ПЭТ бутылки,ПЭТ бутылки,MATERIAL_DISCOVERY,ПЭТ бутылки,waste,diagnostic,Требует маршрутизации,material_action,4
куда девать ПЭТ бутылки,material,ПЭТ бутылки,ПЭТ бутылки,MATERIAL_DISCOVERY,ПЭТ бутылки,waste,diagnostic,Требует маршрутизации,material_action,4
куда передавать ПЭТ бутылки,material,ПЭТ бутылки,ПЭТ бутылки,MATERIAL_DISCOVERY,ПЭТ бутылки,waste,diagnostic,Требует маршрутизации,material_action,4
куда сдавать ПЭТ бутылки,material,ПЭТ бутылки,ПЭТ бутылки,MATERIAL_DISCOVERY,ПЭТ бутылки,waste,diagnostic,Требует маршрутизации,material_action,4
можно ли выбрасывать ПЭТ бутылки,material,ПЭТ бутылки,ПЭТ бутылки,MATERIAL_DISCOVERY,ПЭТ бутылки,waste,mixed,Требует маршрутизации,material_action,5
можно ли хранить ПЭТ бутылки на улице,material,ПЭТ бутылки,ПЭТ бутылки,MATERIAL_DISCOVERY,ПЭТ бутылки,waste,mixed,Требует маршрутизации,material_action,7
нужен ли договор на ПЭТ бутылки,material,ПЭТ бутылки,ПЭТ бутылки,MATERIAL_DISCOVERY,ПЭТ бутылки,waste,diagnostic,Требует маршрутизации,material_action,6
нужен ли паспорт на ПЭТ бутылки,material,ПЭТ бутылки,ПЭТ бутылки,MATERIAL_DISCOVERY,ПЭТ бутылки,waste,diagnostic,Требует маршрутизации,material_action,6
обезвреживание ПЭТ бутылки,material,ПЭТ бутылки,ПЭТ бутылки,MATERIAL_DISCOVERY,ПЭТ бутылки,waste,commercial,Требует маршрутизации,material_action,3
переработка ПЭТ бутылки,material,ПЭТ бутылки,ПЭТ бутылки,MATERIAL_DISCOVERY,ПЭТ бутылки,waste,mixed,Требует маршрутизации,material_action,3
прием ПЭТ бутылки,material,ПЭТ бутылки,ПЭТ бутылки,MATERIAL_DISCOVERY,ПЭТ бутылки,waste,mixed,Требует маршрутизации,material_action,3
размещение ПЭТ бутылки,material,ПЭТ бутылки,ПЭТ бутылки,MATERIAL_DISCOVERY,ПЭТ бутылки,waste,commercial,Требует маршрутизации,material_action,3
стоимость утилизации ПЭТ бутылки,material,ПЭТ бутылки,ПЭТ бутылки,MATERIAL_DISCOVERY,ПЭТ бутылки,waste,commercial,Требует маршрутизации,material_action,4
утилизация ПЭТ бутылки,material,ПЭТ бутылки,ПЭТ бутылки,MATERIAL_DISCOVERY,ПЭТ бутылки,waste,commercial,Требует маршрутизации,material_action,3
цена вывоза ПЭТ бутылки,material,ПЭТ бутылки,ПЭТ бутылки,MATERIAL_DISCOVERY,ПЭТ бутылки,waste,commercial,Требует маршрутизации,material_action,4
что делать с ПЭТ бутылки,material,ПЭТ бутылки,ПЭТ бутылки,MATERIAL_DISCOVERY,ПЭТ бутылки,waste,diagnostic,Требует маршрутизации,material_action,5
вывоз СОЖ,material,СОЖ,СОЖ,MATERIAL_DISCOVERY,СОЖ,waste,commercial,Требует маршрутизации,material_action,2
как накапливать СОЖ,material,СОЖ,СОЖ,MATERIAL_DISCOVERY,СОЖ,waste,mixed,Требует маршрутизации,material_action,3
как учитывать СОЖ,material,СОЖ,СОЖ,MATERIAL_DISCOVERY,СОЖ,waste,diagnostic,Требует маршрутизации,material_action,3
как хранить СОЖ,material,СОЖ,СОЖ,MATERIAL_DISCOVERY,СОЖ,waste,diagnostic,Требует маршрутизации,material_action,3
какой класс опасности СОЖ,material,СОЖ,СОЖ,MATERIAL_DISCOVERY,СОЖ,waste,mixed,Требует маршрутизации,material_action,4
кто забирает СОЖ,material,СОЖ,СОЖ,MATERIAL_DISCOVERY,СОЖ,waste,mixed,Требует маршрутизации,material_action,3
кто принимает СОЖ,material,СОЖ,СОЖ,MATERIAL_DISCOVERY,СОЖ,waste,diagnostic,Требует маршрутизации,material_action,3
куда девать СОЖ,material,СОЖ,СОЖ,MATERIAL_DISCOVERY,СОЖ,waste,diagnostic,Требует маршрутизации,material_action,3
куда передавать СОЖ,material,СОЖ,СОЖ,MATERIAL_DISCOVERY,СОЖ,waste,diagnostic,Требует маршрутизации,material_action,3
куда сдавать СОЖ,material,СОЖ,СОЖ,MATERIAL_DISCOVERY,СОЖ,waste,diagnostic,Требует маршрутизации,material_action,3
можно ли выбрасывать СОЖ,material,СОЖ,СОЖ,MATERIAL_DISCOVERY,СОЖ,waste,mixed,Требует маршрутизации,material_action,4
можно ли хранить СОЖ на улице,material,СОЖ,СОЖ,MATERIAL_DISCOVERY,СОЖ,waste,mixed,Требует маршрутизации,material_action,6
нужен ли договор на СОЖ,material,СОЖ,СОЖ,MATERIAL_DISCOVERY,СОЖ,waste,diagnostic,Требует маршрутизации,material_action,5
нужен ли паспорт на СОЖ,material,СОЖ,СОЖ,MATERIAL_DISCOVERY,СОЖ,waste,diagnostic,Требует маршрутизации,material_action,5
обезвреживание СОЖ,material,СОЖ,СОЖ,MATERIAL_DISCOVERY,СОЖ,waste,commercial,Требует маршрутизации,material_action,2
переработка СОЖ,material,СОЖ,СОЖ,MATERIAL_DISCOVERY,СОЖ,waste,mixed,Требует маршрутизации,material_action,2
прием СОЖ,material,СОЖ,СОЖ,MATERIAL_DISCOVERY,СОЖ,waste,mixed,Требует маршрутизации,material_action,2
размещение СОЖ,material,СОЖ,СОЖ,MATERIAL_DISCOVERY,СОЖ,waste,commercial,Требует маршрутизации,material_action,2
стоимость утилизации СОЖ,material,СОЖ,СОЖ,MATERIAL_DISCOVERY,СОЖ,waste,commercial,Требует маршрутизации,material_action,3
утилизация СОЖ,material,СОЖ,СОЖ,MATERIAL_DISCOVERY,СОЖ,waste,commercial,Требует маршрутизации,material_action,2
цена вывоза СОЖ,material,СОЖ,СОЖ,MATERIAL_DISCOVERY,СОЖ,waste,commercial,Требует маршрутизации,material_action,3
что делать с СОЖ,material,СОЖ,СОЖ,MATERIAL_DISCOVERY,СОЖ,waste,diagnostic,Требует маршрутизации,material_action,4
вывоз аккумуляторы,material,аккумуляторы,аккумуляторы,MATERIAL_DISCOVERY,аккумуляторы,waste,commercial,Требует маршрутизации,material_action,2
как накапливать аккумуляторы,material,аккумуляторы,аккумуляторы,MATERIAL_DISCOVERY,аккумуляторы,waste,mixed,Требует маршрутизации,material_action,3
как учитывать аккумуляторы,material,аккумуляторы,аккумуляторы,MATERIAL_DISCOVERY,аккумуляторы,waste,diagnostic,Требует маршрутизации,material_action,3
как хранить аккумуляторы,material,аккумуляторы,аккумуляторы,MATERIAL_DISCOVERY,аккумуляторы,waste,diagnostic,Требует маршрутизации,material_action,3
какой класс опасности аккумуляторы,material,аккумуляторы,аккумуляторы,MATERIAL_DISCOVERY,аккумуляторы,waste,mixed,Требует маршрутизации,material_action,4
кто забирает аккумуляторы,material,аккумуляторы,аккумуляторы,MATERIAL_DISCOVERY,аккумуляторы,waste,mixed,Требует маршрутизации,material_action,3
кто принимает аккумуляторы,material,аккумуляторы,аккумуляторы,MATERIAL_DISCOVERY,аккумуляторы,waste,diagnostic,Требует маршрутизации,material_action,3
куда девать аккумуляторы,material,аккумуляторы,аккумуляторы,MATERIAL_DISCOVERY,аккумуляторы,waste,diagnostic,Требует маршрутизации,material_action,3
куда передавать аккумуляторы,material,аккумуляторы,аккумуляторы,MATERIAL_DISCOVERY,аккумуляторы,waste,diagnostic,Требует маршрутизации,material_action,3
куда сдавать аккумуляторы,material,аккумуляторы,аккумуляторы,MATERIAL_DISCOVERY,аккумуляторы,waste,diagnostic,Требует маршрутизации,material_action,3
можно ли выбрасывать аккумуляторы,material,аккумуляторы,аккумуляторы,MATERIAL_DISCOVERY,аккумуляторы,waste,mixed,Требует маршрутизации,material_action,4
можно ли хранить аккумуляторы на улице,material,аккумуляторы,аккумуляторы,MATERIAL_DISCOVERY,аккумуляторы,waste,mixed,Требует маршрутизации,material_action,6
нужен ли договор на аккумуляторы,material,аккумуляторы,аккумуляторы,MATERIAL_DISCOVERY,аккумуляторы,waste,diagnostic,Требует маршрутизации,material_action,5
нужен ли паспорт на аккумуляторы,material,аккумуляторы,аккумуляторы,MATERIAL_DISCOVERY,аккумуляторы,waste,diagnostic,Требует маршрутизации,material_action,5
обезвреживание аккумуляторы,material,аккумуляторы,аккумуляторы,MATERIAL_DISCOVERY,аккумуляторы,waste,commercial,Требует маршрутизации,material_action,2
переработка аккумуляторы,material,аккумуляторы,аккумуляторы,MATERIAL_DISCOVERY,аккумуляторы,waste,mixed,Требует маршрутизации,material_action,2
прием аккумуляторы,material,аккумуляторы,аккумуляторы,MATERIAL_DISCOVERY,аккумуляторы,waste,mixed,Требует маршрутизации,material_action,2
размещение аккумуляторы,material,аккумуляторы,аккумуляторы,MATERIAL_DISCOVERY,аккумуляторы,waste,commercial,Требует маршрутизации,material_action,2
стоимость утилизации аккумуляторы,material,аккумуляторы,аккумуляторы,MATERIAL_DISCOVERY,аккумуляторы,waste,commercial,Требует маршрутизации,material_action,3
утилизация аккумуляторы,material,аккумуляторы,аккумуляторы,MATERIAL_DISCOVERY,аккумуляторы,waste,commercial,Требует маршрутизации,material_action,2
цена вывоза аккумуляторы,material,аккумуляторы,аккумуляторы,MATERIAL_DISCOVERY,аккумуляторы,waste,commercial,Требует маршрутизации,material_action,3
что делать с аккумуляторы,material,аккумуляторы,аккумуляторы,MATERIAL_DISCOVERY,аккумуляторы,waste,diagnostic,Требует маршрутизации,material_action,4
вывоз антифриз,material,антифриз,антифриз,MATERIAL_DISCOVERY,антифриз,waste,commercial,Требует маршрутизации,material_action,2
как накапливать антифриз,material,антифриз,антифриз,MATERIAL_DISCOVERY,антифриз,waste,mixed,Требует маршрутизации,material_action,3
как учитывать антифриз,material,антифриз,антифриз,MATERIAL_DISCOVERY,антифриз,waste,diagnostic,Требует маршрутизации,material_action,3
как хранить антифриз,material,антифриз,антифриз,MATERIAL_DISCOVERY,антифриз,waste,diagnostic,Требует маршрутизации,material_action,3
какой класс опасности антифриз,material,антифриз,антифриз,MATERIAL_DISCOVERY,антифриз,waste,mixed,Требует маршрутизации,material_action,4
кто забирает антифриз,material,антифриз,антифриз,MATERIAL_DISCOVERY,антифриз,waste,mixed,Требует маршрутизации,material_action,3
кто принимает антифриз,material,антифриз,антифриз,MATERIAL_DISCOVERY,антифриз,waste,diagnostic,Требует маршрутизации,material_action,3
куда девать антифриз,material,антифриз,антифриз,MATERIAL_DISCOVERY,антифриз,waste,diagnostic,Требует маршрутизации,material_action,3
куда передавать антифриз,material,антифриз,антифриз,MATERIAL_DISCOVERY,антифриз,waste,diagnostic,Требует маршрутизации,material_action,3
куда сдавать антифриз,material,антифриз,антифриз,MATERIAL_DISCOVERY,антифриз,waste,diagnostic,Требует маршрутизации,material_action,3
можно ли выбрасывать антифриз,material,антифриз,антифриз,MATERIAL_DISCOVERY,антифриз,waste,mixed,Требует маршрутизации,material_action,4
можно ли хранить антифриз на улице,material,антифриз,антифриз,MATERIAL_DISCOVERY,антифриз,waste,mixed,Требует маршрутизации,material_action,6
нужен ли договор на антифриз,material,антифриз,антифриз,MATERIAL_DISCOVERY,антифриз,waste,diagnostic,Требует маршрутизации,material_action,5
нужен ли паспорт на антифриз,material,антифриз,антифриз,MATERIAL_DISCOVERY,антифриз,waste,diagnostic,Требует маршрутизации,material_action,5
обезвреживание антифриз,material,антифриз,антифриз,MATERIAL_DISCOVERY,антифриз,waste,commercial,Требует маршрутизации,material_action,2
переработка антифриз,material,антифриз,антифриз,MATERIAL_DISCOVERY,антифриз,waste,mixed,Требует маршрутизации,material_action,2
прием антифриз,material,антифриз,антифриз,MATERIAL_DISCOVERY,антифриз,waste,mixed,Требует маршрутизации,material_action,2
размещение антифриз,material,антифриз,антифриз,MATERIAL_DISCOVERY,антифриз,waste,commercial,Требует маршрутизации,material_action,2
стоимость утилизации антифриз,material,антифриз,антифриз,MATERIAL_DISCOVERY,антифриз,waste,commercial,Требует маршрутизации,material_action,3
утилизация антифриз,material,антифриз,антифриз,MATERIAL_DISCOVERY,антифриз,waste,commercial,Требует маршрутизации,material_action,2
цена вывоза антифриз,material,антифриз,антифриз,MATERIAL_DISCOVERY,антифриз,waste,commercial,Требует маршрутизации,material_action,3
что делать с антифриз,material,антифриз,антифриз,MATERIAL_DISCOVERY,антифриз,waste,diagnostic,Требует маршрутизации,material_action,4
вывоз бетонный лом,material,бетонный лом,бетонный лом,MATERIAL_DISCOVERY,бетонный лом,waste,commercial,Требует маршрутизации,material_action,3
как накапливать бетонный лом,material,бетонный лом,бетонный лом,MATERIAL_DISCOVERY,бетонный лом,waste,mixed,Требует маршрутизации,material_action,4
как учитывать бетонный лом,material,бетонный лом,бетонный лом,MATERIAL_DISCOVERY,бетонный лом,waste,diagnostic,Требует маршрутизации,material_action,4
как хранить бетонный лом,material,бетонный лом,бетонный лом,MATERIAL_DISCOVERY,бетонный лом,waste,diagnostic,Требует маршрутизации,material_action,4
какой класс опасности бетонный лом,material,бетонный лом,бетонный лом,MATERIAL_DISCOVERY,бетонный лом,waste,mixed,Требует маршрутизации,material_action,5
кто забирает бетонный лом,material,бетонный лом,бетонный лом,MATERIAL_DISCOVERY,бетонный лом,waste,mixed,Требует маршрутизации,material_action,4
кто принимает бетонный лом,material,бетонный лом,бетонный лом,MATERIAL_DISCOVERY,бетонный лом,waste,diagnostic,Требует маршрутизации,material_action,4
куда девать бетонный лом,material,бетонный лом,бетонный лом,MATERIAL_DISCOVERY,бетонный лом,waste,diagnostic,Требует маршрутизации,material_action,4
куда передавать бетонный лом,material,бетонный лом,бетонный лом,MATERIAL_DISCOVERY,бетонный лом,waste,diagnostic,Требует маршрутизации,material_action,4
куда сдавать бетонный лом,material,бетонный лом,бетонный лом,MATERIAL_DISCOVERY,бетонный лом,waste,diagnostic,Требует маршрутизации,material_action,4
можно ли выбрасывать бетонный лом,material,бетонный лом,бетонный лом,MATERIAL_DISCOVERY,бетонный лом,waste,mixed,Требует маршрутизации,material_action,5
можно ли хранить бетонный лом на улице,material,бетонный лом,бетонный лом,MATERIAL_DISCOVERY,бетонный лом,waste,mixed,Требует маршрутизации,material_action,7
нужен ли договор на бетонный лом,material,бетонный лом,бетонный лом,MATERIAL_DISCOVERY,бетонный лом,waste,diagnostic,Требует маршрутизации,material_action,6
нужен ли паспорт на бетонный лом,material,бетонный лом,бетонный лом,MATERIAL_DISCOVERY,бетонный лом,waste,diagnostic,Требует маршрутизации,material_action,6
обезвреживание бетонный лом,material,бетонный лом,бетонный лом,MATERIAL_DISCOVERY,бетонный лом,waste,commercial,Требует маршрутизации,material_action,3
переработка бетонный лом,material,бетонный лом,бетонный лом,MATERIAL_DISCOVERY,бетонный лом,waste,mixed,Требует маршрутизации,material_action,3
прием бетонный лом,material,бетонный лом,бетонный лом,MATERIAL_DISCOVERY,бетонный лом,waste,mixed,Требует маршрутизации,material_action,3
размещение бетонный лом,material,бетонный лом,бетонный лом,MATERIAL_DISCOVERY,бетонный лом,waste,commercial,Требует маршрутизации,material_action,3
стоимость утилизации бетонный лом,material,бетонный лом,бетонный лом,MATERIAL_DISCOVERY,бетонный лом,waste,commercial,Требует маршрутизации,material_action,4
утилизация бетонный лом,material,бетонный лом,бетонный лом,MATERIAL_DISCOVERY,бетонный лом,waste,commercial,Требует маршрутизации,material_action,3
цена вывоза бетонный лом,material,бетонный лом,бетонный лом,MATERIAL_DISCOVERY,бетонный лом,waste,commercial,Требует маршрутизации,material_action,4
что делать с бетонный лом,material,бетонный лом,бетонный лом,MATERIAL_DISCOVERY,бетонный лом,waste,diagnostic,Требует маршрутизации,material_action,5
как учитывать биг-бэги,material,биг-бэги,биг-бэги,MATERIAL_DISCOVERY,биг-бэги,general,diagnostic,Требует маршрутизации,material_action,3
нужны ли документы на биг-бэги,material,биг-бэги,биг-бэги,MATERIAL_DISCOVERY,биг-бэги,general,mixed,Требует маршрутизации,material_action,5
требования к биг-бэги,material,биг-бэги,биг-бэги,MATERIAL_DISCOVERY,биг-бэги,general,mixed,Требует маршрутизации,material_action,3
что делать с биг-бэги,material,биг-бэги,биг-бэги,MATERIAL_DISCOVERY,биг-бэги,general,diagnostic,Требует маршрутизации,material_action,4
как учитывать бой кирпича,material,бой кирпича,бой кирпича,MATERIAL_DISCOVERY,бой кирпича,general,diagnostic,Требует маршрутизации,material_action,4
нужны ли документы на бой кирпича,material,бой кирпича,бой кирпича,MATERIAL_DISCOVERY,бой кирпича,general,mixed,Требует маршрутизации,material_action,6
требования к бой кирпича,material,бой кирпича,бой кирпича,MATERIAL_DISCOVERY,бой кирпича,general,mixed,Требует маршрутизации,material_action,4
что делать с бой кирпича,material,бой кирпича,бой кирпича,MATERIAL_DISCOVERY,бой кирпича,general,diagnostic,Требует маршрутизации,material_action,5
вывоз ватные диски с косметикой,material,ватные диски с косметикой,ватные диски с косметикой,MATERIAL_DISCOVERY,ватные диски с косметикой,waste,commercial,Требует маршрутизации,material_action,5
как накапливать ватные диски с косметикой,material,ватные диски с косметикой,ватные диски с косметикой,MATERIAL_DISCOVERY,ватные диски с косметикой,waste,mixed,Требует маршрутизации,material_action,6
как учитывать ватные диски с косметикой,material,ватные диски с косметикой,ватные диски с косметикой,MATERIAL_DISCOVERY,ватные диски с косметикой,waste,diagnostic,Требует маршрутизации,material_action,6
как хранить ватные диски с косметикой,material,ватные диски с косметикой,ватные диски с косметикой,MATERIAL_DISCOVERY,ватные диски с косметикой,waste,diagnostic,Требует маршрутизации,material_action,6
какой класс опасности ватные диски с косметикой,material,ватные диски с косметикой,ватные диски с косметикой,MATERIAL_DISCOVERY,ватные диски с косметикой,waste,mixed,Требует маршрутизации,material_action,7
кто забирает ватные диски с косметикой,material,ватные диски с косметикой,ватные диски с косметикой,MATERIAL_DISCOVERY,ватные диски с косметикой,waste,mixed,Требует маршрутизации,material_action,6
кто принимает ватные диски с косметикой,material,ватные диски с косметикой,ватные диски с косметикой,MATERIAL_DISCOVERY,ватные диски с косметикой,waste,diagnostic,Требует маршрутизации,material_action,6
куда девать ватные диски с косметикой,material,ватные диски с косметикой,ватные диски с косметикой,MATERIAL_DISCOVERY,ватные диски с косметикой,waste,diagnostic,Требует маршрутизации,material_action,6
куда передавать ватные диски с косметикой,material,ватные диски с косметикой,ватные диски с косметикой,MATERIAL_DISCOVERY,ватные диски с косметикой,waste,diagnostic,Требует маршрутизации,material_action,6
куда сдавать ватные диски с косметикой,material,ватные диски с косметикой,ватные диски с косметикой,MATERIAL_DISCOVERY,ватные диски с косметикой,waste,diagnostic,Требует маршрутизации,material_action,6
можно ли выбрасывать ватные диски с косметикой,material,ватные диски с косметикой,ватные диски с косметикой,MATERIAL_DISCOVERY,ватные диски с косметикой,waste,mixed,Требует маршрутизации,material_action,7
можно ли хранить ватные диски с косметикой на улице,material,ватные диски с косметикой,ватные диски с косметикой,MATERIAL_DISCOVERY,ватные диски с косметикой,waste,mixed,Требует маршрутизации,material_action,9
нужен ли договор на ватные диски с косметикой,material,ватные диски с косметикой,ватные диски с косметикой,MATERIAL_DISCOVERY,ватные диски с косметикой,waste,diagnostic,Требует маршрутизации,material_action,8
нужен ли паспорт на ватные диски с косметикой,material,ватные диски с косметикой,ватные диски с косметикой,MATERIAL_DISCOVERY,ватные диски с косметикой,waste,diagnostic,Требует маршрутизации,material_action,8
обезвреживание ватные диски с косметикой,material,ватные диски с косметикой,ватные диски с косметикой,MATERIAL_DISCOVERY,ватные диски с косметикой,waste,commercial,Требует маршрутизации,material_action,5
переработка ватные диски с косметикой,material,ватные диски с косметикой,ватные диски с косметикой,MATERIAL_DISCOVERY,ватные диски с косметикой,waste,mixed,Требует маршрутизации,material_action,5
прием ватные диски с косметикой,material,ватные диски с косметикой,ватные диски с косметикой,MATERIAL_DISCOVERY,ватные диски с косметикой,waste,mixed,Требует маршрутизации,material_action,5
размещение ватные диски с косметикой,material,ватные диски с косметикой,ватные диски с косметикой,MATERIAL_DISCOVERY,ватные диски с косметикой,waste,commercial,Требует маршрутизации,material_action,5
стоимость утилизации ватные диски с косметикой,material,ватные диски с косметикой,ватные диски с косметикой,MATERIAL_DISCOVERY,ватные диски с косметикой,waste,commercial,Требует маршрутизации,material_action,6
утилизация ватные диски с косметикой,material,ватные диски с косметикой,ватные диски с косметикой,MATERIAL_DISCOVERY,ватные диски с косметикой,waste,commercial,Требует маршрутизации,material_action,5
цена вывоза ватные диски с косметикой,material,ватные диски с косметикой,ватные диски с косметикой,MATERIAL_DISCOVERY,ватные диски с косметикой,waste,commercial,Требует маршрутизации,material_action,6
что делать с ватные диски с косметикой,material,ватные диски с косметикой,ватные диски с косметикой,MATERIAL_DISCOVERY,ватные диски с косметикой,waste,diagnostic,Требует маршрутизации,material_action,7
вывоз волосы из парикмахерской,material,волосы из парикмахерской,волосы из парикмахерской,MATERIAL_DISCOVERY,волосы из парикмахерской,waste,commercial,Требует маршрутизации,material_action,4
как накапливать волосы из парикмахерской,material,волосы из парикмахерской,волосы из парикмахерской,MATERIAL_DISCOVERY,волосы из парикмахерской,waste,mixed,Требует маршрутизации,material_action,5
как учитывать волосы из парикмахерской,material,волосы из парикмахерской,волосы из парикмахерской,MATERIAL_DISCOVERY,волосы из парикмахерской,waste,diagnostic,Требует маршрутизации,material_action,5
как хранить волосы из парикмахерской,material,волосы из парикмахерской,волосы из парикмахерской,MATERIAL_DISCOVERY,волосы из парикмахерской,waste,diagnostic,Требует маршрутизации,material_action,5
какой класс опасности волосы из парикмахерской,material,волосы из парикмахерской,волосы из парикмахерской,MATERIAL_DISCOVERY,волосы из парикмахерской,waste,mixed,Требует маршрутизации,material_action,6
кто забирает волосы из парикмахерской,material,волосы из парикмахерской,волосы из парикмахерской,MATERIAL_DISCOVERY,волосы из парикмахерской,waste,mixed,Требует маршрутизации,material_action,5
кто принимает волосы из парикмахерской,material,волосы из парикмахерской,волосы из парикмахерской,MATERIAL_DISCOVERY,волосы из парикмахерской,waste,diagnostic,Требует маршрутизации,material_action,5
куда девать волосы из парикмахерской,material,волосы из парикмахерской,волосы из парикмахерской,MATERIAL_DISCOVERY,волосы из парикмахерской,waste,diagnostic,Требует маршрутизации,material_action,5
куда передавать волосы из парикмахерской,material,волосы из парикмахерской,волосы из парикмахерской,MATERIAL_DISCOVERY,волосы из парикмахерской,waste,diagnostic,Требует маршрутизации,material_action,5
куда сдавать волосы из парикмахерской,material,волосы из парикмахерской,волосы из парикмахерской,MATERIAL_DISCOVERY,волосы из парикмахерской,waste,diagnostic,Требует маршрутизации,material_action,5
можно ли выбрасывать волосы из парикмахерской,material,волосы из парикмахерской,волосы из парикмахерской,MATERIAL_DISCOVERY,волосы из парикмахерской,waste,mixed,Требует маршрутизации,material_action,6
можно ли хранить волосы из парикмахерской на улице,material,волосы из парикмахерской,волосы из парикмахерской,MATERIAL_DISCOVERY,волосы из парикмахерской,waste,mixed,Требует маршрутизации,material_action,8
нужен ли договор на волосы из парикмахерской,material,волосы из парикмахерской,волосы из парикмахерской,MATERIAL_DISCOVERY,волосы из парикмахерской,waste,diagnostic,Требует маршрутизации,material_action,7
нужен ли паспорт на волосы из парикмахерской,material,волосы из парикмахерской,волосы из парикмахерской,MATERIAL_DISCOVERY,волосы из парикмахерской,waste,diagnostic,Требует маршрутизации,material_action,7
обезвреживание волосы из парикмахерской,material,волосы из парикмахерской,волосы из парикмахерской,MATERIAL_DISCOVERY,волосы из парикмахерской,waste,commercial,Требует маршрутизации,material_action,4
переработка волосы из парикмахерской,material,волосы из парикмахерской,волосы из парикмахерской,MATERIAL_DISCOVERY,волосы из парикмахерской,waste,mixed,Требует маршрутизации,material_action,4
прием волосы из парикмахерской,material,волосы из парикмахерской,волосы из парикмахерской,MATERIAL_DISCOVERY,волосы из парикмахерской,waste,mixed,Требует маршрутизации,material_action,4
размещение волосы из парикмахерской,material,волосы из парикмахерской,волосы из парикмахерской,MATERIAL_DISCOVERY,волосы из парикмахерской,waste,commercial,Требует маршрутизации,material_action,4
стоимость утилизации волосы из парикмахерской,material,волосы из парикмахерской,волосы из парикмахерской,MATERIAL_DISCOVERY,волосы из парикмахерской,waste,commercial,Требует маршрутизации,material_action,5
утилизация волосы из парикмахерской,material,волосы из парикмахерской,волосы из парикмахерской,MATERIAL_DISCOVERY,волосы из парикмахерской,waste,commercial,Требует маршрутизации,material_action,4
цена вывоза волосы из парикмахерской,material,волосы из парикмахерской,волосы из парикмахерской,MATERIAL_DISCOVERY,волосы из парикмахерской,waste,commercial,Требует маршрутизации,material_action,5
что делать с волосы из парикмахерской,material,волосы из парикмахерской,волосы из парикмахерской,MATERIAL_DISCOVERY,волосы из парикмахерской,waste,diagnostic,Требует маршрутизации,material_action,6
вывоз грунт,material,грунт,грунт,MATERIAL_DISCOVERY,грунт,waste,commercial,Требует маршрутизации,material_action,2
как накапливать грунт,material,грунт,грунт,MATERIAL_DISCOVERY,грунт,waste,mixed,Требует маршрутизации,material_action,3
как учитывать грунт,material,грунт,грунт,MATERIAL_DISCOVERY,грунт,waste,diagnostic,Требует маршрутизации,material_action,3
как хранить грунт,material,грунт,грунт,MATERIAL_DISCOVERY,грунт,waste,diagnostic,Требует маршрутизации,material_action,3
какой класс опасности грунт,material,грунт,грунт,MATERIAL_DISCOVERY,грунт,waste,mixed,Требует маршрутизации,material_action,4
кто забирает грунт,material,грунт,грунт,MATERIAL_DISCOVERY,грунт,waste,mixed,Требует маршрутизации,material_action,3
кто принимает грунт,material,грунт,грунт,MATERIAL_DISCOVERY,грунт,waste,diagnostic,Требует маршрутизации,material_action,3
куда девать грунт,material,грунт,грунт,MATERIAL_DISCOVERY,грунт,waste,diagnostic,Требует маршрутизации,material_action,3
куда передавать грунт,material,грунт,грунт,MATERIAL_DISCOVERY,грунт,waste,diagnostic,Требует маршрутизации,material_action,3
куда сдавать грунт,material,грунт,грунт,MATERIAL_DISCOVERY,грунт,waste,diagnostic,Требует маршрутизации,material_action,3
можно ли выбрасывать грунт,material,грунт,грунт,MATERIAL_DISCOVERY,грунт,waste,mixed,Требует маршрутизации,material_action,4
можно ли хранить грунт на улице,material,грунт,грунт,MATERIAL_DISCOVERY,грунт,waste,mixed,Требует маршрутизации,material_action,6
нужен ли договор на грунт,material,грунт,грунт,MATERIAL_DISCOVERY,грунт,waste,diagnostic,Требует маршрутизации,material_action,5
нужен ли паспорт на грунт,material,грунт,грунт,MATERIAL_DISCOVERY,грунт,waste,diagnostic,Требует маршрутизации,material_action,5
обезвреживание грунт,material,грунт,грунт,MATERIAL_DISCOVERY,грунт,waste,commercial,Требует маршрутизации,material_action,2
переработка грунт,material,грунт,грунт,MATERIAL_DISCOVERY,грунт,waste,mixed,Требует маршрутизации,material_action,2
прием грунт,material,грунт,грунт,MATERIAL_DISCOVERY,грунт,waste,mixed,Требует маршрутизации,material_action,2
размещение грунт,material,грунт,грунт,MATERIAL_DISCOVERY,грунт,waste,commercial,Требует маршрутизации,material_action,2
стоимость утилизации грунт,material,грунт,грунт,MATERIAL_DISCOVERY,грунт,waste,commercial,Требует маршрутизации,material_action,3
утилизация грунт,material,грунт,грунт,MATERIAL_DISCOVERY,грунт,waste,commercial,Требует маршрутизации,material_action,2
цена вывоза грунт,material,грунт,грунт,MATERIAL_DISCOVERY,грунт,waste,commercial,Требует маршрутизации,material_action,3
что делать с грунт,material,грунт,грунт,MATERIAL_DISCOVERY,грунт,waste,diagnostic,Требует маршрутизации,material_action,4
как учитывать деревянные поддоны,material,деревянные поддоны,деревянные поддоны,MATERIAL_DISCOVERY,деревянные поддоны,general,diagnostic,Требует маршрутизации,material_action,4
нужны ли документы на деревянные поддоны,material,деревянные поддоны,деревянные поддоны,MATERIAL_DISCOVERY,деревянные поддоны,general,mixed,Требует маршрутизации,material_action,6
требования к деревянные поддоны,material,деревянные поддоны,деревянные поддоны,MATERIAL_DISCOVERY,деревянные поддоны,general,mixed,Требует маршрутизации,material_action,4
что делать с деревянные поддоны,material,деревянные поддоны,деревянные поддоны,MATERIAL_DISCOVERY,деревянные поддоны,general,diagnostic,Требует маршрутизации,material_action,5
как обслуживать жироуловитель отходы,material,жироуловитель отходы,жироуловитель отходы,MATERIAL_DISCOVERY,жироуловитель отходы,equipment,mixed,Требует маршрутизации,material_action,4
какие документы на жироуловитель отходы,material,жироуловитель отходы,жироуловитель отходы,MATERIAL_DISCOVERY,жироуловитель отходы,equipment,diagnostic,Требует маршрутизации,material_action,5
нужен ли контроль жироуловитель отходы,material,жироуловитель отходы,жироуловитель отходы,MATERIAL_DISCOVERY,жироуловитель отходы,equipment,diagnostic,Требует маршрутизации,material_action,5
нужна ли жироуловитель отходы,material,жироуловитель отходы,жироуловитель отходы,MATERIAL_DISCOVERY,жироуловитель отходы,equipment,mixed,Требует маршрутизации,material_action,4
проверка жироуловитель отходы,material,жироуловитель отходы,жироуловитель отходы,MATERIAL_DISCOVERY,жироуловитель отходы,equipment,urgent,Требует маршрутизации,material_action,3
требования к жироуловитель отходы,material,жироуловитель отходы,жироуловитель отходы,MATERIAL_DISCOVERY,жироуловитель отходы,equipment,mixed,Требует маршрутизации,material_action,4
что делать если есть жироуловитель отходы,material,жироуловитель отходы,жироуловитель отходы,MATERIAL_DISCOVERY,жироуловитель отходы,equipment,diagnostic,Требует маршрутизации,material_action,6
как учитывать зола,material,зола,зола,MATERIAL_DISCOVERY,зола,general,diagnostic,Требует маршрутизации,material_action,3
нужны ли документы на зола,material,зола,зола,MATERIAL_DISCOVERY,зола,general,mixed,Требует маршрутизации,material_action,5
требования к зола,material,зола,зола,MATERIAL_DISCOVERY,зола,general,mixed,Требует маршрутизации,material_action,3
что делать с зола,material,зола,зола,MATERIAL_DISCOVERY,зола,general,diagnostic,Требует маршрутизации,material_action,4
как учитывать канистры из-под химии,material,канистры из-под химии,канистры из-под химии,MATERIAL_DISCOVERY,канистры из-под химии,general,diagnostic,Требует маршрутизации,material_action,5
нужны ли документы на канистры из-под химии,material,канистры из-под химии,канистры из-под химии,MATERIAL_DISCOVERY,канистры из-под химии,general,mixed,Требует маршрутизации,material_action,7
требования к канистры из-под химии,material,канистры из-под химии,канистры из-под химии,MATERIAL_DISCOVERY,канистры из-под химии,general,mixed,Требует маршрутизации,material_action,5
что делать с канистры из-под химии,material,канистры из-под химии,канистры из-под химии,MATERIAL_DISCOVERY,канистры из-под химии,general,diagnostic,Требует маршрутизации,material_action,6
вывоз картон,material,картон,картон,MATERIAL_DISCOVERY,картон,waste,commercial,Требует маршрутизации,material_action,2
как накапливать картон,material,картон,картон,MATERIAL_DISCOVERY,картон,waste,mixed,Требует маршрутизации,material_action,3
как учитывать картон,material,картон,картон,MATERIAL_DISCOVERY,картон,waste,diagnostic,Требует маршрутизации,material_action,3
как хранить картон,material,картон,картон,MATERIAL_DISCOVERY,картон,waste,diagnostic,Требует маршрутизации,material_action,3
какой класс опасности картон,material,картон,картон,MATERIAL_DISCOVERY,картон,waste,mixed,Требует маршрутизации,material_action,4
кто забирает картон,material,картон,картон,MATERIAL_DISCOVERY,картон,waste,mixed,Требует маршрутизации,material_action,3
кто принимает картон,material,картон,картон,MATERIAL_DISCOVERY,картон,waste,diagnostic,Требует маршрутизации,material_action,3
куда девать картон,material,картон,картон,MATERIAL_DISCOVERY,картон,waste,diagnostic,Требует маршрутизации,material_action,3
куда передавать картон,material,картон,картон,MATERIAL_DISCOVERY,картон,waste,diagnostic,Требует маршрутизации,material_action,3
куда сдавать картон,material,картон,картон,MATERIAL_DISCOVERY,картон,waste,diagnostic,Требует маршрутизации,material_action,3
можно ли выбрасывать картон,material,картон,картон,MATERIAL_DISCOVERY,картон,waste,mixed,Требует маршрутизации,material_action,4
можно ли хранить картон на улице,material,картон,картон,MATERIAL_DISCOVERY,картон,waste,mixed,Требует маршрутизации,material_action,6
нужен ли договор на картон,material,картон,картон,MATERIAL_DISCOVERY,картон,waste,diagnostic,Требует маршрутизации,material_action,5
нужен ли паспорт на картон,material,картон,картон,MATERIAL_DISCOVERY,картон,waste,diagnostic,Требует маршрутизации,material_action,5
обезвреживание картон,material,картон,картон,MATERIAL_DISCOVERY,картон,waste,commercial,Требует маршрутизации,material_action,2
переработка картон,material,картон,картон,MATERIAL_DISCOVERY,картон,waste,mixed,Требует маршрутизации,material_action,2
прием картон,material,картон,картон,MATERIAL_DISCOVERY,картон,waste,mixed,Требует маршрутизации,material_action,2
размещение картон,material,картон,картон,MATERIAL_DISCOVERY,картон,waste,commercial,Требует маршрутизации,material_action,2
стоимость утилизации картон,material,картон,картон,MATERIAL_DISCOVERY,картон,waste,commercial,Требует маршрутизации,material_action,3
утилизация картон,material,картон,картон,MATERIAL_DISCOVERY,картон,waste,commercial,Требует маршрутизации,material_action,2
цена вывоза картон,material,картон,картон,MATERIAL_DISCOVERY,картон,waste,commercial,Требует маршрутизации,material_action,3
что делать с картон,material,картон,картон,MATERIAL_DISCOVERY,картон,waste,diagnostic,Требует маршрутизации,material_action,4
вывоз картриджи,material,картриджи,картриджи,MATERIAL_DISCOVERY,картриджи,waste,commercial,Требует маршрутизации,material_action,2
как накапливать картриджи,material,картриджи,картриджи,MATERIAL_DISCOVERY,картриджи,waste,mixed,Требует маршрутизации,material_action,3
как учитывать картриджи,material,картриджи,картриджи,MATERIAL_DISCOVERY,картриджи,waste,diagnostic,Требует маршрутизации,material_action,3
как хранить картриджи,material,картриджи,картриджи,MATERIAL_DISCOVERY,картриджи,waste,diagnostic,Требует маршрутизации,material_action,3
какой класс опасности картриджи,material,картриджи,картриджи,MATERIAL_DISCOVERY,картриджи,waste,mixed,Требует маршрутизации,material_action,4
кто забирает картриджи,material,картриджи,картриджи,MATERIAL_DISCOVERY,картриджи,waste,mixed,Требует маршрутизации,material_action,3
кто принимает картриджи,material,картриджи,картриджи,MATERIAL_DISCOVERY,картриджи,waste,diagnostic,Требует маршрутизации,material_action,3
куда девать картриджи,material,картриджи,картриджи,MATERIAL_DISCOVERY,картриджи,waste,diagnostic,Требует маршрутизации,material_action,3
куда передавать картриджи,material,картриджи,картриджи,MATERIAL_DISCOVERY,картриджи,waste,diagnostic,Требует маршрутизации,material_action,3
куда сдавать картриджи,material,картриджи,картриджи,MATERIAL_DISCOVERY,картриджи,waste,diagnostic,Требует маршрутизации,material_action,3
можно ли выбрасывать картриджи,material,картриджи,картриджи,MATERIAL_DISCOVERY,картриджи,waste,mixed,Требует маршрутизации,material_action,4
можно ли хранить картриджи на улице,material,картриджи,картриджи,MATERIAL_DISCOVERY,картриджи,waste,mixed,Требует маршрутизации,material_action,6
нужен ли договор на картриджи,material,картриджи,картриджи,MATERIAL_DISCOVERY,картриджи,waste,diagnostic,Требует маршрутизации,material_action,5
нужен ли паспорт на картриджи,material,картриджи,картриджи,MATERIAL_DISCOVERY,картриджи,waste,diagnostic,Требует маршрутизации,material_action,5
обезвреживание картриджи,material,картриджи,картриджи,MATERIAL_DISCOVERY,картриджи,waste,commercial,Требует маршрутизации,material_action,2
переработка картриджи,material,картриджи,картриджи,MATERIAL_DISCOVERY,картриджи,waste,mixed,Требует маршрутизации,material_action,2
прием картриджи,material,картриджи,картриджи,MATERIAL_DISCOVERY,картриджи,waste,mixed,Требует маршрутизации,material_action,2
размещение картриджи,material,картриджи,картриджи,MATERIAL_DISCOVERY,картриджи,waste,commercial,Требует маршрутизации,material_action,2
стоимость утилизации картриджи,material,картриджи,картриджи,MATERIAL_DISCOVERY,картриджи,waste,commercial,Требует маршрутизации,material_action,3
утилизация картриджи,material,картриджи,картриджи,MATERIAL_DISCOVERY,картриджи,waste,commercial,Требует маршрутизации,material_action,2
цена вывоза картриджи,material,картриджи,картриджи,MATERIAL_DISCOVERY,картриджи,waste,commercial,Требует маршрутизации,material_action,3
что делать с картриджи,material,картриджи,картриджи,MATERIAL_DISCOVERY,картриджи,waste,diagnostic,Требует маршрутизации,material_action,4
как учитывать лакокрасочные отходы,material,лакокрасочные отходы,лакокрасочные отходы,MATERIAL_DISCOVERY,лакокрасочные отходы,general,diagnostic,Требует маршрутизации,material_action,4
нужны ли документы на лакокрасочные отходы,material,лакокрасочные отходы,лакокрасочные отходы,MATERIAL_DISCOVERY,лакокрасочные отходы,general,mixed,Требует маршрутизации,material_action,6
требования к лакокрасочные отходы,material,лакокрасочные отходы,лакокрасочные отходы,MATERIAL_DISCOVERY,лакокрасочные отходы,general,mixed,Требует маршрутизации,material_action,4
что делать с лакокрасочные отходы,material,лакокрасочные отходы,лакокрасочные отходы,MATERIAL_DISCOVERY,лакокрасочные отходы,general,diagnostic,Требует маршрутизации,material_action,5
вывоз макулатура,material,макулатура,макулатура,MATERIAL_DISCOVERY,макулатура,waste,commercial,Требует маршрутизации,material_action,2
как накапливать макулатура,material,макулатура,макулатура,MATERIAL_DISCOVERY,макулатура,waste,mixed,Требует маршрутизации,material_action,3
как учитывать макулатура,material,макулатура,макулатура,MATERIAL_DISCOVERY,макулатура,waste,diagnostic,Требует маршрутизации,material_action,3
как хранить макулатура,material,макулатура,макулатура,MATERIAL_DISCOVERY,макулатура,waste,diagnostic,Требует маршрутизации,material_action,3
какой класс опасности макулатура,material,макулатура,макулатура,MATERIAL_DISCOVERY,макулатура,waste,mixed,Требует маршрутизации,material_action,4
кто забирает макулатура,material,макулатура,макулатура,MATERIAL_DISCOVERY,макулатура,waste,mixed,Требует маршрутизации,material_action,3
кто принимает макулатура,material,макулатура,макулатура,MATERIAL_DISCOVERY,макулатура,waste,diagnostic,Требует маршрутизации,material_action,3
куда девать макулатура,material,макулатура,макулатура,MATERIAL_DISCOVERY,макулатура,waste,diagnostic,Требует маршрутизации,material_action,3
куда передавать макулатура,material,макулатура,макулатура,MATERIAL_DISCOVERY,макулатура,waste,diagnostic,Требует маршрутизации,material_action,3
куда сдавать макулатура,material,макулатура,макулатура,MATERIAL_DISCOVERY,макулатура,waste,diagnostic,Требует маршрутизации,material_action,3
можно ли выбрасывать макулатура,material,макулатура,макулатура,MATERIAL_DISCOVERY,макулатура,waste,mixed,Требует маршрутизации,material_action,4
можно ли хранить макулатура на улице,material,макулатура,макулатура,MATERIAL_DISCOVERY,макулатура,waste,mixed,Требует маршрутизации,material_action,6
нужен ли договор на макулатура,material,макулатура,макулатура,MATERIAL_DISCOVERY,макулатура,waste,diagnostic,Требует маршрутизации,material_action,5
нужен ли паспорт на макулатура,material,макулатура,макулатура,MATERIAL_DISCOVERY,макулатура,waste,diagnostic,Требует маршрутизации,material_action,5
обезвреживание макулатура,material,макулатура,макулатура,MATERIAL_DISCOVERY,макулатура,waste,commercial,Требует маршрутизации,material_action,2
переработка макулатура,material,макулатура,макулатура,MATERIAL_DISCOVERY,макулатура,waste,mixed,Требует маршрутизации,material_action,2
прием макулатура,material,макулатура,макулатура,MATERIAL_DISCOVERY,макулатура,waste,mixed,Требует маршрутизации,material_action,2
размещение макулатура,material,макулатура,макулатура,MATERIAL_DISCOVERY,макулатура,waste,commercial,Требует маршрутизации,material_action,2
стоимость утилизации макулатура,material,макулатура,макулатура,MATERIAL_DISCOVERY,макулатура,waste,commercial,Требует маршрутизации,material_action,3
утилизация макулатура,material,макулатура,макулатура,MATERIAL_DISCOVERY,макулатура,waste,commercial,Требует маршрутизации,material_action,2
цена вывоза макулатура,material,макулатура,макулатура,MATERIAL_DISCOVERY,макулатура,waste,commercial,Требует маршрутизации,material_action,3
что делать с макулатура,material,макулатура,макулатура,MATERIAL_DISCOVERY,макулатура,waste,diagnostic,Требует маршрутизации,material_action,4
вывоз масляные фильтры,material,масляные фильтры,масляные фильтры,MATERIAL_DISCOVERY,масляные фильтры,waste,commercial,Требует маршрутизации,material_action,3
как накапливать масляные фильтры,material,масляные фильтры,масляные фильтры,MATERIAL_DISCOVERY,масляные фильтры,waste,mixed,Требует маршрутизации,material_action,4
как учитывать масляные фильтры,material,масляные фильтры,масляные фильтры,MATERIAL_DISCOVERY,масляные фильтры,waste,diagnostic,Требует маршрутизации,material_action,4
как хранить масляные фильтры,material,масляные фильтры,масляные фильтры,MATERIAL_DISCOVERY,масляные фильтры,waste,diagnostic,Требует маршрутизации,material_action,4
какой класс опасности масляные фильтры,material,масляные фильтры,масляные фильтры,MATERIAL_DISCOVERY,масляные фильтры,waste,mixed,Требует маршрутизации,material_action,5
кто забирает масляные фильтры,material,масляные фильтры,масляные фильтры,MATERIAL_DISCOVERY,масляные фильтры,waste,mixed,Требует маршрутизации,material_action,4
кто принимает масляные фильтры,material,масляные фильтры,масляные фильтры,MATERIAL_DISCOVERY,масляные фильтры,waste,diagnostic,Требует маршрутизации,material_action,4
куда девать масляные фильтры,material,масляные фильтры,масляные фильтры,MATERIAL_DISCOVERY,масляные фильтры,waste,diagnostic,Требует маршрутизации,material_action,4
куда передавать масляные фильтры,material,масляные фильтры,масляные фильтры,MATERIAL_DISCOVERY,масляные фильтры,waste,diagnostic,Требует маршрутизации,material_action,4
куда сдавать масляные фильтры,material,масляные фильтры,масляные фильтры,MATERIAL_DISCOVERY,масляные фильтры,waste,diagnostic,Требует маршрутизации,material_action,4
можно ли выбрасывать масляные фильтры,material,масляные фильтры,масляные фильтры,MATERIAL_DISCOVERY,масляные фильтры,waste,mixed,Требует маршрутизации,material_action,5
можно ли хранить масляные фильтры на улице,material,масляные фильтры,масляные фильтры,MATERIAL_DISCOVERY,масляные фильтры,waste,mixed,Требует маршрутизации,material_action,7
нужен ли договор на масляные фильтры,material,масляные фильтры,масляные фильтры,MATERIAL_DISCOVERY,масляные фильтры,waste,diagnostic,Требует маршрутизации,material_action,6
нужен ли паспорт на масляные фильтры,material,масляные фильтры,масляные фильтры,MATERIAL_DISCOVERY,масляные фильтры,waste,diagnostic,Требует маршрутизации,material_action,6
обезвреживание масляные фильтры,material,масляные фильтры,масляные фильтры,MATERIAL_DISCOVERY,масляные фильтры,waste,commercial,Требует маршрутизации,material_action,3
переработка масляные фильтры,material,масляные фильтры,масляные фильтры,MATERIAL_DISCOVERY,масляные фильтры,waste,mixed,Требует маршрутизации,material_action,3
прием масляные фильтры,material,масляные фильтры,масляные фильтры,MATERIAL_DISCOVERY,масляные фильтры,waste,mixed,Требует маршрутизации,material_action,3
размещение масляные фильтры,material,масляные фильтры,масляные фильтры,MATERIAL_DISCOVERY,масляные фильтры,waste,commercial,Требует маршрутизации,material_action,3
стоимость утилизации масляные фильтры,material,масляные фильтры,масляные фильтры,MATERIAL_DISCOVERY,масляные фильтры,waste,commercial,Требует маршрутизации,material_action,4
утилизация масляные фильтры,material,масляные фильтры,масляные фильтры,MATERIAL_DISCOVERY,масляные фильтры,waste,commercial,Требует маршрутизации,material_action,3
цена вывоза масляные фильтры,material,масляные фильтры,масляные фильтры,MATERIAL_DISCOVERY,масляные фильтры,waste,commercial,Требует маршрутизации,material_action,4
что делать с масляные фильтры,material,масляные фильтры,масляные фильтры,MATERIAL_DISCOVERY,масляные фильтры,waste,diagnostic,Требует маршрутизации,material_action,5
вывоз медицинские отходы,material,медицинские отходы,медицинские отходы,MATERIAL_DISCOVERY,медицинские отходы,waste,commercial,Требует маршрутизации,material_action,3
как накапливать медицинские отходы,material,медицинские отходы,медицинские отходы,MATERIAL_DISCOVERY,медицинские отходы,waste,mixed,Требует маршрутизации,material_action,4
как учитывать медицинские отходы,material,медицинские отходы,медицинские отходы,MATERIAL_DISCOVERY,медицинские отходы,waste,diagnostic,Требует маршрутизации,material_action,4
как хранить медицинские отходы,material,медицинские отходы,медицинские отходы,MATERIAL_DISCOVERY,медицинские отходы,waste,diagnostic,Требует маршрутизации,material_action,4
какой класс опасности медицинские отходы,material,медицинские отходы,медицинские отходы,MATERIAL_DISCOVERY,медицинские отходы,waste,mixed,Требует маршрутизации,material_action,5
кто забирает медицинские отходы,material,медицинские отходы,медицинские отходы,MATERIAL_DISCOVERY,медицинские отходы,waste,mixed,Требует маршрутизации,material_action,4
кто принимает медицинские отходы,material,медицинские отходы,медицинские отходы,MATERIAL_DISCOVERY,медицинские отходы,waste,diagnostic,Требует маршрутизации,material_action,4
куда девать медицинские отходы,material,медицинские отходы,медицинские отходы,MATERIAL_DISCOVERY,медицинские отходы,waste,diagnostic,Требует маршрутизации,material_action,4
куда передавать медицинские отходы,material,медицинские отходы,медицинские отходы,MATERIAL_DISCOVERY,медицинские отходы,waste,diagnostic,Требует маршрутизации,material_action,4
куда сдавать медицинские отходы,material,медицинские отходы,медицинские отходы,MATERIAL_DISCOVERY,медицинские отходы,waste,diagnostic,Требует маршрутизации,material_action,4
можно ли выбрасывать медицинские отходы,material,медицинские отходы,медицинские отходы,MATERIAL_DISCOVERY,медицинские отходы,waste,mixed,Требует маршрутизации,material_action,5
можно ли хранить медицинские отходы на улице,material,медицинские отходы,медицинские отходы,MATERIAL_DISCOVERY,медицинские отходы,waste,mixed,Требует маршрутизации,material_action,7
нужен ли договор на медицинские отходы,material,медицинские отходы,медицинские отходы,MATERIAL_DISCOVERY,медицинские отходы,waste,diagnostic,Требует маршрутизации,material_action,6
нужен ли паспорт на медицинские отходы,material,медицинские отходы,медицинские отходы,MATERIAL_DISCOVERY,медицинские отходы,waste,diagnostic,Паспорта отходов,material_action,6
обезвреживание медицинские отходы,material,медицинские отходы,медицинские отходы,MATERIAL_DISCOVERY,медицинские отходы,waste,commercial,Требует маршрутизации,material_action,3
переработка медицинские отходы,material,медицинские отходы,медицинские отходы,MATERIAL_DISCOVERY,медицинские отходы,waste,mixed,Требует маршрутизации,material_action,3
прием медицинские отходы,material,медицинские отходы,медицинские отходы,MATERIAL_DISCOVERY,медицинские отходы,waste,mixed,Требует маршрутизации,material_action,3
размещение медицинские отходы,material,медицинские отходы,медицинские отходы,MATERIAL_DISCOVERY,медицинские отходы,waste,commercial,Требует маршрутизации,material_action,3
стоимость утилизации медицинские отходы,material,медицинские отходы,медицинские отходы,MATERIAL_DISCOVERY,медицинские отходы,waste,commercial,Требует маршрутизации,material_action,4
утилизация медицинские отходы,material,медицинские отходы,медицинские отходы,MATERIAL_DISCOVERY,медицинские отходы,waste,commercial,Требует маршрутизации,material_action,3
цена вывоза медицинские отходы,material,медицинские отходы,медицинские отходы,MATERIAL_DISCOVERY,медицинские отходы,waste,commercial,Требует маршрутизации,material_action,4
что делать с медицинские отходы,material,медицинские отходы,медицинские отходы,MATERIAL_DISCOVERY,медицинские отходы,waste,diagnostic,Требует маршрутизации,material_action,5
вывоз металлический шлам,material,металлический шлам,металлический шлам,MATERIAL_DISCOVERY,металлический шлам,waste,commercial,Требует маршрутизации,material_action,3
как накапливать металлический шлам,material,металлический шлам,металлический шлам,MATERIAL_DISCOVERY,металлический шлам,waste,mixed,Требует маршрутизации,material_action,4
как учитывать металлический шлам,material,металлический шлам,металлический шлам,MATERIAL_DISCOVERY,металлический шлам,waste,diagnostic,Требует маршрутизации,material_action,4
как хранить металлический шлам,material,металлический шлам,металлический шлам,MATERIAL_DISCOVERY,металлический шлам,waste,diagnostic,Требует маршрутизации,material_action,4
какой класс опасности металлический шлам,material,металлический шлам,металлический шлам,MATERIAL_DISCOVERY,металлический шлам,waste,mixed,Требует маршрутизации,material_action,5
кто забирает металлический шлам,material,металлический шлам,металлический шлам,MATERIAL_DISCOVERY,металлический шлам,waste,mixed,Требует маршрутизации,material_action,4
кто принимает металлический шлам,material,металлический шлам,металлический шлам,MATERIAL_DISCOVERY,металлический шлам,waste,diagnostic,Требует маршрутизации,material_action,4
куда девать металлический шлам,material,металлический шлам,металлический шлам,MATERIAL_DISCOVERY,металлический шлам,waste,diagnostic,Требует маршрутизации,material_action,4
куда передавать металлический шлам,material,металлический шлам,металлический шлам,MATERIAL_DISCOVERY,металлический шлам,waste,diagnostic,Требует маршрутизации,material_action,4
куда сдавать металлический шлам,material,металлический шлам,металлический шлам,MATERIAL_DISCOVERY,металлический шлам,waste,diagnostic,Требует маршрутизации,material_action,4
можно ли выбрасывать металлический шлам,material,металлический шлам,металлический шлам,MATERIAL_DISCOVERY,металлический шлам,waste,mixed,Требует маршрутизации,material_action,5
можно ли хранить металлический шлам на улице,material,металлический шлам,металлический шлам,MATERIAL_DISCOVERY,металлический шлам,waste,mixed,Требует маршрутизации,material_action,7
нужен ли договор на металлический шлам,material,металлический шлам,металлический шлам,MATERIAL_DISCOVERY,металлический шлам,waste,diagnostic,Требует маршрутизации,material_action,6
нужен ли паспорт на металлический шлам,material,металлический шлам,металлический шлам,MATERIAL_DISCOVERY,металлический шлам,waste,diagnostic,Требует маршрутизации,material_action,6
обезвреживание металлический шлам,material,металлический шлам,металлический шлам,MATERIAL_DISCOVERY,металлический шлам,waste,commercial,Требует маршрутизации,material_action,3
переработка металлический шлам,material,металлический шлам,металлический шлам,MATERIAL_DISCOVERY,металлический шлам,waste,mixed,Требует маршрутизации,material_action,3
прием металлический шлам,material,металлический шлам,металлический шлам,MATERIAL_DISCOVERY,металлический шлам,waste,mixed,Требует маршрутизации,material_action,3
размещение металлический шлам,material,металлический шлам,металлический шлам,MATERIAL_DISCOVERY,металлический шлам,waste,commercial,Требует маршрутизации,material_action,3
стоимость утилизации металлический шлам,material,металлический шлам,металлический шлам,MATERIAL_DISCOVERY,металлический шлам,waste,commercial,Требует маршрутизации,material_action,4
утилизация металлический шлам,material,металлический шлам,металлический шлам,MATERIAL_DISCOVERY,металлический шлам,waste,commercial,Требует маршрутизации,material_action,3
цена вывоза металлический шлам,material,металлический шлам,металлический шлам,MATERIAL_DISCOVERY,металлический шлам,waste,commercial,Требует маршрутизации,material_action,4
что делать с металлический шлам,material,металлический шлам,металлический шлам,MATERIAL_DISCOVERY,металлический шлам,waste,diagnostic,Требует маршрутизации,material_action,5
как учитывать мука просыпи,material,мука просыпи,мука просыпи,MATERIAL_DISCOVERY,мука просыпи,general,diagnostic,Требует маршрутизации,material_action,4
нужны ли документы на мука просыпи,material,мука просыпи,мука просыпи,MATERIAL_DISCOVERY,мука просыпи,general,mixed,Требует маршрутизации,material_action,6
требования к мука просыпи,material,мука просыпи,мука просыпи,MATERIAL_DISCOVERY,мука просыпи,general,mixed,Требует маршрутизации,material_action,4
что делать с мука просыпи,material,мука просыпи,мука просыпи,MATERIAL_DISCOVERY,мука просыпи,general,diagnostic,Требует маршрутизации,material_action,5
вывоз нефтешлам,material,нефтешлам,нефтешлам,MATERIAL_DISCOVERY,нефтешлам,waste,commercial,Требует маршрутизации,material_action,2
как накапливать нефтешлам,material,нефтешлам,нефтешлам,MATERIAL_DISCOVERY,нефтешлам,waste,mixed,Требует маршрутизации,material_action,3
как учитывать нефтешлам,material,нефтешлам,нефтешлам,MATERIAL_DISCOVERY,нефтешлам,waste,diagnostic,Требует маршрутизации,material_action,3
как хранить нефтешлам,material,нефтешлам,нефтешлам,MATERIAL_DISCOVERY,нефтешлам,waste,diagnostic,Требует маршрутизации,material_action,3
какой класс опасности нефтешлам,material,нефтешлам,нефтешлам,MATERIAL_DISCOVERY,нефтешлам,waste,mixed,Требует маршрутизации,material_action,4
кто забирает нефтешлам,material,нефтешлам,нефтешлам,MATERIAL_DISCOVERY,нефтешлам,waste,mixed,Требует маршрутизации,material_action,3
кто принимает нефтешлам,material,нефтешлам,нефтешлам,MATERIAL_DISCOVERY,нефтешлам,waste,diagnostic,Требует маршрутизации,material_action,3
куда девать нефтешлам,material,нефтешлам,нефтешлам,MATERIAL_DISCOVERY,нефтешлам,waste,diagnostic,Требует маршрутизации,material_action,3
куда передавать нефтешлам,material,нефтешлам,нефтешлам,MATERIAL_DISCOVERY,нефтешлам,waste,diagnostic,Требует маршрутизации,material_action,3
куда сдавать нефтешлам,material,нефтешлам,нефтешлам,MATERIAL_DISCOVERY,нефтешлам,waste,diagnostic,Требует маршрутизации,material_action,3
можно ли выбрасывать нефтешлам,material,нефтешлам,нефтешлам,MATERIAL_DISCOVERY,нефтешлам,waste,mixed,Требует маршрутизации,material_action,4
можно ли хранить нефтешлам на улице,material,нефтешлам,нефтешлам,MATERIAL_DISCOVERY,нефтешлам,waste,mixed,Требует маршрутизации,material_action,6
нужен ли договор на нефтешлам,material,нефтешлам,нефтешлам,MATERIAL_DISCOVERY,нефтешлам,waste,diagnostic,Требует маршрутизации,material_action,5
нужен ли паспорт на нефтешлам,material,нефтешлам,нефтешлам,MATERIAL_DISCOVERY,нефтешлам,waste,diagnostic,Требует маршрутизации,material_action,5
обезвреживание нефтешлам,material,нефтешлам,нефтешлам,MATERIAL_DISCOVERY,нефтешлам,waste,commercial,Требует маршрутизации,material_action,2
переработка нефтешлам,material,нефтешлам,нефтешлам,MATERIAL_DISCOVERY,нефтешлам,waste,mixed,Требует маршрутизации,material_action,2
прием нефтешлам,material,нефтешлам,нефтешлам,MATERIAL_DISCOVERY,нефтешлам,waste,mixed,Требует маршрутизации,material_action,2
размещение нефтешлам,material,нефтешлам,нефтешлам,MATERIAL_DISCOVERY,нефтешлам,waste,commercial,Требует маршрутизации,material_action,2
стоимость утилизации нефтешлам,material,нефтешлам,нефтешлам,MATERIAL_DISCOVERY,нефтешлам,waste,commercial,Требует маршрутизации,material_action,3
утилизация нефтешлам,material,нефтешлам,нефтешлам,MATERIAL_DISCOVERY,нефтешлам,waste,commercial,Требует маршрутизации,material_action,2
цена вывоза нефтешлам,material,нефтешлам,нефтешлам,MATERIAL_DISCOVERY,нефтешлам,waste,commercial,Требует маршрутизации,material_action,3
что делать с нефтешлам,material,нефтешлам,нефтешлам,MATERIAL_DISCOVERY,нефтешлам,waste,diagnostic,Требует маршрутизации,material_action,4
вывоз обрезки ДСП,material,обрезки ДСП,обрезки ДСП,MATERIAL_DISCOVERY,обрезки ДСП,waste,commercial,Требует маршрутизации,material_action,3
как накапливать обрезки ДСП,material,обрезки ДСП,обрезки ДСП,MATERIAL_DISCOVERY,обрезки ДСП,waste,mixed,Требует маршрутизации,material_action,4
как учитывать обрезки ДСП,material,обрезки ДСП,обрезки ДСП,MATERIAL_DISCOVERY,обрезки ДСП,waste,diagnostic,Требует маршрутизации,material_action,4
как хранить обрезки ДСП,material,обрезки ДСП,обрезки ДСП,MATERIAL_DISCOVERY,обрезки ДСП,waste,diagnostic,Требует маршрутизации,material_action,4
какой класс опасности обрезки ДСП,material,обрезки ДСП,обрезки ДСП,MATERIAL_DISCOVERY,обрезки ДСП,waste,mixed,Требует маршрутизации,material_action,5
кто забирает обрезки ДСП,material,обрезки ДСП,обрезки ДСП,MATERIAL_DISCOVERY,обрезки ДСП,waste,mixed,Требует маршрутизации,material_action,4
кто принимает обрезки ДСП,material,обрезки ДСП,обрезки ДСП,MATERIAL_DISCOVERY,обрезки ДСП,waste,diagnostic,Требует маршрутизации,material_action,4
куда девать обрезки ДСП,material,обрезки ДСП,обрезки ДСП,MATERIAL_DISCOVERY,обрезки ДСП,waste,diagnostic,Требует маршрутизации,material_action,4
куда передавать обрезки ДСП,material,обрезки ДСП,обрезки ДСП,MATERIAL_DISCOVERY,обрезки ДСП,waste,diagnostic,Требует маршрутизации,material_action,4
куда сдавать обрезки ДСП,material,обрезки ДСП,обрезки ДСП,MATERIAL_DISCOVERY,обрезки ДСП,waste,diagnostic,Требует маршрутизации,material_action,4
можно ли выбрасывать обрезки ДСП,material,обрезки ДСП,обрезки ДСП,MATERIAL_DISCOVERY,обрезки ДСП,waste,mixed,Требует маршрутизации,material_action,5
можно ли хранить обрезки ДСП на улице,material,обрезки ДСП,обрезки ДСП,MATERIAL_DISCOVERY,обрезки ДСП,waste,mixed,Требует маршрутизации,material_action,7
нужен ли договор на обрезки ДСП,material,обрезки ДСП,обрезки ДСП,MATERIAL_DISCOVERY,обрезки ДСП,waste,diagnostic,Требует маршрутизации,material_action,6
нужен ли паспорт на обрезки ДСП,material,обрезки ДСП,обрезки ДСП,MATERIAL_DISCOVERY,обрезки ДСП,waste,diagnostic,Требует маршрутизации,material_action,6
обезвреживание обрезки ДСП,material,обрезки ДСП,обрезки ДСП,MATERIAL_DISCOVERY,обрезки ДСП,waste,commercial,Требует маршрутизации,material_action,3
переработка обрезки ДСП,material,обрезки ДСП,обрезки ДСП,MATERIAL_DISCOVERY,обрезки ДСП,waste,mixed,Требует маршрутизации,material_action,3
прием обрезки ДСП,material,обрезки ДСП,обрезки ДСП,MATERIAL_DISCOVERY,обрезки ДСП,waste,mixed,Требует маршрутизации,material_action,3
размещение обрезки ДСП,material,обрезки ДСП,обрезки ДСП,MATERIAL_DISCOVERY,обрезки ДСП,waste,commercial,Требует маршрутизации,material_action,3
стоимость утилизации обрезки ДСП,material,обрезки ДСП,обрезки ДСП,MATERIAL_DISCOVERY,обрезки ДСП,waste,commercial,Требует маршрутизации,material_action,4
утилизация обрезки ДСП,material,обрезки ДСП,обрезки ДСП,MATERIAL_DISCOVERY,обрезки ДСП,waste,commercial,Требует маршрутизации,material_action,3
цена вывоза обрезки ДСП,material,обрезки ДСП,обрезки ДСП,MATERIAL_DISCOVERY,обрезки ДСП,waste,commercial,Требует маршрутизации,material_action,4
что делать с обрезки ДСП,material,обрезки ДСП,обрезки ДСП,MATERIAL_DISCOVERY,обрезки ДСП,waste,diagnostic,Требует маршрутизации,material_action,5
вывоз одноразовые материалы салона красоты,material,одноразовые материалы салона красоты,одноразовые материалы салона красоты,MATERIAL_DISCOVERY,одноразовые материалы салона красоты,waste,commercial,Требует маршрутизации,material_action,5
как накапливать одноразовые материалы салона красоты,material,одноразовые материалы салона красоты,одноразовые материалы салона красоты,MATERIAL_DISCOVERY,одноразовые материалы салона красоты,waste,mixed,Требует маршрутизации,material_action,6
как учитывать одноразовые материалы салона красоты,material,одноразовые материалы салона красоты,одноразовые материалы салона красоты,MATERIAL_DISCOVERY,одноразовые материалы салона красоты,waste,diagnostic,Требует маршрутизации,material_action,6
как хранить одноразовые материалы салона красоты,material,одноразовые материалы салона красоты,одноразовые материалы салона красоты,MATERIAL_DISCOVERY,одноразовые материалы салона красоты,waste,diagnostic,Требует маршрутизации,material_action,6
какой класс опасности одноразовые материалы салона красоты,material,одноразовые материалы салона красоты,одноразовые материалы салона красоты,MATERIAL_DISCOVERY,одноразовые материалы салона красоты,waste,mixed,Требует маршрутизации,material_action,7
кто забирает одноразовые материалы салона красоты,material,одноразовые материалы салона красоты,одноразовые материалы салона красоты,MATERIAL_DISCOVERY,одноразовые материалы салона красоты,waste,mixed,Требует маршрутизации,material_action,6
кто принимает одноразовые материалы салона красоты,material,одноразовые материалы салона красоты,одноразовые материалы салона красоты,MATERIAL_DISCOVERY,одноразовые материалы салона красоты,waste,diagnostic,Требует маршрутизации,material_action,6
куда девать одноразовые материалы салона красоты,material,одноразовые материалы салона красоты,одноразовые материалы салона красоты,MATERIAL_DISCOVERY,одноразовые материалы салона красоты,waste,diagnostic,Требует маршрутизации,material_action,6
куда передавать одноразовые материалы салона красоты,material,одноразовые материалы салона красоты,одноразовые материалы салона красоты,MATERIAL_DISCOVERY,одноразовые материалы салона красоты,waste,diagnostic,Требует маршрутизации,material_action,6
куда сдавать одноразовые материалы салона красоты,material,одноразовые материалы салона красоты,одноразовые материалы салона красоты,MATERIAL_DISCOVERY,одноразовые материалы салона красоты,waste,diagnostic,Требует маршрутизации,material_action,6
можно ли выбрасывать одноразовые материалы салона красоты,material,одноразовые материалы салона красоты,одноразовые материалы салона красоты,MATERIAL_DISCOVERY,одноразовые материалы салона красоты,waste,mixed,Требует маршрутизации,material_action,7
можно ли хранить одноразовые материалы салона красоты на улице,material,одноразовые материалы салона красоты,одноразовые материалы салона красоты,MATERIAL_DISCOVERY,одноразовые материалы салона красоты,waste,mixed,Требует маршрутизации,material_action,9
нужен ли договор на одноразовые материалы салона красоты,material,одноразовые материалы салона красоты,одноразовые материалы салона красоты,MATERIAL_DISCOVERY,одноразовые материалы салона красоты,waste,diagnostic,Требует маршрутизации,material_action,8
нужен ли паспорт на одноразовые материалы салона красоты,material,одноразовые материалы салона красоты,одноразовые материалы салона красоты,MATERIAL_DISCOVERY,одноразовые материалы салона красоты,waste,diagnostic,Требует маршрутизации,material_action,8
обезвреживание одноразовые материалы салона красоты,material,одноразовые материалы салона красоты,одноразовые материалы салона красоты,MATERIAL_DISCOVERY,одноразовые материалы салона красоты,waste,commercial,Требует маршрутизации,material_action,5
переработка одноразовые материалы салона красоты,material,одноразовые материалы салона красоты,одноразовые материалы салона красоты,MATERIAL_DISCOVERY,одноразовые материалы салона красоты,waste,mixed,Требует маршрутизации,material_action,5
прием одноразовые материалы салона красоты,material,одноразовые материалы салона красоты,одноразовые материалы салона красоты,MATERIAL_DISCOVERY,одноразовые материалы салона красоты,waste,mixed,Требует маршрутизации,material_action,5
размещение одноразовые материалы салона красоты,material,одноразовые материалы салона красоты,одноразовые материалы салона красоты,MATERIAL_DISCOVERY,одноразовые материалы салона красоты,waste,commercial,Требует маршрутизации,material_action,5
стоимость утилизации одноразовые материалы салона красоты,material,одноразовые материалы салона красоты,одноразовые материалы салона красоты,MATERIAL_DISCOVERY,одноразовые материалы салона красоты,waste,commercial,Требует маршрутизации,material_action,6
утилизация одноразовые материалы салона красоты,material,одноразовые материалы салона красоты,одноразовые материалы салона красоты,MATERIAL_DISCOVERY,одноразовые материалы салона красоты,waste,commercial,Требует маршрутизации,material_action,5
цена вывоза одноразовые материалы салона красоты,material,одноразовые материалы салона красоты,одноразовые материалы салона красоты,MATERIAL_DISCOVERY,одноразовые материалы салона красоты,waste,commercial,Требует маршрутизации,material_action,6
что делать с одноразовые материалы салона красоты,material,одноразовые материалы салона красоты,одноразовые материалы салона красоты,MATERIAL_DISCOVERY,одноразовые материалы салона красоты,waste,diagnostic,Требует маршрутизации,material_action,7
вывоз опилки,material,опилки,опилки,MATERIAL_DISCOVERY,опилки,waste,commercial,Требует маршрутизации,material_action,2
как накапливать опилки,material,опилки,опилки,MATERIAL_DISCOVERY,опилки,waste,mixed,Требует маршрутизации,material_action,3
как учитывать опилки,material,опилки,опилки,MATERIAL_DISCOVERY,опилки,waste,diagnostic,Требует маршрутизации,material_action,3
как хранить опилки,material,опилки,опилки,MATERIAL_DISCOVERY,опилки,waste,diagnostic,Требует маршрутизации,material_action,3
какой класс опасности опилки,material,опилки,опилки,MATERIAL_DISCOVERY,опилки,waste,mixed,Требует маршрутизации,material_action,4
кто забирает опилки,material,опилки,опилки,MATERIAL_DISCOVERY,опилки,waste,mixed,Требует маршрутизации,material_action,3
кто принимает опилки,material,опилки,опилки,MATERIAL_DISCOVERY,опилки,waste,diagnostic,Требует маршрутизации,material_action,3
куда девать опилки,material,опилки,опилки,MATERIAL_DISCOVERY,опилки,waste,diagnostic,Требует маршрутизации,material_action,3
куда передавать опилки,material,опилки,опилки,MATERIAL_DISCOVERY,опилки,waste,diagnostic,Требует маршрутизации,material_action,3
куда сдавать опилки,material,опилки,опилки,MATERIAL_DISCOVERY,опилки,waste,diagnostic,Требует маршрутизации,material_action,3
можно ли выбрасывать опилки,material,опилки,опилки,MATERIAL_DISCOVERY,опилки,waste,mixed,Требует маршрутизации,material_action,4
можно ли хранить опилки на улице,material,опилки,опилки,MATERIAL_DISCOVERY,опилки,waste,mixed,Требует маршрутизации,material_action,6
нужен ли договор на опилки,material,опилки,опилки,MATERIAL_DISCOVERY,опилки,waste,diagnostic,Требует маршрутизации,material_action,5
нужен ли паспорт на опилки,material,опилки,опилки,MATERIAL_DISCOVERY,опилки,waste,diagnostic,Требует маршрутизации,material_action,5
обезвреживание опилки,material,опилки,опилки,MATERIAL_DISCOVERY,опилки,waste,commercial,Требует маршрутизации,material_action,2
переработка опилки,material,опилки,опилки,MATERIAL_DISCOVERY,опилки,waste,mixed,Требует маршрутизации,material_action,2
прием опилки,material,опилки,опилки,MATERIAL_DISCOVERY,опилки,waste,mixed,Требует маршрутизации,material_action,2
размещение опилки,material,опилки,опилки,MATERIAL_DISCOVERY,опилки,waste,commercial,Требует маршрутизации,material_action,2
стоимость утилизации опилки,material,опилки,опилки,MATERIAL_DISCOVERY,опилки,waste,commercial,Требует маршрутизации,material_action,3
утилизация опилки,material,опилки,опилки,MATERIAL_DISCOVERY,опилки,waste,commercial,Требует маршрутизации,material_action,2
цена вывоза опилки,material,опилки,опилки,MATERIAL_DISCOVERY,опилки,waste,commercial,Требует маршрутизации,material_action,3
что делать с опилки,material,опилки,опилки,MATERIAL_DISCOVERY,опилки,waste,diagnostic,Требует маршрутизации,material_action,4
вывоз органические отходы,material,органические отходы,органические отходы,MATERIAL_DISCOVERY,органические отходы,waste,commercial,Требует маршрутизации,material_action,3
как накапливать органические отходы,material,органические отходы,органические отходы,MATERIAL_DISCOVERY,органические отходы,waste,mixed,Требует маршрутизации,material_action,4
как учитывать органические отходы,material,органические отходы,органические отходы,MATERIAL_DISCOVERY,органические отходы,waste,diagnostic,Требует маршрутизации,material_action,4
как хранить органические отходы,material,органические отходы,органические отходы,MATERIAL_DISCOVERY,органические отходы,waste,diagnostic,Требует маршрутизации,material_action,4
какой класс опасности органические отходы,material,органические отходы,органические отходы,MATERIAL_DISCOVERY,органические отходы,waste,mixed,Требует маршрутизации,material_action,5
кто забирает органические отходы,material,органические отходы,органические отходы,MATERIAL_DISCOVERY,органические отходы,waste,mixed,Требует маршрутизации,material_action,4
кто принимает органические отходы,material,органические отходы,органические отходы,MATERIAL_DISCOVERY,органические отходы,waste,diagnostic,Требует маршрутизации,material_action,4
куда девать органические отходы,material,органические отходы,органические отходы,MATERIAL_DISCOVERY,органические отходы,waste,diagnostic,Требует маршрутизации,material_action,4
куда передавать органические отходы,material,органические отходы,органические отходы,MATERIAL_DISCOVERY,органические отходы,waste,diagnostic,Требует маршрутизации,material_action,4
куда сдавать органические отходы,material,органические отходы,органические отходы,MATERIAL_DISCOVERY,органические отходы,waste,diagnostic,Требует маршрутизации,material_action,4
можно ли выбрасывать органические отходы,material,органические отходы,органические отходы,MATERIAL_DISCOVERY,органические отходы,waste,mixed,Требует маршрутизации,material_action,5
можно ли хранить органические отходы на улице,material,органические отходы,органические отходы,MATERIAL_DISCOVERY,органические отходы,waste,mixed,Требует маршрутизации,material_action,7
нужен ли договор на органические отходы,material,органические отходы,органические отходы,MATERIAL_DISCOVERY,органические отходы,waste,diagnostic,Требует маршрутизации,material_action,6
нужен ли паспорт на органические отходы,material,органические отходы,органические отходы,MATERIAL_DISCOVERY,органические отходы,waste,diagnostic,Паспорта отходов,material_action,6
обезвреживание органические отходы,material,органические отходы,органические отходы,MATERIAL_DISCOVERY,органические отходы,waste,commercial,Требует маршрутизации,material_action,3
переработка органические отходы,material,органические отходы,органические отходы,MATERIAL_DISCOVERY,органические отходы,waste,mixed,Требует маршрутизации,material_action,3
прием органические отходы,material,органические отходы,органические отходы,MATERIAL_DISCOVERY,органические отходы,waste,mixed,Требует маршрутизации,material_action,3
размещение органические отходы,material,органические отходы,органические отходы,MATERIAL_DISCOVERY,органические отходы,waste,commercial,Требует маршрутизации,material_action,3
стоимость утилизации органические отходы,material,органические отходы,органические отходы,MATERIAL_DISCOVERY,органические отходы,waste,commercial,Требует маршрутизации,material_action,4
утилизация органические отходы,material,органические отходы,органические отходы,MATERIAL_DISCOVERY,органические отходы,waste,commercial,Требует маршрутизации,material_action,3
цена вывоза органические отходы,material,органические отходы,органические отходы,MATERIAL_DISCOVERY,органические отходы,waste,commercial,Требует маршрутизации,material_action,4
что делать с органические отходы,material,органические отходы,органические отходы,MATERIAL_DISCOVERY,органические отходы,waste,diagnostic,Требует маршрутизации,material_action,5
вывоз осадок очистных сооружений,material,осадок очистных сооружений,осадок очистных сооружений,MATERIAL_DISCOVERY,осадок очистных сооружений,waste,commercial,Вода,material_action,4
как накапливать осадок очистных сооружений,material,осадок очистных сооружений,осадок очистных сооружений,MATERIAL_DISCOVERY,осадок очистных сооружений,waste,mixed,Вода,material_action,5
как учитывать осадок очистных сооружений,material,осадок очистных сооружений,осадок очистных сооружений,MATERIAL_DISCOVERY,осадок очистных сооружений,waste,diagnostic,Вода,material_action,5
как хранить осадок очистных сооружений,material,осадок очистных сооружений,осадок очистных сооружений,MATERIAL_DISCOVERY,осадок очистных сооружений,waste,diagnostic,Вода,material_action,5
какой класс опасности осадок очистных сооружений,material,осадок очистных сооружений,осадок очистных сооружений,MATERIAL_DISCOVERY,осадок очистных сооружений,waste,mixed,Вода,material_action,6
кто забирает осадок очистных сооружений,material,осадок очистных сооружений,осадок очистных сооружений,MATERIAL_DISCOVERY,осадок очистных сооружений,waste,mixed,Вода,material_action,5
кто принимает осадок очистных сооружений,material,осадок очистных сооружений,осадок очистных сооружений,MATERIAL_DISCOVERY,осадок очистных сооружений,waste,diagnostic,Вода,material_action,5
куда девать осадок очистных сооружений,material,осадок очистных сооружений,осадок очистных сооружений,MATERIAL_DISCOVERY,осадок очистных сооружений,waste,diagnostic,Вода,material_action,5
куда передавать осадок очистных сооружений,material,осадок очистных сооружений,осадок очистных сооружений,MATERIAL_DISCOVERY,осадок очистных сооружений,waste,diagnostic,Вода,material_action,5
куда сдавать осадок очистных сооружений,material,осадок очистных сооружений,осадок очистных сооружений,MATERIAL_DISCOVERY,осадок очистных сооружений,waste,diagnostic,Вода,material_action,5
можно ли выбрасывать осадок очистных сооружений,material,осадок очистных сооружений,осадок очистных сооружений,MATERIAL_DISCOVERY,осадок очистных сооружений,waste,mixed,Вода,material_action,6
можно ли хранить осадок очистных сооружений на улице,material,осадок очистных сооружений,осадок очистных сооружений,MATERIAL_DISCOVERY,осадок очистных сооружений,waste,mixed,Вода,material_action,8
нужен ли договор на осадок очистных сооружений,material,осадок очистных сооружений,осадок очистных сооружений,MATERIAL_DISCOVERY,осадок очистных сооружений,waste,diagnostic,Вода,material_action,7
нужен ли паспорт на осадок очистных сооружений,material,осадок очистных сооружений,осадок очистных сооружений,MATERIAL_DISCOVERY,осадок очистных сооружений,waste,diagnostic,Вода,material_action,7
обезвреживание осадок очистных сооружений,material,осадок очистных сооружений,осадок очистных сооружений,MATERIAL_DISCOVERY,осадок очистных сооружений,waste,commercial,Вода,material_action,4
переработка осадок очистных сооружений,material,осадок очистных сооружений,осадок очистных сооружений,MATERIAL_DISCOVERY,осадок очистных сооружений,waste,mixed,Вода,material_action,4
прием осадок очистных сооружений,material,осадок очистных сооружений,осадок очистных сооружений,MATERIAL_DISCOVERY,осадок очистных сооружений,waste,mixed,Вода,material_action,4
размещение осадок очистных сооружений,material,осадок очистных сооружений,осадок очистных сооружений,MATERIAL_DISCOVERY,осадок очистных сооружений,waste,commercial,Вода,material_action,4
стоимость утилизации осадок очистных сооружений,material,осадок очистных сооружений,осадок очистных сооружений,MATERIAL_DISCOVERY,осадок очистных сооружений,waste,commercial,Вода,material_action,5
утилизация осадок очистных сооружений,material,осадок очистных сооружений,осадок очистных сооружений,MATERIAL_DISCOVERY,осадок очистных сооружений,waste,commercial,Вода,material_action,4
цена вывоза осадок очистных сооружений,material,осадок очистных сооружений,осадок очистных сооружений,MATERIAL_DISCOVERY,осадок очистных сооружений,waste,commercial,Вода,material_action,5
что делать с осадок очистных сооружений,material,осадок очистных сооружений,осадок очистных сооружений,MATERIAL_DISCOVERY,осадок очистных сооружений,waste,diagnostic,Вода,material_action,6
вывоз отработанное индустриальное масло,material,отработанное индустриальное масло,отработанное индустриальное масло,MATERIAL_DISCOVERY,отработанное индустриальное масло,waste,commercial,Требует маршрутизации,material_action,4
как накапливать отработанное индустриальное масло,material,отработанное индустриальное масло,отработанное индустриальное масло,MATERIAL_DISCOVERY,отработанное индустриальное масло,waste,mixed,Требует маршрутизации,material_action,5
как учитывать отработанное индустриальное масло,material,отработанное индустриальное масло,отработанное индустриальное масло,MATERIAL_DISCOVERY,отработанное индустриальное масло,waste,diagnostic,Требует маршрутизации,material_action,5
как хранить отработанное индустриальное масло,material,отработанное индустриальное масло,отработанное индустриальное масло,MATERIAL_DISCOVERY,отработанное индустриальное масло,waste,diagnostic,Требует маршрутизации,material_action,5
какой класс опасности отработанное индустриальное масло,material,отработанное индустриальное масло,отработанное индустриальное масло,MATERIAL_DISCOVERY,отработанное индустриальное масло,waste,mixed,Требует маршрутизации,material_action,6
кто забирает отработанное индустриальное масло,material,отработанное индустриальное масло,отработанное индустриальное масло,MATERIAL_DISCOVERY,отработанное индустриальное масло,waste,mixed,Требует маршрутизации,material_action,5
кто принимает отработанное индустриальное масло,material,отработанное индустриальное масло,отработанное индустриальное масло,MATERIAL_DISCOVERY,отработанное индустриальное масло,waste,diagnostic,Требует маршрутизации,material_action,5
куда девать отработанное индустриальное масло,material,отработанное индустриальное масло,отработанное индустриальное масло,MATERIAL_DISCOVERY,отработанное индустриальное масло,waste,diagnostic,Требует маршрутизации,material_action,5
куда передавать отработанное индустриальное масло,material,отработанное индустриальное масло,отработанное индустриальное масло,MATERIAL_DISCOVERY,отработанное индустриальное масло,waste,diagnostic,Требует маршрутизации,material_action,5
куда сдавать отработанное индустриальное масло,material,отработанное индустриальное масло,отработанное индустриальное масло,MATERIAL_DISCOVERY,отработанное индустриальное масло,waste,diagnostic,Требует маршрутизации,material_action,5
можно ли выбрасывать отработанное индустриальное масло,material,отработанное индустриальное масло,отработанное индустриальное масло,MATERIAL_DISCOVERY,отработанное индустриальное масло,waste,mixed,Требует маршрутизации,material_action,6
можно ли хранить отработанное индустриальное масло на улице,material,отработанное индустриальное масло,отработанное индустриальное масло,MATERIAL_DISCOVERY,отработанное индустриальное масло,waste,mixed,Требует маршрутизации,material_action,8
нужен ли договор на отработанное индустриальное масло,material,отработанное индустриальное масло,отработанное индустриальное масло,MATERIAL_DISCOVERY,отработанное индустриальное масло,waste,diagnostic,Требует маршрутизации,material_action,7
нужен ли паспорт на отработанное индустриальное масло,material,отработанное индустриальное масло,отработанное индустриальное масло,MATERIAL_DISCOVERY,отработанное индустриальное масло,waste,diagnostic,Требует маршрутизации,material_action,7
обезвреживание отработанное индустриальное масло,material,отработанное индустриальное масло,отработанное индустриальное масло,MATERIAL_DISCOVERY,отработанное индустриальное масло,waste,commercial,Требует маршрутизации,material_action,4
переработка отработанное индустриальное масло,material,отработанное индустриальное масло,отработанное индустриальное масло,MATERIAL_DISCOVERY,отработанное индустриальное масло,waste,mixed,Требует маршрутизации,material_action,4
прием отработанное индустриальное масло,material,отработанное индустриальное масло,отработанное индустриальное масло,MATERIAL_DISCOVERY,отработанное индустриальное масло,waste,mixed,Требует маршрутизации,material_action,4
размещение отработанное индустриальное масло,material,отработанное индустриальное масло,отработанное индустриальное масло,MATERIAL_DISCOVERY,отработанное индустриальное масло,waste,commercial,Требует маршрутизации,material_action,4
стоимость утилизации отработанное индустриальное масло,material,отработанное индустриальное масло,отработанное индустриальное масло,MATERIAL_DISCOVERY,отработанное индустриальное масло,waste,commercial,Требует маршрутизации,material_action,5
утилизация отработанное индустриальное масло,material,отработанное индустриальное масло,отработанное индустриальное масло,MATERIAL_DISCOVERY,отработанное индустриальное масло,waste,commercial,Требует маршрутизации,material_action,4
цена вывоза отработанное индустриальное масло,material,отработанное индустриальное масло,отработанное индустриальное масло,MATERIAL_DISCOVERY,отработанное индустриальное масло,waste,commercial,Требует маршрутизации,material_action,5
что делать с отработанное индустриальное масло,material,отработанное индустриальное масло,отработанное индустриальное масло,MATERIAL_DISCOVERY,отработанное индустриальное масло,waste,diagnostic,Требует маршрутизации,material_action,6
вывоз отработанное моторное масло,material,отработанное моторное масло,отработанное моторное масло,MATERIAL_DISCOVERY,отработанное моторное масло,waste,commercial,Требует маршрутизации,material_action,4
как накапливать отработанное моторное масло,material,отработанное моторное масло,отработанное моторное масло,MATERIAL_DISCOVERY,отработанное моторное масло,waste,mixed,Требует маршрутизации,material_action,5
как учитывать отработанное моторное масло,material,отработанное моторное масло,отработанное моторное масло,MATERIAL_DISCOVERY,отработанное моторное масло,waste,diagnostic,Требует маршрутизации,material_action,5
как хранить отработанное моторное масло,material,отработанное моторное масло,отработанное моторное масло,MATERIAL_DISCOVERY,отработанное моторное масло,waste,diagnostic,Требует маршрутизации,material_action,5
какой класс опасности отработанное моторное масло,material,отработанное моторное масло,отработанное моторное масло,MATERIAL_DISCOVERY,отработанное моторное масло,waste,mixed,Требует маршрутизации,material_action,6
кто забирает отработанное моторное масло,material,отработанное моторное масло,отработанное моторное масло,MATERIAL_DISCOVERY,отработанное моторное масло,waste,mixed,Требует маршрутизации,material_action,5
кто принимает отработанное моторное масло,material,отработанное моторное масло,отработанное моторное масло,MATERIAL_DISCOVERY,отработанное моторное масло,waste,diagnostic,Требует маршрутизации,material_action,5
куда девать отработанное моторное масло,material,отработанное моторное масло,отработанное моторное масло,MATERIAL_DISCOVERY,отработанное моторное масло,waste,diagnostic,Требует маршрутизации,material_action,5
куда передавать отработанное моторное масло,material,отработанное моторное масло,отработанное моторное масло,MATERIAL_DISCOVERY,отработанное моторное масло,waste,diagnostic,Требует маршрутизации,material_action,5
куда сдавать отработанное моторное масло,material,отработанное моторное масло,отработанное моторное масло,MATERIAL_DISCOVERY,отработанное моторное масло,waste,diagnostic,Требует маршрутизации,material_action,5
можно ли выбрасывать отработанное моторное масло,material,отработанное моторное масло,отработанное моторное масло,MATERIAL_DISCOVERY,отработанное моторное масло,waste,mixed,Требует маршрутизации,material_action,6
можно ли хранить отработанное моторное масло на улице,material,отработанное моторное масло,отработанное моторное масло,MATERIAL_DISCOVERY,отработанное моторное масло,waste,mixed,Требует маршрутизации,material_action,8
нужен ли договор на отработанное моторное масло,material,отработанное моторное масло,отработанное моторное масло,MATERIAL_DISCOVERY,отработанное моторное масло,waste,diagnostic,Требует маршрутизации,material_action,7
нужен ли паспорт на отработанное моторное масло,material,отработанное моторное масло,отработанное моторное масло,MATERIAL_DISCOVERY,отработанное моторное масло,waste,diagnostic,Требует маршрутизации,material_action,7
обезвреживание отработанное моторное масло,material,отработанное моторное масло,отработанное моторное масло,MATERIAL_DISCOVERY,отработанное моторное масло,waste,commercial,Требует маршрутизации,material_action,4
переработка отработанное моторное масло,material,отработанное моторное масло,отработанное моторное масло,MATERIAL_DISCOVERY,отработанное моторное масло,waste,mixed,Требует маршрутизации,material_action,4
прием отработанное моторное масло,material,отработанное моторное масло,отработанное моторное масло,MATERIAL_DISCOVERY,отработанное моторное масло,waste,mixed,Требует маршрутизации,material_action,4
размещение отработанное моторное масло,material,отработанное моторное масло,отработанное моторное масло,MATERIAL_DISCOVERY,отработанное моторное масло,waste,commercial,Требует маршрутизации,material_action,4
стоимость утилизации отработанное моторное масло,material,отработанное моторное масло,отработанное моторное масло,MATERIAL_DISCOVERY,отработанное моторное масло,waste,commercial,Требует маршрутизации,material_action,5
утилизация отработанное моторное масло,material,отработанное моторное масло,отработанное моторное масло,MATERIAL_DISCOVERY,отработанное моторное масло,waste,commercial,Требует маршрутизации,material_action,4
цена вывоза отработанное моторное масло,material,отработанное моторное масло,отработанное моторное масло,MATERIAL_DISCOVERY,отработанное моторное масло,waste,commercial,Требует маршрутизации,material_action,5
что делать с отработанное моторное масло,material,отработанное моторное масло,отработанное моторное масло,MATERIAL_DISCOVERY,отработанное моторное масло,waste,diagnostic,Требует маршрутизации,material_action,6
вывоз отработанные шины,material,отработанные шины,отработанные шины,MATERIAL_DISCOVERY,отработанные шины,waste,commercial,Требует маршрутизации,material_action,3
как накапливать отработанные шины,material,отработанные шины,отработанные шины,MATERIAL_DISCOVERY,отработанные шины,waste,mixed,Требует маршрутизации,material_action,4
как учитывать отработанные шины,material,отработанные шины,отработанные шины,MATERIAL_DISCOVERY,отработанные шины,waste,diagnostic,Требует маршрутизации,material_action,4
как хранить отработанные шины,material,отработанные шины,отработанные шины,MATERIAL_DISCOVERY,отработанные шины,waste,diagnostic,Требует маршрутизации,material_action,4
какой класс опасности отработанные шины,material,отработанные шины,отработанные шины,MATERIAL_DISCOVERY,отработанные шины,waste,mixed,Требует маршрутизации,material_action,5
кто забирает отработанные шины,material,отработанные шины,отработанные шины,MATERIAL_DISCOVERY,отработанные шины,waste,mixed,Требует маршрутизации,material_action,4
кто принимает отработанные шины,material,отработанные шины,отработанные шины,MATERIAL_DISCOVERY,отработанные шины,waste,diagnostic,Требует маршрутизации,material_action,4
куда девать отработанные шины,material,отработанные шины,отработанные шины,MATERIAL_DISCOVERY,отработанные шины,waste,diagnostic,Требует маршрутизации,material_action,4
куда передавать отработанные шины,material,отработанные шины,отработанные шины,MATERIAL_DISCOVERY,отработанные шины,waste,diagnostic,Требует маршрутизации,material_action,4
куда сдавать отработанные шины,material,отработанные шины,отработанные шины,MATERIAL_DISCOVERY,отработанные шины,waste,diagnostic,Требует маршрутизации,material_action,4
можно ли выбрасывать отработанные шины,material,отработанные шины,отработанные шины,MATERIAL_DISCOVERY,отработанные шины,waste,mixed,Требует маршрутизации,material_action,5
можно ли хранить отработанные шины на улице,material,отработанные шины,отработанные шины,MATERIAL_DISCOVERY,отработанные шины,waste,mixed,Требует маршрутизации,material_action,7
нужен ли договор на отработанные шины,material,отработанные шины,отработанные шины,MATERIAL_DISCOVERY,отработанные шины,waste,diagnostic,Требует маршрутизации,material_action,6
нужен ли паспорт на отработанные шины,material,отработанные шины,отработанные шины,MATERIAL_DISCOVERY,отработанные шины,waste,diagnostic,Требует маршрутизации,material_action,6
обезвреживание отработанные шины,material,отработанные шины,отработанные шины,MATERIAL_DISCOVERY,отработанные шины,waste,commercial,Требует маршрутизации,material_action,3
переработка отработанные шины,material,отработанные шины,отработанные шины,MATERIAL_DISCOVERY,отработанные шины,waste,mixed,Требует маршрутизации,material_action,3
прием отработанные шины,material,отработанные шины,отработанные шины,MATERIAL_DISCOVERY,отработанные шины,waste,mixed,Требует маршрутизации,material_action,3
размещение отработанные шины,material,отработанные шины,отработанные шины,MATERIAL_DISCOVERY,отработанные шины,waste,commercial,Требует маршрутизации,material_action,3
стоимость утилизации отработанные шины,material,отработанные шины,отработанные шины,MATERIAL_DISCOVERY,отработанные шины,waste,commercial,Требует маршрутизации,material_action,4
утилизация отработанные шины,material,отработанные шины,отработанные шины,MATERIAL_DISCOVERY,отработанные шины,waste,commercial,Требует маршрутизации,material_action,3
цена вывоза отработанные шины,material,отработанные шины,отработанные шины,MATERIAL_DISCOVERY,отработанные шины,waste,commercial,Требует маршрутизации,material_action,4
что делать с отработанные шины,material,отработанные шины,отработанные шины,MATERIAL_DISCOVERY,отработанные шины,waste,diagnostic,Требует маршрутизации,material_action,5
как учитывать отходы полиэтиленовой пленки,material,отходы полиэтиленовой пленки,отходы полиэтиленовой пленки,MATERIAL_DISCOVERY,отходы полиэтиленовой пленки,general,diagnostic,Требует маршрутизации,material_action,5
нужны ли документы на отходы полиэтиленовой пленки,material,отходы полиэтиленовой пленки,отходы полиэтиленовой пленки,MATERIAL_DISCOVERY,отходы полиэтиленовой пленки,general,mixed,Требует маршрутизации,material_action,7
требования к отходы полиэтиленовой пленки,material,отходы полиэтиленовой пленки,отходы полиэтиленовой пленки,MATERIAL_DISCOVERY,отходы полиэтиленовой пленки,general,mixed,Требует маршрутизации,material_action,5
что делать с отходы полиэтиленовой пленки,material,отходы полиэтиленовой пленки,отходы полиэтиленовой пленки,MATERIAL_DISCOVERY,отходы полиэтиленовой пленки,general,diagnostic,Требует маршрутизации,material_action,6
вывоз пищевые отходы,material,пищевые отходы,пищевые отходы,MATERIAL_DISCOVERY,пищевые отходы,waste,commercial,Требует маршрутизации,material_action,3
как накапливать пищевые отходы,material,пищевые отходы,пищевые отходы,MATERIAL_DISCOVERY,пищевые отходы,waste,mixed,Требует маршрутизации,material_action,4
как учитывать пищевые отходы,material,пищевые отходы,пищевые отходы,MATERIAL_DISCOVERY,пищевые отходы,waste,diagnostic,Требует маршрутизации,material_action,4
как хранить пищевые отходы,material,пищевые отходы,пищевые отходы,MATERIAL_DISCOVERY,пищевые отходы,waste,diagnostic,Требует маршрутизации,material_action,4
какой класс опасности пищевые отходы,material,пищевые отходы,пищевые отходы,MATERIAL_DISCOVERY,пищевые отходы,waste,mixed,Требует маршрутизации,material_action,5
кто забирает пищевые отходы,material,пищевые отходы,пищевые отходы,MATERIAL_DISCOVERY,пищевые отходы,waste,mixed,Требует маршрутизации,material_action,4
кто принимает пищевые отходы,material,пищевые отходы,пищевые отходы,MATERIAL_DISCOVERY,пищевые отходы,waste,diagnostic,Требует маршрутизации,material_action,4
куда девать пищевые отходы,material,пищевые отходы,пищевые отходы,MATERIAL_DISCOVERY,пищевые отходы,waste,diagnostic,Требует маршрутизации,material_action,4
куда передавать пищевые отходы,material,пищевые отходы,пищевые отходы,MATERIAL_DISCOVERY,пищевые отходы,waste,diagnostic,Требует маршрутизации,material_action,4
куда сдавать пищевые отходы,material,пищевые отходы,пищевые отходы,MATERIAL_DISCOVERY,пищевые отходы,waste,diagnostic,Требует маршрутизации,material_action,4
можно ли выбрасывать пищевые отходы,material,пищевые отходы,пищевые отходы,MATERIAL_DISCOVERY,пищевые отходы,waste,mixed,Требует маршрутизации,material_action,5
можно ли хранить пищевые отходы на улице,material,пищевые отходы,пищевые отходы,MATERIAL_DISCOVERY,пищевые отходы,waste,mixed,Требует маршрутизации,material_action,7
нужен ли договор на пищевые отходы,material,пищевые отходы,пищевые отходы,MATERIAL_DISCOVERY,пищевые отходы,waste,diagnostic,Требует маршрутизации,material_action,6
нужен ли паспорт на пищевые отходы,material,пищевые отходы,пищевые отходы,MATERIAL_DISCOVERY,пищевые отходы,waste,diagnostic,Паспорта отходов,material_action,6
обезвреживание пищевые отходы,material,пищевые отходы,пищевые отходы,MATERIAL_DISCOVERY,пищевые отходы,waste,commercial,Требует маршрутизации,material_action,3
переработка пищевые отходы,material,пищевые отходы,пищевые отходы,MATERIAL_DISCOVERY,пищевые отходы,waste,mixed,Требует маршрутизации,material_action,3
прием пищевые отходы,material,пищевые отходы,пищевые отходы,MATERIAL_DISCOVERY,пищевые отходы,waste,mixed,Требует маршрутизации,material_action,3
размещение пищевые отходы,material,пищевые отходы,пищевые отходы,MATERIAL_DISCOVERY,пищевые отходы,waste,commercial,Требует маршрутизации,material_action,3
стоимость утилизации пищевые отходы,material,пищевые отходы,пищевые отходы,MATERIAL_DISCOVERY,пищевые отходы,waste,commercial,Требует маршрутизации,material_action,4
утилизация пищевые отходы,material,пищевые отходы,пищевые отходы,MATERIAL_DISCOVERY,пищевые отходы,waste,commercial,Требует маршрутизации,material_action,3
цена вывоза пищевые отходы,material,пищевые отходы,пищевые отходы,MATERIAL_DISCOVERY,пищевые отходы,waste,commercial,Требует маршрутизации,material_action,4
что делать с пищевые отходы,material,пищевые отходы,пищевые отходы,MATERIAL_DISCOVERY,пищевые отходы,waste,diagnostic,Требует маршрутизации,material_action,5
вывоз пластиковая упаковка,material,пластиковая упаковка,пластиковая упаковка,MATERIAL_DISCOVERY,пластиковая упаковка,waste,commercial,Требует маршрутизации,material_action,3
как накапливать пластиковая упаковка,material,пластиковая упаковка,пластиковая упаковка,MATERIAL_DISCOVERY,пластиковая упаковка,waste,mixed,Требует маршрутизации,material_action,4
как учитывать пластиковая упаковка,material,пластиковая упаковка,пластиковая упаковка,MATERIAL_DISCOVERY,пластиковая упаковка,waste,diagnostic,Требует маршрутизации,material_action,4
как хранить пластиковая упаковка,material,пластиковая упаковка,пластиковая упаковка,MATERIAL_DISCOVERY,пластиковая упаковка,waste,diagnostic,Требует маршрутизации,material_action,4
какой класс опасности пластиковая упаковка,material,пластиковая упаковка,пластиковая упаковка,MATERIAL_DISCOVERY,пластиковая упаковка,waste,mixed,Требует маршрутизации,material_action,5
кто забирает пластиковая упаковка,material,пластиковая упаковка,пластиковая упаковка,MATERIAL_DISCOVERY,пластиковая упаковка,waste,mixed,Требует маршрутизации,material_action,4
кто принимает пластиковая упаковка,material,пластиковая упаковка,пластиковая упаковка,MATERIAL_DISCOVERY,пластиковая упаковка,waste,diagnostic,Требует маршрутизации,material_action,4
куда девать пластиковая упаковка,material,пластиковая упаковка,пластиковая упаковка,MATERIAL_DISCOVERY,пластиковая упаковка,waste,diagnostic,Требует маршрутизации,material_action,4
куда передавать пластиковая упаковка,material,пластиковая упаковка,пластиковая упаковка,MATERIAL_DISCOVERY,пластиковая упаковка,waste,diagnostic,Требует маршрутизации,material_action,4
куда сдавать пластиковая упаковка,material,пластиковая упаковка,пластиковая упаковка,MATERIAL_DISCOVERY,пластиковая упаковка,waste,diagnostic,Требует маршрутизации,material_action,4
можно ли выбрасывать пластиковая упаковка,material,пластиковая упаковка,пластиковая упаковка,MATERIAL_DISCOVERY,пластиковая упаковка,waste,mixed,Требует маршрутизации,material_action,5
можно ли хранить пластиковая упаковка на улице,material,пластиковая упаковка,пластиковая упаковка,MATERIAL_DISCOVERY,пластиковая упаковка,waste,mixed,Требует маршрутизации,material_action,7
нужен ли договор на пластиковая упаковка,material,пластиковая упаковка,пластиковая упаковка,MATERIAL_DISCOVERY,пластиковая упаковка,waste,diagnostic,Требует маршрутизации,material_action,6
нужен ли паспорт на пластиковая упаковка,material,пластиковая упаковка,пластиковая упаковка,MATERIAL_DISCOVERY,пластиковая упаковка,waste,diagnostic,Требует маршрутизации,material_action,6
обезвреживание пластиковая упаковка,material,пластиковая упаковка,пластиковая упаковка,MATERIAL_DISCOVERY,пластиковая упаковка,waste,commercial,Требует маршрутизации,material_action,3
переработка пластиковая упаковка,material,пластиковая упаковка,пластиковая упаковка,MATERIAL_DISCOVERY,пластиковая упаковка,waste,mixed,Требует маршрутизации,material_action,3
прием пластиковая упаковка,material,пластиковая упаковка,пластиковая упаковка,MATERIAL_DISCOVERY,пластиковая упаковка,waste,mixed,Требует маршрутизации,material_action,3
размещение пластиковая упаковка,material,пластиковая упаковка,пластиковая упаковка,MATERIAL_DISCOVERY,пластиковая упаковка,waste,commercial,Требует маршрутизации,material_action,3
стоимость утилизации пластиковая упаковка,material,пластиковая упаковка,пластиковая упаковка,MATERIAL_DISCOVERY,пластиковая упаковка,waste,commercial,Требует маршрутизации,material_action,4
утилизация пластиковая упаковка,material,пластиковая упаковка,пластиковая упаковка,MATERIAL_DISCOVERY,пластиковая упаковка,waste,commercial,Требует маршрутизации,material_action,3
цена вывоза пластиковая упаковка,material,пластиковая упаковка,пластиковая упаковка,MATERIAL_DISCOVERY,пластиковая упаковка,waste,commercial,Требует маршрутизации,material_action,4
что делать с пластиковая упаковка,material,пластиковая упаковка,пластиковая упаковка,MATERIAL_DISCOVERY,пластиковая упаковка,waste,diagnostic,Требует маршрутизации,material_action,5
как учитывать полипропиленовые мешки,material,полипропиленовые мешки,полипропиленовые мешки,MATERIAL_DISCOVERY,полипропиленовые мешки,general,diagnostic,Требует маршрутизации,material_action,4
нужны ли документы на полипропиленовые мешки,material,полипропиленовые мешки,полипропиленовые мешки,MATERIAL_DISCOVERY,полипропиленовые мешки,general,mixed,Требует маршрутизации,material_action,6
требования к полипропиленовые мешки,material,полипропиленовые мешки,полипропиленовые мешки,MATERIAL_DISCOVERY,полипропиленовые мешки,general,mixed,Требует маршрутизации,material_action,4
что делать с полипропиленовые мешки,material,полипропиленовые мешки,полипропиленовые мешки,MATERIAL_DISCOVERY,полипропиленовые мешки,general,diagnostic,Требует маршрутизации,material_action,5
вывоз промасленная ветошь,material,промасленная ветошь,промасленная ветошь,MATERIAL_DISCOVERY,промасленная ветошь,waste,commercial,Требует маршрутизации,material_action,3
как накапливать промасленная ветошь,material,промасленная ветошь,промасленная ветошь,MATERIAL_DISCOVERY,промасленная ветошь,waste,mixed,Требует маршрутизации,material_action,4
как учитывать промасленная ветошь,material,промасленная ветошь,промасленная ветошь,MATERIAL_DISCOVERY,промасленная ветошь,waste,diagnostic,Требует маршрутизации,material_action,4
как хранить промасленная ветошь,material,промасленная ветошь,промасленная ветошь,MATERIAL_DISCOVERY,промасленная ветошь,waste,diagnostic,Требует маршрутизации,material_action,4
какой класс опасности промасленная ветошь,material,промасленная ветошь,промасленная ветошь,MATERIAL_DISCOVERY,промасленная ветошь,waste,mixed,Требует маршрутизации,material_action,5
кто забирает промасленная ветошь,material,промасленная ветошь,промасленная ветошь,MATERIAL_DISCOVERY,промасленная ветошь,waste,mixed,Требует маршрутизации,material_action,4
кто принимает промасленная ветошь,material,промасленная ветошь,промасленная ветошь,MATERIAL_DISCOVERY,промасленная ветошь,waste,diagnostic,Требует маршрутизации,material_action,4
куда девать промасленная ветошь,material,промасленная ветошь,промасленная ветошь,MATERIAL_DISCOVERY,промасленная ветошь,waste,diagnostic,Требует маршрутизации,material_action,4
куда передавать промасленная ветошь,material,промасленная ветошь,промасленная ветошь,MATERIAL_DISCOVERY,промасленная ветошь,waste,diagnostic,Требует маршрутизации,material_action,4
куда сдавать промасленная ветошь,material,промасленная ветошь,промасленная ветошь,MATERIAL_DISCOVERY,промасленная ветошь,waste,diagnostic,Требует маршрутизации,material_action,4
можно ли выбрасывать промасленная ветошь,material,промасленная ветошь,промасленная ветошь,MATERIAL_DISCOVERY,промасленная ветошь,waste,mixed,Требует маршрутизации,material_action,5
можно ли хранить промасленная ветошь на улице,material,промасленная ветошь,промасленная ветошь,MATERIAL_DISCOVERY,промасленная ветошь,waste,mixed,Требует маршрутизации,material_action,7
нужен ли договор на промасленная ветошь,material,промасленная ветошь,промасленная ветошь,MATERIAL_DISCOVERY,промасленная ветошь,waste,diagnostic,Требует маршрутизации,material_action,6
нужен ли паспорт на промасленная ветошь,material,промасленная ветошь,промасленная ветошь,MATERIAL_DISCOVERY,промасленная ветошь,waste,diagnostic,Требует маршрутизации,material_action,6
обезвреживание промасленная ветошь,material,промасленная ветошь,промасленная ветошь,MATERIAL_DISCOVERY,промасленная ветошь,waste,commercial,Требует маршрутизации,material_action,3
переработка промасленная ветошь,material,промасленная ветошь,промасленная ветошь,MATERIAL_DISCOVERY,промасленная ветошь,waste,mixed,Требует маршрутизации,material_action,3
прием промасленная ветошь,material,промасленная ветошь,промасленная ветошь,MATERIAL_DISCOVERY,промасленная ветошь,waste,mixed,Требует маршрутизации,material_action,3
размещение промасленная ветошь,material,промасленная ветошь,промасленная ветошь,MATERIAL_DISCOVERY,промасленная ветошь,waste,commercial,Требует маршрутизации,material_action,3
стоимость утилизации промасленная ветошь,material,промасленная ветошь,промасленная ветошь,MATERIAL_DISCOVERY,промасленная ветошь,waste,commercial,Требует маршрутизации,material_action,4
утилизация промасленная ветошь,material,промасленная ветошь,промасленная ветошь,MATERIAL_DISCOVERY,промасленная ветошь,waste,commercial,Требует маршрутизации,material_action,3
цена вывоза промасленная ветошь,material,промасленная ветошь,промасленная ветошь,MATERIAL_DISCOVERY,промасленная ветошь,waste,commercial,Требует маршрутизации,material_action,4
что делать с промасленная ветошь,material,промасленная ветошь,промасленная ветошь,MATERIAL_DISCOVERY,промасленная ветошь,waste,diagnostic,Требует маршрутизации,material_action,5
вывоз растворители,material,растворители,растворители,MATERIAL_DISCOVERY,растворители,waste,commercial,Требует маршрутизации,material_action,2
как накапливать растворители,material,растворители,растворители,MATERIAL_DISCOVERY,растворители,waste,mixed,Требует маршрутизации,material_action,3
как учитывать растворители,material,растворители,растворители,MATERIAL_DISCOVERY,растворители,waste,diagnostic,Требует маршрутизации,material_action,3
как хранить растворители,material,растворители,растворители,MATERIAL_DISCOVERY,растворители,waste,diagnostic,Требует маршрутизации,material_action,3
какой класс опасности растворители,material,растворители,растворители,MATERIAL_DISCOVERY,растворители,waste,mixed,Требует маршрутизации,material_action,4
кто забирает растворители,material,растворители,растворители,MATERIAL_DISCOVERY,растворители,waste,mixed,Требует маршрутизации,material_action,3
кто принимает растворители,material,растворители,растворители,MATERIAL_DISCOVERY,растворители,waste,diagnostic,Требует маршрутизации,material_action,3
куда девать растворители,material,растворители,растворители,MATERIAL_DISCOVERY,растворители,waste,diagnostic,Требует маршрутизации,material_action,3
куда передавать растворители,material,растворители,растворители,MATERIAL_DISCOVERY,растворители,waste,diagnostic,Требует маршрутизации,material_action,3
куда сдавать растворители,material,растворители,растворители,MATERIAL_DISCOVERY,растворители,waste,diagnostic,Требует маршрутизации,material_action,3
можно ли выбрасывать растворители,material,растворители,растворители,MATERIAL_DISCOVERY,растворители,waste,mixed,Требует маршрутизации,material_action,4
можно ли хранить растворители на улице,material,растворители,растворители,MATERIAL_DISCOVERY,растворители,waste,mixed,Требует маршрутизации,material_action,6
нужен ли договор на растворители,material,растворители,растворители,MATERIAL_DISCOVERY,растворители,waste,diagnostic,Требует маршрутизации,material_action,5
нужен ли паспорт на растворители,material,растворители,растворители,MATERIAL_DISCOVERY,растворители,waste,diagnostic,Требует маршрутизации,material_action,5
обезвреживание растворители,material,растворители,растворители,MATERIAL_DISCOVERY,растворители,waste,commercial,Требует маршрутизации,material_action,2
переработка растворители,material,растворители,растворители,MATERIAL_DISCOVERY,растворители,waste,mixed,Требует маршрутизации,material_action,2
прием растворители,material,растворители,растворители,MATERIAL_DISCOVERY,растворители,waste,mixed,Требует маршрутизации,material_action,2
размещение растворители,material,растворители,растворители,MATERIAL_DISCOVERY,растворители,waste,commercial,Требует маршрутизации,material_action,2
стоимость утилизации растворители,material,растворители,растворители,MATERIAL_DISCOVERY,растворители,waste,commercial,Требует маршрутизации,material_action,3
утилизация растворители,material,растворители,растворители,MATERIAL_DISCOVERY,растворители,waste,commercial,Требует маршрутизации,material_action,2
цена вывоза растворители,material,растворители,растворители,MATERIAL_DISCOVERY,растворители,waste,commercial,Требует маршрутизации,material_action,3
что делать с растворители,material,растворители,растворители,MATERIAL_DISCOVERY,растворители,waste,diagnostic,Требует маршрутизации,material_action,4
вывоз ртутные лампы,material,ртутные лампы,ртутные лампы,MATERIAL_DISCOVERY,ртутные лампы,waste,commercial,Требует маршрутизации,material_action,3
как накапливать ртутные лампы,material,ртутные лампы,ртутные лампы,MATERIAL_DISCOVERY,ртутные лампы,waste,mixed,Требует маршрутизации,material_action,4
как учитывать ртутные лампы,material,ртутные лампы,ртутные лампы,MATERIAL_DISCOVERY,ртутные лампы,waste,diagnostic,Требует маршрутизации,material_action,4
как хранить ртутные лампы,material,ртутные лампы,ртутные лампы,MATERIAL_DISCOVERY,ртутные лампы,waste,diagnostic,Требует маршрутизации,material_action,4
какой класс опасности ртутные лампы,material,ртутные лампы,ртутные лампы,MATERIAL_DISCOVERY,ртутные лампы,waste,mixed,Требует маршрутизации,material_action,5
кто забирает ртутные лампы,material,ртутные лампы,ртутные лампы,MATERIAL_DISCOVERY,ртутные лампы,waste,mixed,Требует маршрутизации,material_action,4
кто принимает ртутные лампы,material,ртутные лампы,ртутные лампы,MATERIAL_DISCOVERY,ртутные лампы,waste,diagnostic,Требует маршрутизации,material_action,4
куда девать ртутные лампы,material,ртутные лампы,ртутные лампы,MATERIAL_DISCOVERY,ртутные лампы,waste,diagnostic,Требует маршрутизации,material_action,4
куда передавать ртутные лампы,material,ртутные лампы,ртутные лампы,MATERIAL_DISCOVERY,ртутные лампы,waste,diagnostic,Требует маршрутизации,material_action,4
куда сдавать ртутные лампы,material,ртутные лампы,ртутные лампы,MATERIAL_DISCOVERY,ртутные лампы,waste,diagnostic,Требует маршрутизации,material_action,4
можно ли выбрасывать ртутные лампы,material,ртутные лампы,ртутные лампы,MATERIAL_DISCOVERY,ртутные лампы,waste,mixed,Требует маршрутизации,material_action,5
можно ли хранить ртутные лампы на улице,material,ртутные лампы,ртутные лампы,MATERIAL_DISCOVERY,ртутные лампы,waste,mixed,Требует маршрутизации,material_action,7
нужен ли договор на ртутные лампы,material,ртутные лампы,ртутные лампы,MATERIAL_DISCOVERY,ртутные лампы,waste,diagnostic,Требует маршрутизации,material_action,6
нужен ли паспорт на ртутные лампы,material,ртутные лампы,ртутные лампы,MATERIAL_DISCOVERY,ртутные лампы,waste,diagnostic,Требует маршрутизации,material_action,6
обезвреживание ртутные лампы,material,ртутные лампы,ртутные лампы,MATERIAL_DISCOVERY,ртутные лампы,waste,commercial,Требует маршрутизации,material_action,3
переработка ртутные лампы,material,ртутные лампы,ртутные лампы,MATERIAL_DISCOVERY,ртутные лампы,waste,mixed,Требует маршрутизации,material_action,3
прием ртутные лампы,material,ртутные лампы,ртутные лампы,MATERIAL_DISCOVERY,ртутные лампы,waste,mixed,Требует маршрутизации,material_action,3
размещение ртутные лампы,material,ртутные лампы,ртутные лампы,MATERIAL_DISCOVERY,ртутные лампы,waste,commercial,Требует маршрутизации,material_action,3
стоимость утилизации ртутные лампы,material,ртутные лампы,ртутные лампы,MATERIAL_DISCOVERY,ртутные лампы,waste,commercial,Требует маршрутизации,material_action,4
утилизация ртутные лампы,material,ртутные лампы,ртутные лампы,MATERIAL_DISCOVERY,ртутные лампы,waste,commercial,Требует маршрутизации,material_action,3
цена вывоза ртутные лампы,material,ртутные лампы,ртутные лампы,MATERIAL_DISCOVERY,ртутные лампы,waste,commercial,Требует маршрутизации,material_action,4
что делать с ртутные лампы,material,ртутные лампы,ртутные лампы,MATERIAL_DISCOVERY,ртутные лампы,waste,diagnostic,Требует маршрутизации,material_action,5
вывоз светодиодные лампы,material,светодиодные лампы,светодиодные лампы,MATERIAL_DISCOVERY,светодиодные лампы,waste,commercial,Требует маршрутизации,material_action,3
как накапливать светодиодные лампы,material,светодиодные лампы,светодиодные лампы,MATERIAL_DISCOVERY,светодиодные лампы,waste,mixed,Требует маршрутизации,material_action,4
как учитывать светодиодные лампы,material,светодиодные лампы,светодиодные лампы,MATERIAL_DISCOVERY,светодиодные лампы,waste,diagnostic,Требует маршрутизации,material_action,4
как хранить светодиодные лампы,material,светодиодные лампы,светодиодные лампы,MATERIAL_DISCOVERY,светодиодные лампы,waste,diagnostic,Требует маршрутизации,material_action,4
какой класс опасности светодиодные лампы,material,светодиодные лампы,светодиодные лампы,MATERIAL_DISCOVERY,светодиодные лампы,waste,mixed,Требует маршрутизации,material_action,5
кто забирает светодиодные лампы,material,светодиодные лампы,светодиодные лампы,MATERIAL_DISCOVERY,светодиодные лампы,waste,mixed,Требует маршрутизации,material_action,4
кто принимает светодиодные лампы,material,светодиодные лампы,светодиодные лампы,MATERIAL_DISCOVERY,светодиодные лампы,waste,diagnostic,Требует маршрутизации,material_action,4
куда девать светодиодные лампы,material,светодиодные лампы,светодиодные лампы,MATERIAL_DISCOVERY,светодиодные лампы,waste,diagnostic,Требует маршрутизации,material_action,4
куда передавать светодиодные лампы,material,светодиодные лампы,светодиодные лампы,MATERIAL_DISCOVERY,светодиодные лампы,waste,diagnostic,Требует маршрутизации,material_action,4
куда сдавать светодиодные лампы,material,светодиодные лампы,светодиодные лампы,MATERIAL_DISCOVERY,светодиодные лампы,waste,diagnostic,Требует маршрутизации,material_action,4
можно ли выбрасывать светодиодные лампы,material,светодиодные лампы,светодиодные лампы,MATERIAL_DISCOVERY,светодиодные лампы,waste,mixed,Требует маршрутизации,material_action,5
можно ли хранить светодиодные лампы на улице,material,светодиодные лампы,светодиодные лампы,MATERIAL_DISCOVERY,светодиодные лампы,waste,mixed,Требует маршрутизации,material_action,7
нужен ли договор на светодиодные лампы,material,светодиодные лампы,светодиодные лампы,MATERIAL_DISCOVERY,светодиодные лампы,waste,diagnostic,Требует маршрутизации,material_action,6
нужен ли паспорт на светодиодные лампы,material,светодиодные лампы,светодиодные лампы,MATERIAL_DISCOVERY,светодиодные лампы,waste,diagnostic,Требует маршрутизации,material_action,6
обезвреживание светодиодные лампы,material,светодиодные лампы,светодиодные лампы,MATERIAL_DISCOVERY,светодиодные лампы,waste,commercial,Требует маршрутизации,material_action,3
переработка светодиодные лампы,material,светодиодные лампы,светодиодные лампы,MATERIAL_DISCOVERY,светодиодные лампы,waste,mixed,Требует маршрутизации,material_action,3
прием светодиодные лампы,material,светодиодные лампы,светодиодные лампы,MATERIAL_DISCOVERY,светодиодные лампы,waste,mixed,Требует маршрутизации,material_action,3
размещение светодиодные лампы,material,светодиодные лампы,светодиодные лампы,MATERIAL_DISCOVERY,светодиодные лампы,waste,commercial,Требует маршрутизации,material_action,3
стоимость утилизации светодиодные лампы,material,светодиодные лампы,светодиодные лампы,MATERIAL_DISCOVERY,светодиодные лампы,waste,commercial,Требует маршрутизации,material_action,4
утилизация светодиодные лампы,material,светодиодные лампы,светодиодные лампы,MATERIAL_DISCOVERY,светодиодные лампы,waste,commercial,Требует маршрутизации,material_action,3
цена вывоза светодиодные лампы,material,светодиодные лампы,светодиодные лампы,MATERIAL_DISCOVERY,светодиодные лампы,waste,commercial,Требует маршрутизации,material_action,4
что делать с светодиодные лампы,material,светодиодные лампы,светодиодные лампы,MATERIAL_DISCOVERY,светодиодные лампы,waste,diagnostic,Требует маршрутизации,material_action,5
вывоз стрейч пленка,material,стрейч пленка,стрейч пленка,MATERIAL_DISCOVERY,стрейч пленка,waste,commercial,Требует маршрутизации,material_action,3
как накапливать стрейч пленка,material,стрейч пленка,стрейч пленка,MATERIAL_DISCOVERY,стрейч пленка,waste,mixed,Требует маршрутизации,material_action,4
как учитывать стрейч пленка,material,стрейч пленка,стрейч пленка,MATERIAL_DISCOVERY,стрейч пленка,waste,diagnostic,Требует маршрутизации,material_action,4
как хранить стрейч пленка,material,стрейч пленка,стрейч пленка,MATERIAL_DISCOVERY,стрейч пленка,waste,diagnostic,Требует маршрутизации,material_action,4
какой класс опасности стрейч пленка,material,стрейч пленка,стрейч пленка,MATERIAL_DISCOVERY,стрейч пленка,waste,mixed,Требует маршрутизации,material_action,5
кто забирает стрейч пленка,material,стрейч пленка,стрейч пленка,MATERIAL_DISCOVERY,стрейч пленка,waste,mixed,Требует маршрутизации,material_action,4
кто принимает стрейч пленка,material,стрейч пленка,стрейч пленка,MATERIAL_DISCOVERY,стрейч пленка,waste,diagnostic,Требует маршрутизации,material_action,4
куда девать стрейч пленка,material,стрейч пленка,стрейч пленка,MATERIAL_DISCOVERY,стрейч пленка,waste,diagnostic,Требует маршрутизации,material_action,4
куда передавать стрейч пленка,material,стрейч пленка,стрейч пленка,MATERIAL_DISCOVERY,стрейч пленка,waste,diagnostic,Требует маршрутизации,material_action,4
куда сдавать стрейч пленка,material,стрейч пленка,стрейч пленка,MATERIAL_DISCOVERY,стрейч пленка,waste,diagnostic,Требует маршрутизации,material_action,4
можно ли выбрасывать стрейч пленка,material,стрейч пленка,стрейч пленка,MATERIAL_DISCOVERY,стрейч пленка,waste,mixed,Требует маршрутизации,material_action,5
можно ли хранить стрейч пленка на улице,material,стрейч пленка,стрейч пленка,MATERIAL_DISCOVERY,стрейч пленка,waste,mixed,Требует маршрутизации,material_action,7
нужен ли договор на стрейч пленка,material,стрейч пленка,стрейч пленка,MATERIAL_DISCOVERY,стрейч пленка,waste,diagnostic,Требует маршрутизации,material_action,6
нужен ли паспорт на стрейч пленка,material,стрейч пленка,стрейч пленка,MATERIAL_DISCOVERY,стрейч пленка,waste,diagnostic,Требует маршрутизации,material_action,6
обезвреживание стрейч пленка,material,стрейч пленка,стрейч пленка,MATERIAL_DISCOVERY,стрейч пленка,waste,commercial,Требует маршрутизации,material_action,3
переработка стрейч пленка,material,стрейч пленка,стрейч пленка,MATERIAL_DISCOVERY,стрейч пленка,waste,mixed,Требует маршрутизации,material_action,3
прием стрейч пленка,material,стрейч пленка,стрейч пленка,MATERIAL_DISCOVERY,стрейч пленка,waste,mixed,Требует маршрутизации,material_action,3
размещение стрейч пленка,material,стрейч пленка,стрейч пленка,MATERIAL_DISCOVERY,стрейч пленка,waste,commercial,Требует маршрутизации,material_action,3
стоимость утилизации стрейч пленка,material,стрейч пленка,стрейч пленка,MATERIAL_DISCOVERY,стрейч пленка,waste,commercial,Требует маршрутизации,material_action,4
утилизация стрейч пленка,material,стрейч пленка,стрейч пленка,MATERIAL_DISCOVERY,стрейч пленка,waste,commercial,Требует маршрутизации,material_action,3
цена вывоза стрейч пленка,material,стрейч пленка,стрейч пленка,MATERIAL_DISCOVERY,стрейч пленка,waste,commercial,Требует маршрутизации,material_action,4
что делать с стрейч пленка,material,стрейч пленка,стрейч пленка,MATERIAL_DISCOVERY,стрейч пленка,waste,diagnostic,Требует маршрутизации,material_action,5
вывоз строительный мусор,material,строительный мусор,строительный мусор,MATERIAL_DISCOVERY,строительный мусор,waste,commercial,Требует маршрутизации,material_action,3
как накапливать строительный мусор,material,строительный мусор,строительный мусор,MATERIAL_DISCOVERY,строительный мусор,waste,mixed,Требует маршрутизации,material_action,4
как учитывать строительный мусор,material,строительный мусор,строительный мусор,MATERIAL_DISCOVERY,строительный мусор,waste,diagnostic,Требует маршрутизации,material_action,4
как хранить строительный мусор,material,строительный мусор,строительный мусор,MATERIAL_DISCOVERY,строительный мусор,waste,diagnostic,Требует маршрутизации,material_action,4
какой класс опасности строительный мусор,material,строительный мусор,строительный мусор,MATERIAL_DISCOVERY,строительный мусор,waste,mixed,Требует маршрутизации,material_action,5
кто забирает строительный мусор,material,строительный мусор,строительный мусор,MATERIAL_DISCOVERY,строительный мусор,waste,mixed,Требует маршрутизации,material_action,4
кто принимает строительный мусор,material,строительный мусор,строительный мусор,MATERIAL_DISCOVERY,строительный мусор,waste,diagnostic,Требует маршрутизации,material_action,4
куда девать строительный мусор,material,строительный мусор,строительный мусор,MATERIAL_DISCOVERY,строительный мусор,waste,diagnostic,Требует маршрутизации,material_action,4
куда передавать строительный мусор,material,строительный мусор,строительный мусор,MATERIAL_DISCOVERY,строительный мусор,waste,diagnostic,Требует маршрутизации,material_action,4
куда сдавать строительный мусор,material,строительный мусор,строительный мусор,MATERIAL_DISCOVERY,строительный мусор,waste,diagnostic,Требует маршрутизации,material_action,4
можно ли выбрасывать строительный мусор,material,строительный мусор,строительный мусор,MATERIAL_DISCOVERY,строительный мусор,waste,mixed,Требует маршрутизации,material_action,5
можно ли хранить строительный мусор на улице,material,строительный мусор,строительный мусор,MATERIAL_DISCOVERY,строительный мусор,waste,mixed,Требует маршрутизации,material_action,7
нужен ли договор на строительный мусор,material,строительный мусор,строительный мусор,MATERIAL_DISCOVERY,строительный мусор,waste,diagnostic,Требует маршрутизации,material_action,6
нужен ли паспорт на строительный мусор,material,строительный мусор,строительный мусор,MATERIAL_DISCOVERY,строительный мусор,waste,diagnostic,Требует маршрутизации,material_action,6
обезвреживание строительный мусор,material,строительный мусор,строительный мусор,MATERIAL_DISCOVERY,строительный мусор,waste,commercial,Требует маршрутизации,material_action,3
переработка строительный мусор,material,строительный мусор,строительный мусор,MATERIAL_DISCOVERY,строительный мусор,waste,mixed,Требует маршрутизации,material_action,3
прием строительный мусор,material,строительный мусор,строительный мусор,MATERIAL_DISCOVERY,строительный мусор,waste,mixed,Требует маршрутизации,material_action,3
размещение строительный мусор,material,строительный мусор,строительный мусор,MATERIAL_DISCOVERY,строительный мусор,waste,commercial,Требует маршрутизации,material_action,3
стоимость утилизации строительный мусор,material,строительный мусор,строительный мусор,MATERIAL_DISCOVERY,строительный мусор,waste,commercial,Требует маршрутизации,material_action,4
утилизация строительный мусор,material,строительный мусор,строительный мусор,MATERIAL_DISCOVERY,строительный мусор,waste,commercial,Требует маршрутизации,material_action,3
цена вывоза строительный мусор,material,строительный мусор,строительный мусор,MATERIAL_DISCOVERY,строительный мусор,waste,commercial,Требует маршрутизации,material_action,4
что делать с строительный мусор,material,строительный мусор,строительный мусор,MATERIAL_DISCOVERY,строительный мусор,waste,diagnostic,Требует маршрутизации,material_action,5
вывоз стружка древесная,material,стружка древесная,стружка древесная,MATERIAL_DISCOVERY,стружка древесная,waste,commercial,Требует маршрутизации,material_action,3
как накапливать стружка древесная,material,стружка древесная,стружка древесная,MATERIAL_DISCOVERY,стружка древесная,waste,mixed,Требует маршрутизации,material_action,4
как учитывать стружка древесная,material,стружка древесная,стружка древесная,MATERIAL_DISCOVERY,стружка древесная,waste,diagnostic,Требует маршрутизации,material_action,4
как хранить стружка древесная,material,стружка древесная,стружка древесная,MATERIAL_DISCOVERY,стружка древесная,waste,diagnostic,Требует маршрутизации,material_action,4
какой класс опасности стружка древесная,material,стружка древесная,стружка древесная,MATERIAL_DISCOVERY,стружка древесная,waste,mixed,Требует маршрутизации,material_action,5
кто забирает стружка древесная,material,стружка древесная,стружка древесная,MATERIAL_DISCOVERY,стружка древесная,waste,mixed,Требует маршрутизации,material_action,4
кто принимает стружка древесная,material,стружка древесная,стружка древесная,MATERIAL_DISCOVERY,стружка древесная,waste,diagnostic,Требует маршрутизации,material_action,4
куда девать стружка древесная,material,стружка древесная,стружка древесная,MATERIAL_DISCOVERY,стружка древесная,waste,diagnostic,Требует маршрутизации,material_action,4
куда передавать стружка древесная,material,стружка древесная,стружка древесная,MATERIAL_DISCOVERY,стружка древесная,waste,diagnostic,Требует маршрутизации,material_action,4
куда сдавать стружка древесная,material,стружка древесная,стружка древесная,MATERIAL_DISCOVERY,стружка древесная,waste,diagnostic,Требует маршрутизации,material_action,4
можно ли выбрасывать стружка древесная,material,стружка древесная,стружка древесная,MATERIAL_DISCOVERY,стружка древесная,waste,mixed,Требует маршрутизации,material_action,5
можно ли хранить стружка древесная на улице,material,стружка древесная,стружка древесная,MATERIAL_DISCOVERY,стружка древесная,waste,mixed,Требует маршрутизации,material_action,7
нужен ли договор на стружка древесная,material,стружка древесная,стружка древесная,MATERIAL_DISCOVERY,стружка древесная,waste,diagnostic,Требует маршрутизации,material_action,6
нужен ли паспорт на стружка древесная,material,стружка древесная,стружка древесная,MATERIAL_DISCOVERY,стружка древесная,waste,diagnostic,Требует маршрутизации,material_action,6
обезвреживание стружка древесная,material,стружка древесная,стружка древесная,MATERIAL_DISCOVERY,стружка древесная,waste,commercial,Требует маршрутизации,material_action,3
переработка стружка древесная,material,стружка древесная,стружка древесная,MATERIAL_DISCOVERY,стружка древесная,waste,mixed,Требует маршрутизации,material_action,3
прием стружка древесная,material,стружка древесная,стружка древесная,MATERIAL_DISCOVERY,стружка древесная,waste,mixed,Требует маршрутизации,material_action,3
размещение стружка древесная,material,стружка древесная,стружка древесная,MATERIAL_DISCOVERY,стружка древесная,waste,commercial,Требует маршрутизации,material_action,3
стоимость утилизации стружка древесная,material,стружка древесная,стружка древесная,MATERIAL_DISCOVERY,стружка древесная,waste,commercial,Требует маршрутизации,material_action,4
утилизация стружка древесная,material,стружка древесная,стружка древесная,MATERIAL_DISCOVERY,стружка древесная,waste,commercial,Требует маршрутизации,material_action,3
цена вывоза стружка древесная,material,стружка древесная,стружка древесная,MATERIAL_DISCOVERY,стружка древесная,waste,commercial,Требует маршрутизации,material_action,4
что делать с стружка древесная,material,стружка древесная,стружка древесная,MATERIAL_DISCOVERY,стружка древесная,waste,diagnostic,Требует маршрутизации,material_action,5
вывоз тара из-под краски,material,тара из-под краски,тара из-под краски,MATERIAL_DISCOVERY,тара из-под краски,waste,commercial,Требует маршрутизации,material_action,4
как накапливать тара из-под краски,material,тара из-под краски,тара из-под краски,MATERIAL_DISCOVERY,тара из-под краски,waste,mixed,Требует маршрутизации,material_action,5
как учитывать тара из-под краски,material,тара из-под краски,тара из-под краски,MATERIAL_DISCOVERY,тара из-под краски,waste,diagnostic,Требует маршрутизации,material_action,5
как хранить тара из-под краски,material,тара из-под краски,тара из-под краски,MATERIAL_DISCOVERY,тара из-под краски,waste,diagnostic,Требует маршрутизации,material_action,5
какой класс опасности тара из-под краски,material,тара из-под краски,тара из-под краски,MATERIAL_DISCOVERY,тара из-под краски,waste,mixed,Требует маршрутизации,material_action,6
кто забирает тара из-под краски,material,тара из-под краски,тара из-под краски,MATERIAL_DISCOVERY,тара из-под краски,waste,mixed,Требует маршрутизации,material_action,5
кто принимает тара из-под краски,material,тара из-под краски,тара из-под краски,MATERIAL_DISCOVERY,тара из-под краски,waste,diagnostic,Требует маршрутизации,material_action,5
куда девать тара из-под краски,material,тара из-под краски,тара из-под краски,MATERIAL_DISCOVERY,тара из-под краски,waste,diagnostic,Требует маршрутизации,material_action,5
куда передавать тара из-под краски,material,тара из-под краски,тара из-под краски,MATERIAL_DISCOVERY,тара из-под краски,waste,diagnostic,Требует маршрутизации,material_action,5
куда сдавать тара из-под краски,material,тара из-под краски,тара из-под краски,MATERIAL_DISCOVERY,тара из-под краски,waste,diagnostic,Требует маршрутизации,material_action,5
можно ли выбрасывать тара из-под краски,material,тара из-под краски,тара из-под краски,MATERIAL_DISCOVERY,тара из-под краски,waste,mixed,Требует маршрутизации,material_action,6
можно ли хранить тара из-под краски на улице,material,тара из-под краски,тара из-под краски,MATERIAL_DISCOVERY,тара из-под краски,waste,mixed,Требует маршрутизации,material_action,8
нужен ли договор на тара из-под краски,material,тара из-под краски,тара из-под краски,MATERIAL_DISCOVERY,тара из-под краски,waste,diagnostic,Требует маршрутизации,material_action,7
нужен ли паспорт на тара из-под краски,material,тара из-под краски,тара из-под краски,MATERIAL_DISCOVERY,тара из-под краски,waste,diagnostic,Требует маршрутизации,material_action,7
обезвреживание тара из-под краски,material,тара из-под краски,тара из-под краски,MATERIAL_DISCOVERY,тара из-под краски,waste,commercial,Требует маршрутизации,material_action,4
переработка тара из-под краски,material,тара из-под краски,тара из-под краски,MATERIAL_DISCOVERY,тара из-под краски,waste,mixed,Требует маршрутизации,material_action,4
прием тара из-под краски,material,тара из-под краски,тара из-под краски,MATERIAL_DISCOVERY,тара из-под краски,waste,mixed,Требует маршрутизации,material_action,4
размещение тара из-под краски,material,тара из-под краски,тара из-под краски,MATERIAL_DISCOVERY,тара из-под краски,waste,commercial,Требует маршрутизации,material_action,4
стоимость утилизации тара из-под краски,material,тара из-под краски,тара из-под краски,MATERIAL_DISCOVERY,тара из-под краски,waste,commercial,Требует маршрутизации,material_action,5
утилизация тара из-под краски,material,тара из-под краски,тара из-под краски,MATERIAL_DISCOVERY,тара из-под краски,waste,commercial,Требует маршрутизации,material_action,4
цена вывоза тара из-под краски,material,тара из-под краски,тара из-под краски,MATERIAL_DISCOVERY,тара из-под краски,waste,commercial,Требует маршрутизации,material_action,5
что делать с тара из-под краски,material,тара из-под краски,тара из-под краски,MATERIAL_DISCOVERY,тара из-под краски,waste,diagnostic,Требует маршрутизации,material_action,6
вывоз тара из-под химических веществ,material,тара из-под химических веществ,тара из-под химических веществ,MATERIAL_DISCOVERY,тара из-под химических веществ,waste,commercial,Требует маршрутизации,material_action,5
как накапливать тара из-под химических веществ,material,тара из-под химических веществ,тара из-под химических веществ,MATERIAL_DISCOVERY,тара из-под химических веществ,waste,mixed,Требует маршрутизации,material_action,6
как учитывать тара из-под химических веществ,material,тара из-под химических веществ,тара из-под химических веществ,MATERIAL_DISCOVERY,тара из-под химических веществ,waste,diagnostic,Требует маршрутизации,material_action,6
как хранить тара из-под химических веществ,material,тара из-под химических веществ,тара из-под химических веществ,MATERIAL_DISCOVERY,тара из-под химических веществ,waste,diagnostic,Требует маршрутизации,material_action,6
какой класс опасности тара из-под химических веществ,material,тара из-под химических веществ,тара из-под химических веществ,MATERIAL_DISCOVERY,тара из-под химических веществ,waste,mixed,Требует маршрутизации,material_action,7
кто забирает тара из-под химических веществ,material,тара из-под химических веществ,тара из-под химических веществ,MATERIAL_DISCOVERY,тара из-под химических веществ,waste,mixed,Требует маршрутизации,material_action,6
кто принимает тара из-под химических веществ,material,тара из-под химических веществ,тара из-под химических веществ,MATERIAL_DISCOVERY,тара из-под химических веществ,waste,diagnostic,Требует маршрутизации,material_action,6
куда девать тара из-под химических веществ,material,тара из-под химических веществ,тара из-под химических веществ,MATERIAL_DISCOVERY,тара из-под химических веществ,waste,diagnostic,Требует маршрутизации,material_action,6
куда передавать тара из-под химических веществ,material,тара из-под химических веществ,тара из-под химических веществ,MATERIAL_DISCOVERY,тара из-под химических веществ,waste,diagnostic,Требует маршрутизации,material_action,6
куда сдавать тара из-под химических веществ,material,тара из-под химических веществ,тара из-под химических веществ,MATERIAL_DISCOVERY,тара из-под химических веществ,waste,diagnostic,Требует маршрутизации,material_action,6
можно ли выбрасывать тара из-под химических веществ,material,тара из-под химических веществ,тара из-под химических веществ,MATERIAL_DISCOVERY,тара из-под химических веществ,waste,mixed,Требует маршрутизации,material_action,7
можно ли хранить тара из-под химических веществ на улице,material,тара из-под химических веществ,тара из-под химических веществ,MATERIAL_DISCOVERY,тара из-под химических веществ,waste,mixed,Требует маршрутизации,material_action,9
нужен ли договор на тара из-под химических веществ,material,тара из-под химических веществ,тара из-под химических веществ,MATERIAL_DISCOVERY,тара из-под химических веществ,waste,diagnostic,Требует маршрутизации,material_action,8
нужен ли паспорт на тара из-под химических веществ,material,тара из-под химических веществ,тара из-под химических веществ,MATERIAL_DISCOVERY,тара из-под химических веществ,waste,diagnostic,Требует маршрутизации,material_action,8
обезвреживание тара из-под химических веществ,material,тара из-под химических веществ,тара из-под химических веществ,MATERIAL_DISCOVERY,тара из-под химических веществ,waste,commercial,Требует маршрутизации,material_action,5
переработка тара из-под химических веществ,material,тара из-под химических веществ,тара из-под химических веществ,MATERIAL_DISCOVERY,тара из-под химических веществ,waste,mixed,Требует маршрутизации,material_action,5
прием тара из-под химических веществ,material,тара из-под химических веществ,тара из-под химических веществ,MATERIAL_DISCOVERY,тара из-под химических веществ,waste,mixed,Требует маршрутизации,material_action,5
размещение тара из-под химических веществ,material,тара из-под химических веществ,тара из-под химических веществ,MATERIAL_DISCOVERY,тара из-под химических веществ,waste,commercial,Требует маршрутизации,material_action,5
стоимость утилизации тара из-под химических веществ,material,тара из-под химических веществ,тара из-под химических веществ,MATERIAL_DISCOVERY,тара из-под химических веществ,waste,commercial,Требует маршрутизации,material_action,6
утилизация тара из-под химических веществ,material,тара из-под химических веществ,тара из-под химических веществ,MATERIAL_DISCOVERY,тара из-под химических веществ,waste,commercial,Требует маршрутизации,material_action,5
цена вывоза тара из-под химических веществ,material,тара из-под химических веществ,тара из-под химических веществ,MATERIAL_DISCOVERY,тара из-под химических веществ,waste,commercial,Требует маршрутизации,material_action,6
что делать с тара из-под химических веществ,material,тара из-под химических веществ,тара из-под химических веществ,MATERIAL_DISCOVERY,тара из-под химических веществ,waste,diagnostic,Требует маршрутизации,material_action,7
вывоз термоусадочная пленка,material,термоусадочная пленка,термоусадочная пленка,MATERIAL_DISCOVERY,термоусадочная пленка,waste,commercial,Требует маршрутизации,material_action,3
как накапливать термоусадочная пленка,material,термоусадочная пленка,термоусадочная пленка,MATERIAL_DISCOVERY,термоусадочная пленка,waste,mixed,Требует маршрутизации,material_action,4
как учитывать термоусадочная пленка,material,термоусадочная пленка,термоусадочная пленка,MATERIAL_DISCOVERY,термоусадочная пленка,waste,diagnostic,Требует маршрутизации,material_action,4
как хранить термоусадочная пленка,material,термоусадочная пленка,термоусадочная пленка,MATERIAL_DISCOVERY,термоусадочная пленка,waste,diagnostic,Требует маршрутизации,material_action,4
какой класс опасности термоусадочная пленка,material,термоусадочная пленка,термоусадочная пленка,MATERIAL_DISCOVERY,термоусадочная пленка,waste,mixed,Требует маршрутизации,material_action,5
кто забирает термоусадочная пленка,material,термоусадочная пленка,термоусадочная пленка,MATERIAL_DISCOVERY,термоусадочная пленка,waste,mixed,Требует маршрутизации,material_action,4
кто принимает термоусадочная пленка,material,термоусадочная пленка,термоусадочная пленка,MATERIAL_DISCOVERY,термоусадочная пленка,waste,diagnostic,Требует маршрутизации,material_action,4
куда девать термоусадочная пленка,material,термоусадочная пленка,термоусадочная пленка,MATERIAL_DISCOVERY,термоусадочная пленка,waste,diagnostic,Требует маршрутизации,material_action,4
куда передавать термоусадочная пленка,material,термоусадочная пленка,термоусадочная пленка,MATERIAL_DISCOVERY,термоусадочная пленка,waste,diagnostic,Требует маршрутизации,material_action,4
куда сдавать термоусадочная пленка,material,термоусадочная пленка,термоусадочная пленка,MATERIAL_DISCOVERY,термоусадочная пленка,waste,diagnostic,Требует маршрутизации,material_action,4
можно ли выбрасывать термоусадочная пленка,material,термоусадочная пленка,термоусадочная пленка,MATERIAL_DISCOVERY,термоусадочная пленка,waste,mixed,Требует маршрутизации,material_action,5
можно ли хранить термоусадочная пленка на улице,material,термоусадочная пленка,термоусадочная пленка,MATERIAL_DISCOVERY,термоусадочная пленка,waste,mixed,Требует маршрутизации,material_action,7
нужен ли договор на термоусадочная пленка,material,термоусадочная пленка,термоусадочная пленка,MATERIAL_DISCOVERY,термоусадочная пленка,waste,diagnostic,Требует маршрутизации,material_action,6
нужен ли паспорт на термоусадочная пленка,material,термоусадочная пленка,термоусадочная пленка,MATERIAL_DISCOVERY,термоусадочная пленка,waste,diagnostic,Требует маршрутизации,material_action,6
обезвреживание термоусадочная пленка,material,термоусадочная пленка,термоусадочная пленка,MATERIAL_DISCOVERY,термоусадочная пленка,waste,commercial,Требует маршрутизации,material_action,3
переработка термоусадочная пленка,material,термоусадочная пленка,термоусадочная пленка,MATERIAL_DISCOVERY,термоусадочная пленка,waste,mixed,Требует маршрутизации,material_action,3
прием термоусадочная пленка,material,термоусадочная пленка,термоусадочная пленка,MATERIAL_DISCOVERY,термоусадочная пленка,waste,mixed,Требует маршрутизации,material_action,3
размещение термоусадочная пленка,material,термоусадочная пленка,термоусадочная пленка,MATERIAL_DISCOVERY,термоусадочная пленка,waste,commercial,Требует маршрутизации,material_action,3
стоимость утилизации термоусадочная пленка,material,термоусадочная пленка,термоусадочная пленка,MATERIAL_DISCOVERY,термоусадочная пленка,waste,commercial,Требует маршрутизации,material_action,4
утилизация термоусадочная пленка,material,термоусадочная пленка,термоусадочная пленка,MATERIAL_DISCOVERY,термоусадочная пленка,waste,commercial,Требует маршрутизации,material_action,3
цена вывоза термоусадочная пленка,material,термоусадочная пленка,термоусадочная пленка,MATERIAL_DISCOVERY,термоусадочная пленка,waste,commercial,Требует маршрутизации,material_action,4
что делать с термоусадочная пленка,material,термоусадочная пленка,термоусадочная пленка,MATERIAL_DISCOVERY,термоусадочная пленка,waste,diagnostic,Требует маршрутизации,material_action,5
как учитывать тормозная жидкость,material,тормозная жидкость,тормозная жидкость,MATERIAL_DISCOVERY,тормозная жидкость,general,diagnostic,Требует маршрутизации,material_action,4
нужны ли документы на тормозная жидкость,material,тормозная жидкость,тормозная жидкость,MATERIAL_DISCOVERY,тормозная жидкость,general,mixed,Требует маршрутизации,material_action,6
требования к тормозная жидкость,material,тормозная жидкость,тормозная жидкость,MATERIAL_DISCOVERY,тормозная жидкость,general,mixed,Требует маршрутизации,material_action,4
что делать с тормозная жидкость,material,тормозная жидкость,тормозная жидкость,MATERIAL_DISCOVERY,тормозная жидкость,general,diagnostic,Требует маршрутизации,material_action,5
вывоз упаковка от сырья,material,упаковка от сырья,упаковка от сырья,MATERIAL_DISCOVERY,упаковка от сырья,waste,commercial,Требует маршрутизации,material_action,4
как накапливать упаковка от сырья,material,упаковка от сырья,упаковка от сырья,MATERIAL_DISCOVERY,упаковка от сырья,waste,mixed,Требует маршрутизации,material_action,5
как учитывать упаковка от сырья,material,упаковка от сырья,упаковка от сырья,MATERIAL_DISCOVERY,упаковка от сырья,waste,diagnostic,Требует маршрутизации,material_action,5
как хранить упаковка от сырья,material,упаковка от сырья,упаковка от сырья,MATERIAL_DISCOVERY,упаковка от сырья,waste,diagnostic,Требует маршрутизации,material_action,5
какой класс опасности упаковка от сырья,material,упаковка от сырья,упаковка от сырья,MATERIAL_DISCOVERY,упаковка от сырья,waste,mixed,Требует маршрутизации,material_action,6
кто забирает упаковка от сырья,material,упаковка от сырья,упаковка от сырья,MATERIAL_DISCOVERY,упаковка от сырья,waste,mixed,Требует маршрутизации,material_action,5
кто принимает упаковка от сырья,material,упаковка от сырья,упаковка от сырья,MATERIAL_DISCOVERY,упаковка от сырья,waste,diagnostic,Требует маршрутизации,material_action,5
куда девать упаковка от сырья,material,упаковка от сырья,упаковка от сырья,MATERIAL_DISCOVERY,упаковка от сырья,waste,diagnostic,Требует маршрутизации,material_action,5
куда передавать упаковка от сырья,material,упаковка от сырья,упаковка от сырья,MATERIAL_DISCOVERY,упаковка от сырья,waste,diagnostic,Требует маршрутизации,material_action,5
куда сдавать упаковка от сырья,material,упаковка от сырья,упаковка от сырья,MATERIAL_DISCOVERY,упаковка от сырья,waste,diagnostic,Требует маршрутизации,material_action,5
можно ли выбрасывать упаковка от сырья,material,упаковка от сырья,упаковка от сырья,MATERIAL_DISCOVERY,упаковка от сырья,waste,mixed,Требует маршрутизации,material_action,6
можно ли хранить упаковка от сырья на улице,material,упаковка от сырья,упаковка от сырья,MATERIAL_DISCOVERY,упаковка от сырья,waste,mixed,Требует маршрутизации,material_action,8
нужен ли договор на упаковка от сырья,material,упаковка от сырья,упаковка от сырья,MATERIAL_DISCOVERY,упаковка от сырья,waste,diagnostic,Требует маршрутизации,material_action,7
нужен ли паспорт на упаковка от сырья,material,упаковка от сырья,упаковка от сырья,MATERIAL_DISCOVERY,упаковка от сырья,waste,diagnostic,Требует маршрутизации,material_action,7
обезвреживание упаковка от сырья,material,упаковка от сырья,упаковка от сырья,MATERIAL_DISCOVERY,упаковка от сырья,waste,commercial,Требует маршрутизации,material_action,4
переработка упаковка от сырья,material,упаковка от сырья,упаковка от сырья,MATERIAL_DISCOVERY,упаковка от сырья,waste,mixed,Требует маршрутизации,material_action,4
прием упаковка от сырья,material,упаковка от сырья,упаковка от сырья,MATERIAL_DISCOVERY,упаковка от сырья,waste,mixed,Требует маршрутизации,material_action,4
размещение упаковка от сырья,material,упаковка от сырья,упаковка от сырья,MATERIAL_DISCOVERY,упаковка от сырья,waste,commercial,Требует маршрутизации,material_action,4
стоимость утилизации упаковка от сырья,material,упаковка от сырья,упаковка от сырья,MATERIAL_DISCOVERY,упаковка от сырья,waste,commercial,Требует маршрутизации,material_action,5
утилизация упаковка от сырья,material,упаковка от сырья,упаковка от сырья,MATERIAL_DISCOVERY,упаковка от сырья,waste,commercial,Требует маршрутизации,material_action,4
цена вывоза упаковка от сырья,material,упаковка от сырья,упаковка от сырья,MATERIAL_DISCOVERY,упаковка от сырья,waste,commercial,Требует маршрутизации,material_action,5
что делать с упаковка от сырья,material,упаковка от сырья,упаковка от сырья,MATERIAL_DISCOVERY,упаковка от сырья,waste,diagnostic,Требует маршрутизации,material_action,6
вывоз фритюрное масло,material,фритюрное масло,фритюрное масло,MATERIAL_DISCOVERY,фритюрное масло,waste,commercial,Требует маршрутизации,material_action,3
как накапливать фритюрное масло,material,фритюрное масло,фритюрное масло,MATERIAL_DISCOVERY,фритюрное масло,waste,mixed,Требует маршрутизации,material_action,4
как учитывать фритюрное масло,material,фритюрное масло,фритюрное масло,MATERIAL_DISCOVERY,фритюрное масло,waste,diagnostic,Требует маршрутизации,material_action,4
как хранить фритюрное масло,material,фритюрное масло,фритюрное масло,MATERIAL_DISCOVERY,фритюрное масло,waste,diagnostic,Требует маршрутизации,material_action,4
какой класс опасности фритюрное масло,material,фритюрное масло,фритюрное масло,MATERIAL_DISCOVERY,фритюрное масло,waste,mixed,Требует маршрутизации,material_action,5
кто забирает фритюрное масло,material,фритюрное масло,фритюрное масло,MATERIAL_DISCOVERY,фритюрное масло,waste,mixed,Требует маршрутизации,material_action,4
кто принимает фритюрное масло,material,фритюрное масло,фритюрное масло,MATERIAL_DISCOVERY,фритюрное масло,waste,diagnostic,Требует маршрутизации,material_action,4
куда девать фритюрное масло,material,фритюрное масло,фритюрное масло,MATERIAL_DISCOVERY,фритюрное масло,waste,diagnostic,Требует маршрутизации,material_action,4
куда передавать фритюрное масло,material,фритюрное масло,фритюрное масло,MATERIAL_DISCOVERY,фритюрное масло,waste,diagnostic,Требует маршрутизации,material_action,4
куда сдавать фритюрное масло,material,фритюрное масло,фритюрное масло,MATERIAL_DISCOVERY,фритюрное масло,waste,diagnostic,Требует маршрутизации,material_action,4
можно ли выбрасывать фритюрное масло,material,фритюрное масло,фритюрное масло,MATERIAL_DISCOVERY,фритюрное масло,waste,mixed,Требует маршрутизации,material_action,5
можно ли хранить фритюрное масло на улице,material,фритюрное масло,фритюрное масло,MATERIAL_DISCOVERY,фритюрное масло,waste,mixed,Требует маршрутизации,material_action,7
нужен ли договор на фритюрное масло,material,фритюрное масло,фритюрное масло,MATERIAL_DISCOVERY,фритюрное масло,waste,diagnostic,Требует маршрутизации,material_action,6
нужен ли паспорт на фритюрное масло,material,фритюрное масло,фритюрное масло,MATERIAL_DISCOVERY,фритюрное масло,waste,diagnostic,Требует маршрутизации,material_action,6
обезвреживание фритюрное масло,material,фритюрное масло,фритюрное масло,MATERIAL_DISCOVERY,фритюрное масло,waste,commercial,Требует маршрутизации,material_action,3
переработка фритюрное масло,material,фритюрное масло,фритюрное масло,MATERIAL_DISCOVERY,фритюрное масло,waste,mixed,Требует маршрутизации,material_action,3
прием фритюрное масло,material,фритюрное масло,фритюрное масло,MATERIAL_DISCOVERY,фритюрное масло,waste,mixed,Требует маршрутизации,material_action,3
размещение фритюрное масло,material,фритюрное масло,фритюрное масло,MATERIAL_DISCOVERY,фритюрное масло,waste,commercial,Требует маршрутизации,material_action,3
стоимость утилизации фритюрное масло,material,фритюрное масло,фритюрное масло,MATERIAL_DISCOVERY,фритюрное масло,waste,commercial,Требует маршрутизации,material_action,4
утилизация фритюрное масло,material,фритюрное масло,фритюрное масло,MATERIAL_DISCOVERY,фритюрное масло,waste,commercial,Требует маршрутизации,material_action,3
цена вывоза фритюрное масло,material,фритюрное масло,фритюрное масло,MATERIAL_DISCOVERY,фритюрное масло,waste,commercial,Требует маршрутизации,material_action,4
что делать с фритюрное масло,material,фритюрное масло,фритюрное масло,MATERIAL_DISCOVERY,фритюрное масло,waste,diagnostic,Требует маршрутизации,material_action,5
как учитывать шлак,material,шлак,шлак,MATERIAL_DISCOVERY,шлак,general,diagnostic,Требует маршрутизации,material_action,3
нужны ли документы на шлак,material,шлак,шлак,MATERIAL_DISCOVERY,шлак,general,mixed,Требует маршрутизации,material_action,5
требования к шлак,material,шлак,шлак,MATERIAL_DISCOVERY,шлак,general,mixed,Требует маршрутизации,material_action,3
что делать с шлак,material,шлак,шлак,MATERIAL_DISCOVERY,шлак,general,diagnostic,Требует маршрутизации,material_action,4
вывоз электронное оборудование,material,электронное оборудование,электронное оборудование,MATERIAL_DISCOVERY,электронное оборудование,waste,commercial,Требует маршрутизации,material_action,3
как накапливать электронное оборудование,material,электронное оборудование,электронное оборудование,MATERIAL_DISCOVERY,электронное оборудование,waste,mixed,Требует маршрутизации,material_action,4
как учитывать электронное оборудование,material,электронное оборудование,электронное оборудование,MATERIAL_DISCOVERY,электронное оборудование,waste,diagnostic,Требует маршрутизации,material_action,4
как хранить электронное оборудование,material,электронное оборудование,электронное оборудование,MATERIAL_DISCOVERY,электронное оборудование,waste,diagnostic,Требует маршрутизации,material_action,4
какой класс опасности электронное оборудование,material,электронное оборудование,электронное оборудование,MATERIAL_DISCOVERY,электронное оборудование,waste,mixed,Требует маршрутизации,material_action,5
кто забирает электронное оборудование,material,электронное оборудование,электронное оборудование,MATERIAL_DISCOVERY,электронное оборудование,waste,mixed,Требует маршрутизации,material_action,4
кто принимает электронное оборудование,material,электронное оборудование,электронное оборудование,MATERIAL_DISCOVERY,электронное оборудование,waste,diagnostic,Требует маршрутизации,material_action,4
куда девать электронное оборудование,material,электронное оборудование,электронное оборудование,MATERIAL_DISCOVERY,электронное оборудование,waste,diagnostic,Требует маршрутизации,material_action,4
куда передавать электронное оборудование,material,электронное оборудование,электронное оборудование,MATERIAL_DISCOVERY,электронное оборудование,waste,diagnostic,Требует маршрутизации,material_action,4
куда сдавать электронное оборудование,material,электронное оборудование,электронное оборудование,MATERIAL_DISCOVERY,электронное оборудование,waste,diagnostic,Требует маршрутизации,material_action,4
можно ли выбрасывать электронное оборудование,material,электронное оборудование,электронное оборудование,MATERIAL_DISCOVERY,электронное оборудование,waste,mixed,Требует маршрутизации,material_action,5
можно ли хранить электронное оборудование на улице,material,электронное оборудование,электронное оборудование,MATERIAL_DISCOVERY,электронное оборудование,waste,mixed,Требует маршрутизации,material_action,7
нужен ли договор на электронное оборудование,material,электронное оборудование,электронное оборудование,MATERIAL_DISCOVERY,электронное оборудование,waste,diagnostic,Требует маршрутизации,material_action,6
нужен ли паспорт на электронное оборудование,material,электронное оборудование,электронное оборудование,MATERIAL_DISCOVERY,электронное оборудование,waste,diagnostic,Требует маршрутизации,material_action,6
обезвреживание электронное оборудование,material,электронное оборудование,электронное оборудование,MATERIAL_DISCOVERY,электронное оборудование,waste,commercial,Требует маршрутизации,material_action,3
переработка электронное оборудование,material,электронное оборудование,электронное оборудование,MATERIAL_DISCOVERY,электронное оборудование,waste,mixed,Требует маршрутизации,material_action,3
прием электронное оборудование,material,электронное оборудование,электронное оборудование,MATERIAL_DISCOVERY,электронное оборудование,waste,mixed,Требует маршрутизации,material_action,3
размещение электронное оборудование,material,электронное оборудование,электронное оборудование,MATERIAL_DISCOVERY,электронное оборудование,waste,commercial,Требует маршрутизации,material_action,3
стоимость утилизации электронное оборудование,material,электронное оборудование,электронное оборудование,MATERIAL_DISCOVERY,электронное оборудование,waste,commercial,Требует маршрутизации,material_action,4
утилизация электронное оборудование,material,электронное оборудование,электронное оборудование,MATERIAL_DISCOVERY,электронное оборудование,waste,commercial,Требует маршрутизации,material_action,3
цена вывоза электронное оборудование,material,электронное оборудование,электронное оборудование,MATERIAL_DISCOVERY,электронное оборудование,waste,commercial,Требует маршрутизации,material_action,4
что делать с электронное оборудование,material,электронное оборудование,электронное оборудование,MATERIAL_DISCOVERY,электронное оборудование,waste,diagnostic,Требует маршрутизации,material_action,5
2 тп отходы вывоз,service,SVC-2TP-WASTE,2-ТП (отходы),SERVICE_COMMERCIAL,,,commercial,Отходы / учёт и отчётность,service_x_modifier,4
2 тп отходы заказать,service,SVC-2TP-WASTE,2-ТП (отходы),SERVICE_COMMERCIAL,,,commercial,Отходы / учёт и отчётность,service_x_modifier,4
2 тп отходы оформление,service,SVC-2TP-WASTE,2-ТП (отходы),SERVICE_COMMERCIAL,,,mixed,Отходы / учёт и отчётность,service_x_modifier,4
2 тп отходы под ключ,service,SVC-2TP-WASTE,2-ТП (отходы),SERVICE_COMMERCIAL,,,commercial,Отходы / учёт и отчётность,service_x_modifier,5
2 тп отходы подготовить,service,SVC-2TP-WASTE,2-ТП (отходы),SERVICE_COMMERCIAL,,,mixed,Отходы / учёт и отчётность,service_x_modifier,4
2 тп отходы разработка,service,SVC-2TP-WASTE,2-ТП (отходы),SERVICE_COMMERCIAL,,,commercial,Отходы / учёт и отчётность,service_x_modifier,4
2 тп отходы сдать,service,SVC-2TP-WASTE,2-ТП (отходы),SERVICE_COMMERCIAL,,,commercial,Отходы / учёт и отчётность,service_x_modifier,4
2 тп отходы стоимость,service,SVC-2TP-WASTE,2-ТП (отходы),SERVICE_COMMERCIAL,,,commercial,Отходы / учёт и отчётность,service_x_modifier,4
2 тп отходы услуга,service,SVC-2TP-WASTE,2-ТП (отходы),SERVICE_COMMERCIAL,,,commercial,Отходы / учёт и отчётность,service_x_modifier,4
2 тп отходы утилизация,service,SVC-2TP-WASTE,2-ТП (отходы),SERVICE_COMMERCIAL,,,commercial,Отходы / учёт и отчётность,service_x_modifier,4
2 тп отходы цена,service,SVC-2TP-WASTE,2-ТП (отходы),SERVICE_COMMERCIAL,,,commercial,Отходы / учёт и отчётность,service_x_modifier,4
заполнить 2 тп отходы вывоз,service,SVC-2TP-WASTE,2-ТП (отходы),SERVICE_COMMERCIAL,,,commercial,Отходы / учёт и отчётность,service_x_modifier,5
заполнить 2 тп отходы заказать,service,SVC-2TP-WASTE,2-ТП (отходы),SERVICE_COMMERCIAL,,,commercial,Отходы / учёт и отчётность,service_x_modifier,5
заполнить 2 тп отходы оформление,service,SVC-2TP-WASTE,2-ТП (отходы),SERVICE_COMMERCIAL,,,mixed,Отходы / учёт и отчётность,service_x_modifier,5
заполнить 2 тп отходы под ключ,service,SVC-2TP-WASTE,2-ТП (отходы),SERVICE_COMMERCIAL,,,commercial,Отходы / учёт и отчётность,service_x_modifier,6
заполнить 2 тп отходы подготовить,service,SVC-2TP-WASTE,2-ТП (отходы),SERVICE_COMMERCIAL,,,mixed,Отходы / учёт и отчётность,service_x_modifier,5
заполнить 2 тп отходы разработка,service,SVC-2TP-WASTE,2-ТП (отходы),SERVICE_COMMERCIAL,,,commercial,Отходы / учёт и отчётность,service_x_modifier,5
заполнить 2 тп отходы сдать,service,SVC-2TP-WASTE,2-ТП (отходы),SERVICE_COMMERCIAL,,,commercial,Отходы / учёт и отчётность,service_x_modifier,5
заполнить 2 тп отходы стоимость,service,SVC-2TP-WASTE,2-ТП (отходы),SERVICE_COMMERCIAL,,,commercial,Отходы / учёт и отчётность,service_x_modifier,5
заполнить 2 тп отходы услуга,service,SVC-2TP-WASTE,2-ТП (отходы),SERVICE_COMMERCIAL,,,commercial,Отходы / учёт и отчётность,service_x_modifier,5
заполнить 2 тп отходы утилизация,service,SVC-2TP-WASTE,2-ТП (отходы),SERVICE_COMMERCIAL,,,commercial,Отходы / учёт и отчётность,service_x_modifier,5
заполнить 2 тп отходы цена,service,SVC-2TP-WASTE,2-ТП (отходы),SERVICE_COMMERCIAL,,,commercial,Отходы / учёт и отчётность,service_x_modifier,5
сдать 2 тп отходы вывоз,service,SVC-2TP-WASTE,2-ТП (отходы),SERVICE_COMMERCIAL,,,commercial,Отходы / учёт и отчётность,service_x_modifier,5
сдать 2 тп отходы заказать,service,SVC-2TP-WASTE,2-ТП (отходы),SERVICE_COMMERCIAL,,,commercial,Отходы / учёт и отчётность,service_x_modifier,5
сдать 2 тп отходы оформление,service,SVC-2TP-WASTE,2-ТП (отходы),SERVICE_COMMERCIAL,,,commercial,Отходы / учёт и отчётность,service_x_modifier,5
сдать 2 тп отходы под ключ,service,SVC-2TP-WASTE,2-ТП (отходы),SERVICE_COMMERCIAL,,,commercial,Отходы / учёт и отчётность,service_x_modifier,6
сдать 2 тп отходы подготовить,service,SVC-2TP-WASTE,2-ТП (отходы),SERVICE_COMMERCIAL,,,commercial,Отходы / учёт и отчётность,service_x_modifier,5
сдать 2 тп отходы разработка,service,SVC-2TP-WASTE,2-ТП (отходы),SERVICE_COMMERCIAL,,,commercial,Отходы / учёт и отчётность,service_x_modifier,5
сдать 2 тп отходы сдать,service,SVC-2TP-WASTE,2-ТП (отходы),SERVICE_COMMERCIAL,,,commercial,Отходы / учёт и отчётность,service_x_modifier,5
сдать 2 тп отходы стоимость,service,SVC-2TP-WASTE,2-ТП (отходы),SERVICE_COMMERCIAL,,,commercial,Отходы / учёт и отчётность,service_x_modifier,5
сдать 2 тп отходы услуга,service,SVC-2TP-WASTE,2-ТП (отходы),SERVICE_COMMERCIAL,,,commercial,Отходы / учёт и отчётность,service_x_modifier,5
сдать 2 тп отходы утилизация,service,SVC-2TP-WASTE,2-ТП (отходы),SERVICE_COMMERCIAL,,,commercial,Отходы / учёт и отчётность,service_x_modifier,5
сдать 2 тп отходы цена,service,SVC-2TP-WASTE,2-ТП (отходы),SERVICE_COMMERCIAL,,,commercial,Отходы / учёт и отчётность,service_x_modifier,5
2 тп отходы,service,SVC-2TP-WASTE,2-ТП (отходы),SERVICE_CORE,,,mixed,Отходы / учёт и отчётность,service_seed,3
заполнить 2 тп отходы,service,SVC-2TP-WASTE,2-ТП (отходы),SERVICE_CORE,,,mixed,Отходы / учёт и отчётность,service_seed,4
сдать 2 тп отходы,service,SVC-2TP-WASTE,2-ТП (отходы),SERVICE_CORE,,,commercial,Отходы / учёт и отчётность,service_seed,4
разработка НДС вывоз,service,SVC-WATER,Вода,SERVICE_COMMERCIAL,,,commercial,Требует маршрутизации,service_x_modifier,3
разработка НДС заказать,service,SVC-WATER,Вода,SERVICE_COMMERCIAL,,,commercial,Требует маршрутизации,service_x_modifier,3
разработка НДС оформление,service,SVC-WATER,Вода,SERVICE_COMMERCIAL,,,commercial,Требует маршрутизации,service_x_modifier,3
разработка НДС под ключ,service,SVC-WATER,Вода,SERVICE_COMMERCIAL,,,commercial,Требует маршрутизации,service_x_modifier,4
разработка НДС подготовить,service,SVC-WATER,Вода,SERVICE_COMMERCIAL,,,commercial,Требует маршрутизации,service_x_modifier,3
разработка НДС разработка,service,SVC-WATER,Вода,SERVICE_COMMERCIAL,,,commercial,Требует маршрутизации,service_x_modifier,3
разработка НДС сдать,service,SVC-WATER,Вода,SERVICE_COMMERCIAL,,,commercial,Требует маршрутизации,service_x_modifier,3
разработка НДС стоимость,service,SVC-WATER,Вода,SERVICE_COMMERCIAL,,,commercial,Требует маршрутизации,service_x_modifier,3
разработка НДС услуга,service,SVC-WATER,Вода,SERVICE_COMMERCIAL,,,commercial,Требует маршрутизации,service_x_modifier,3
разработка НДС утилизация,service,SVC-WATER,Вода,SERVICE_COMMERCIAL,,,commercial,Требует маршрутизации,service_x_modifier,3
разработка НДС цена,service,SVC-WATER,Вода,SERVICE_COMMERCIAL,,,commercial,Требует маршрутизации,service_x_modifier,3
решение о предоставлении водного объекта вывоз,service,SVC-WATER,Вода,SERVICE_COMMERCIAL,,,commercial,Требует маршрутизации,service_x_modifier,6
решение о предоставлении водного объекта заказать,service,SVC-WATER,Вода,SERVICE_COMMERCIAL,,,commercial,Требует маршрутизации,service_x_modifier,6
решение о предоставлении водного объекта оформление,service,SVC-WATER,Вода,SERVICE_COMMERCIAL,,,mixed,Требует маршрутизации,service_x_modifier,6
решение о предоставлении водного объекта под ключ,service,SVC-WATER,Вода,SERVICE_COMMERCIAL,,,commercial,Требует маршрутизации,service_x_modifier,7
решение о предоставлении водного объекта подготовить,service,SVC-WATER,Вода,SERVICE_COMMERCIAL,,,mixed,Требует маршрутизации,service_x_modifier,6
решение о предоставлении водного объекта разработка,service,SVC-WATER,Вода,SERVICE_COMMERCIAL,,,commercial,Требует маршрутизации,service_x_modifier,6
решение о предоставлении водного объекта сдать,service,SVC-WATER,Вода,SERVICE_COMMERCIAL,,,commercial,Требует маршрутизации,service_x_modifier,6
решение о предоставлении водного объекта стоимость,service,SVC-WATER,Вода,SERVICE_COMMERCIAL,,,commercial,Требует маршрутизации,service_x_modifier,6
решение о предоставлении водного объекта услуга,service,SVC-WATER,Вода,SERVICE_COMMERCIAL,,,commercial,Требует маршрутизации,service_x_modifier,6
решение о предоставлении водного объекта утилизация,service,SVC-WATER,Вода,SERVICE_COMMERCIAL,,,commercial,Требует маршрутизации,service_x_modifier,6
решение о предоставлении водного объекта цена,service,SVC-WATER,Вода,SERVICE_COMMERCIAL,,,commercial,Требует маршрутизации,service_x_modifier,6
экологические требования по воде предприятие вывоз,service,SVC-WATER,Вода,SERVICE_COMMERCIAL,,,commercial,Требует маршрутизации,service_x_modifier,6
экологические требования по воде предприятие заказать,service,SVC-WATER,Вода,SERVICE_COMMERCIAL,,,commercial,Требует маршрутизации,service_x_modifier,6
экологические требования по воде предприятие оформление,service,SVC-WATER,Вода,SERVICE_COMMERCIAL,,,mixed,Требует маршрутизации,service_x_modifier,6
экологические требования по воде предприятие под ключ,service,SVC-WATER,Вода,SERVICE_COMMERCIAL,,,commercial,Требует маршрутизации,service_x_modifier,7
экологические требования по воде предприятие подготовить,service,SVC-WATER,Вода,SERVICE_COMMERCIAL,,,mixed,Требует маршрутизации,service_x_modifier,6
экологические требования по воде предприятие разработка,service,SVC-WATER,Вода,SERVICE_COMMERCIAL,,,commercial,Требует маршрутизации,service_x_modifier,6
экологические требования по воде предприятие сдать,service,SVC-WATER,Вода,SERVICE_COMMERCIAL,,,commercial,Требует маршрутизации,service_x_modifier,6
экологические требования по воде предприятие стоимость,service,SVC-WATER,Вода,SERVICE_COMMERCIAL,,,commercial,Требует маршрутизации,service_x_modifier,6
экологические требования по воде предприятие услуга,service,SVC-WATER,Вода,SERVICE_COMMERCIAL,,,commercial,Требует маршрутизации,service_x_modifier,6
экологические требования по воде предприятие утилизация,service,SVC-WATER,Вода,SERVICE_COMMERCIAL,,,commercial,Требует маршрутизации,service_x_modifier,6
экологические требования по воде предприятие цена,service,SVC-WATER,Вода,SERVICE_COMMERCIAL,,,commercial,Требует маршрутизации,service_x_modifier,6
разработка НДС,service,SVC-WATER,Вода,SERVICE_CORE,,,commercial,Требует маршрутизации,service_seed,2
решение о предоставлении водного объекта,service,SVC-WATER,Вода,SERVICE_CORE,,,mixed,Требует маршрутизации,service_seed,5
экологические требования по воде предприятие,service,SVC-WATER,Вода,SERVICE_CORE,,,mixed,Требует маршрутизации,service_seed,5
инвентаризация выбросов вывоз,service,SVC-AIR,Воздух,SERVICE_COMMERCIAL,,,commercial,Воздух,service_x_modifier,3
инвентаризация выбросов заказать,service,SVC-AIR,Воздух,SERVICE_COMMERCIAL,,,commercial,Воздух,service_x_modifier,3
инвентаризация выбросов оформление,service,SVC-AIR,Воздух,SERVICE_COMMERCIAL,,,mixed,Воздух,service_x_modifier,3
инвентаризация выбросов под ключ,service,SVC-AIR,Воздух,SERVICE_COMMERCIAL,,,commercial,Воздух,service_x_modifier,4
инвентаризация выбросов подготовить,service,SVC-AIR,Воздух,SERVICE_COMMERCIAL,,,mixed,Воздух,service_x_modifier,3
инвентаризация выбросов разработка,service,SVC-AIR,Воздух,SERVICE_COMMERCIAL,,,commercial,Воздух,service_x_modifier,3
инвентаризация выбросов сдать,service,SVC-AIR,Воздух,SERVICE_COMMERCIAL,,,commercial,Воздух,service_x_modifier,3
инвентаризация выбросов стоимость,service,SVC-AIR,Воздух,SERVICE_COMMERCIAL,,,commercial,Воздух,service_x_modifier,3
инвентаризация выбросов услуга,service,SVC-AIR,Воздух,SERVICE_COMMERCIAL,,,commercial,Воздух,service_x_modifier,3
инвентаризация выбросов утилизация,service,SVC-AIR,Воздух,SERVICE_COMMERCIAL,,,commercial,Воздух,service_x_modifier,3
инвентаризация выбросов цена,service,SVC-AIR,Воздух,SERVICE_COMMERCIAL,,,commercial,Воздух,service_x_modifier,3
разработка НДВ вывоз,service,SVC-AIR,Воздух,SERVICE_COMMERCIAL,,,commercial,Воздух,service_x_modifier,3
разработка НДВ заказать,service,SVC-AIR,Воздух,SERVICE_COMMERCIAL,,,commercial,Воздух,service_x_modifier,3
разработка НДВ оформление,service,SVC-AIR,Воздух,SERVICE_COMMERCIAL,,,commercial,Воздух,service_x_modifier,3
разработка НДВ под ключ,service,SVC-AIR,Воздух,SERVICE_COMMERCIAL,,,commercial,Воздух,service_x_modifier,4
разработка НДВ подготовить,service,SVC-AIR,Воздух,SERVICE_COMMERCIAL,,,commercial,Воздух,service_x_modifier,3
разработка НДВ разработка,service,SVC-AIR,Воздух,SERVICE_COMMERCIAL,,,commercial,Воздух,service_x_modifier,3
разработка НДВ сдать,service,SVC-AIR,Воздух,SERVICE_COMMERCIAL,,,commercial,Воздух,service_x_modifier,3
разработка НДВ стоимость,service,SVC-AIR,Воздух,SERVICE_COMMERCIAL,,,commercial,Воздух,service_x_modifier,3
разработка НДВ услуга,service,SVC-AIR,Воздух,SERVICE_COMMERCIAL,,,commercial,Воздух,service_x_modifier,3
разработка НДВ утилизация,service,SVC-AIR,Воздух,SERVICE_COMMERCIAL,,,commercial,Воздух,service_x_modifier,3
разработка НДВ цена,service,SVC-AIR,Воздух,SERVICE_COMMERCIAL,,,commercial,Воздух,service_x_modifier,3
экологические требования по воздуху предприятие вывоз,service,SVC-AIR,Воздух,SERVICE_COMMERCIAL,,,commercial,Требует маршрутизации,service_x_modifier,6
экологические требования по воздуху предприятие заказать,service,SVC-AIR,Воздух,SERVICE_COMMERCIAL,,,commercial,Требует маршрутизации,service_x_modifier,6
экологические требования по воздуху предприятие оформление,service,SVC-AIR,Воздух,SERVICE_COMMERCIAL,,,mixed,Требует маршрутизации,service_x_modifier,6
экологические требования по воздуху предприятие под ключ,service,SVC-AIR,Воздух,SERVICE_COMMERCIAL,,,commercial,Требует маршрутизации,service_x_modifier,7
экологические требования по воздуху предприятие подготовить,service,SVC-AIR,Воздух,SERVICE_COMMERCIAL,,,mixed,Требует маршрутизации,service_x_modifier,6
экологические требования по воздуху предприятие разработка,service,SVC-AIR,Воздух,SERVICE_COMMERCIAL,,,commercial,Требует маршрутизации,service_x_modifier,6
экологические требования по воздуху предприятие сдать,service,SVC-AIR,Воздух,SERVICE_COMMERCIAL,,,commercial,Требует маршрутизации,service_x_modifier,6
экологические требования по воздуху предприятие стоимость,service,SVC-AIR,Воздух,SERVICE_COMMERCIAL,,,commercial,Требует маршрутизации,service_x_modifier,6
экологические требования по воздуху предприятие услуга,service,SVC-AIR,Воздух,SERVICE_COMMERCIAL,,,commercial,Требует маршрутизации,service_x_modifier,6
экологические требования по воздуху предприятие утилизация,service,SVC-AIR,Воздух,SERVICE_COMMERCIAL,,,commercial,Требует маршрутизации,service_x_modifier,6
экологические требования по воздуху предприятие цена,service,SVC-AIR,Воздух,SERVICE_COMMERCIAL,,,commercial,Требует маршрутизации,service_x_modifier,6
инвентаризация выбросов,service,SVC-AIR,Воздух,SERVICE_CORE,,,mixed,Воздух,service_seed,2
разработка НДВ,service,SVC-AIR,Воздух,SERVICE_CORE,,,commercial,Воздух,service_seed,2
экологические требования по воздуху предприятие,service,SVC-AIR,Воздух,SERVICE_CORE,,,mixed,Требует маршрутизации,service_seed,5
актуализация НВОС вывоз,service,SVC-NVOS,НВОС,SERVICE_COMMERCIAL,,,commercial,НВОС,service_x_modifier,3
актуализация НВОС заказать,service,SVC-NVOS,НВОС,SERVICE_COMMERCIAL,,,commercial,НВОС,service_x_modifier,3
актуализация НВОС оформление,service,SVC-NVOS,НВОС,SERVICE_COMMERCIAL,,,mixed,НВОС,service_x_modifier,3
актуализация НВОС под ключ,service,SVC-NVOS,НВОС,SERVICE_COMMERCIAL,,,commercial,НВОС,service_x_modifier,4
актуализация НВОС подготовить,service,SVC-NVOS,НВОС,SERVICE_COMMERCIAL,,,mixed,НВОС,service_x_modifier,3
актуализация НВОС разработка,service,SVC-NVOS,НВОС,SERVICE_COMMERCIAL,,,commercial,НВОС,service_x_modifier,3
актуализация НВОС сдать,service,SVC-NVOS,НВОС,SERVICE_COMMERCIAL,,,commercial,НВОС,service_x_modifier,3
актуализация НВОС стоимость,service,SVC-NVOS,НВОС,SERVICE_COMMERCIAL,,,commercial,НВОС,service_x_modifier,3
актуализация НВОС услуга,service,SVC-NVOS,НВОС,SERVICE_COMMERCIAL,,,commercial,НВОС,service_x_modifier,3
актуализация НВОС утилизация,service,SVC-NVOS,НВОС,SERVICE_COMMERCIAL,,,commercial,НВОС,service_x_modifier,3
актуализация НВОС цена,service,SVC-NVOS,НВОС,SERVICE_COMMERCIAL,,,commercial,НВОС,service_x_modifier,3
нужно ли ставить объект НВОС на учет вывоз,service,SVC-NVOS,НВОС,SERVICE_COMMERCIAL,,,commercial,НВОС,service_x_modifier,8
нужно ли ставить объект НВОС на учет заказать,service,SVC-NVOS,НВОС,SERVICE_COMMERCIAL,,,commercial,НВОС,service_x_modifier,8
нужно ли ставить объект НВОС на учет оформление,service,SVC-NVOS,НВОС,SERVICE_COMMERCIAL,,,mixed,НВОС,service_x_modifier,8
нужно ли ставить объект НВОС на учет под ключ,service,SVC-NVOS,НВОС,SERVICE_COMMERCIAL,,,commercial,НВОС,service_x_modifier,9
нужно ли ставить объект НВОС на учет подготовить,service,SVC-NVOS,НВОС,SERVICE_COMMERCIAL,,,mixed,НВОС,service_x_modifier,8
нужно ли ставить объект НВОС на учет разработка,service,SVC-NVOS,НВОС,SERVICE_COMMERCIAL,,,commercial,НВОС,service_x_modifier,8
нужно ли ставить объект НВОС на учет сдать,service,SVC-NVOS,НВОС,SERVICE_COMMERCIAL,,,commercial,НВОС,service_x_modifier,8
нужно ли ставить объект НВОС на учет стоимость,service,SVC-NVOS,НВОС,SERVICE_COMMERCIAL,,,commercial,НВОС,service_x_modifier,8
нужно ли ставить объект НВОС на учет услуга,service,SVC-NVOS,НВОС,SERVICE_COMMERCIAL,,,commercial,НВОС,service_x_modifier,8
нужно ли ставить объект НВОС на учет утилизация,service,SVC-NVOS,НВОС,SERVICE_COMMERCIAL,,,commercial,НВОС,service_x_modifier,8
нужно ли ставить объект НВОС на учет цена,service,SVC-NVOS,НВОС,SERVICE_COMMERCIAL,,,commercial,НВОС,service_x_modifier,8
постановка НВОС вывоз,service,SVC-NVOS,НВОС,SERVICE_COMMERCIAL,,,commercial,НВОС,service_x_modifier,3
постановка НВОС заказать,service,SVC-NVOS,НВОС,SERVICE_COMMERCIAL,,,commercial,НВОС,service_x_modifier,3
постановка НВОС оформление,service,SVC-NVOS,НВОС,SERVICE_COMMERCIAL,,,mixed,НВОС,service_x_modifier,3
постановка НВОС под ключ,service,SVC-NVOS,НВОС,SERVICE_COMMERCIAL,,,commercial,НВОС,service_x_modifier,4
постановка НВОС подготовить,service,SVC-NVOS,НВОС,SERVICE_COMMERCIAL,,,mixed,НВОС,service_x_modifier,3
постановка НВОС разработка,service,SVC-NVOS,НВОС,SERVICE_COMMERCIAL,,,commercial,НВОС,service_x_modifier,3
постановка НВОС сдать,service,SVC-NVOS,НВОС,SERVICE_COMMERCIAL,,,commercial,НВОС,service_x_modifier,3
постановка НВОС стоимость,service,SVC-NVOS,НВОС,SERVICE_COMMERCIAL,,,commercial,НВОС,service_x_modifier,3
постановка НВОС услуга,service,SVC-NVOS,НВОС,SERVICE_COMMERCIAL,,,commercial,НВОС,service_x_modifier,3
постановка НВОС утилизация,service,SVC-NVOS,НВОС,SERVICE_COMMERCIAL,,,commercial,НВОС,service_x_modifier,3
постановка НВОС цена,service,SVC-NVOS,НВОС,SERVICE_COMMERCIAL,,,commercial,НВОС,service_x_modifier,3
актуализация НВОС,service,SVC-NVOS,НВОС,SERVICE_CORE,,,mixed,НВОС,service_seed,2
нужно ли ставить объект НВОС на учет,service,SVC-NVOS,НВОС,SERVICE_CORE,,,mixed,НВОС,service_seed,7
постановка НВОС,service,SVC-NVOS,НВОС,SERVICE_CORE,,,mixed,НВОС,service_seed,2
паспорт отходов заказать вывоз,service,SVC-PASSPORTS,Паспорта отходов,SERVICE_COMMERCIAL,,,commercial,Паспорта отходов,service_x_modifier,4
паспорт отходов заказать заказать,service,SVC-PASSPORTS,Паспорта отходов,SERVICE_COMMERCIAL,,,commercial,Паспорта отходов,service_x_modifier,4
паспорт отходов заказать оформление,service,SVC-PASSPORTS,Паспорта отходов,SERVICE_COMMERCIAL,,,commercial,Паспорта отходов,service_x_modifier,4
паспорт отходов заказать под ключ,service,SVC-PASSPORTS,Паспорта отходов,SERVICE_COMMERCIAL,,,commercial,Паспорта отходов,service_x_modifier,5
паспорт отходов заказать подготовить,service,SVC-PASSPORTS,Паспорта отходов,SERVICE_COMMERCIAL,,,commercial,Паспорта отходов,service_x_modifier,4
паспорт отходов заказать разработка,service,SVC-PASSPORTS,Паспорта отходов,SERVICE_COMMERCIAL,,,commercial,Паспорта отходов,service_x_modifier,4
паспорт отходов заказать сдать,service,SVC-PASSPORTS,Паспорта отходов,SERVICE_COMMERCIAL,,,commercial,Паспорта отходов,service_x_modifier,4
паспорт отходов заказать стоимость,service,SVC-PASSPORTS,Паспорта отходов,SERVICE_COMMERCIAL,,,commercial,Паспорта отходов,service_x_modifier,4
паспорт отходов заказать услуга,service,SVC-PASSPORTS,Паспорта отходов,SERVICE_COMMERCIAL,,,commercial,Паспорта отходов,service_x_modifier,4
паспорт отходов заказать утилизация,service,SVC-PASSPORTS,Паспорта отходов,SERVICE_COMMERCIAL,,,commercial,Паспорта отходов,service_x_modifier,4
паспорт отходов заказать цена,service,SVC-PASSPORTS,Паспорта отходов,SERVICE_COMMERCIAL,,,commercial,Паспорта отходов,service_x_modifier,4
паспорт отходов цена вывоз,service,SVC-PASSPORTS,Паспорта отходов,SERVICE_COMMERCIAL,,,commercial,Паспорта отходов,service_x_modifier,4
паспорт отходов цена заказать,service,SVC-PASSPORTS,Паспорта отходов,SERVICE_COMMERCIAL,,,commercial,Паспорта отходов,service_x_modifier,4
паспорт отходов цена оформление,service,SVC-PASSPORTS,Паспорта отходов,SERVICE_COMMERCIAL,,,commercial,Паспорта отходов,service_x_modifier,4
паспорт отходов цена под ключ,service,SVC-PASSPORTS,Паспорта отходов,SERVICE_COMMERCIAL,,,commercial,Паспорта отходов,service_x_modifier,5
паспорт отходов цена подготовить,service,SVC-PASSPORTS,Паспорта отходов,SERVICE_COMMERCIAL,,,commercial,Паспорта отходов,service_x_modifier,4
паспорт отходов цена разработка,service,SVC-PASSPORTS,Паспорта отходов,SERVICE_COMMERCIAL,,,commercial,Паспорта отходов,service_x_modifier,4
паспорт отходов цена сдать,service,SVC-PASSPORTS,Паспорта отходов,SERVICE_COMMERCIAL,,,commercial,Паспорта отходов,service_x_modifier,4
паспорт отходов цена стоимость,service,SVC-PASSPORTS,Паспорта отходов,SERVICE_COMMERCIAL,,,commercial,Паспорта отходов,service_x_modifier,4
паспорт отходов цена услуга,service,SVC-PASSPORTS,Паспорта отходов,SERVICE_COMMERCIAL,,,commercial,Паспорта отходов,service_x_modifier,4
паспорт отходов цена утилизация,service,SVC-PASSPORTS,Паспорта отходов,SERVICE_COMMERCIAL,,,commercial,Паспорта отходов,service_x_modifier,4
паспорт отходов цена цена,service,SVC-PASSPORTS,Паспорта отходов,SERVICE_COMMERCIAL,,,commercial,Паспорта отходов,service_x_modifier,4
разработка паспорта отходов вывоз,service,SVC-PASSPORTS,Паспорта отходов,SERVICE_COMMERCIAL,,,commercial,Паспорта отходов,service_x_modifier,4
разработка паспорта отходов заказать,service,SVC-PASSPORTS,Паспорта отходов,SERVICE_COMMERCIAL,,,commercial,Паспорта отходов,service_x_modifier,4
разработка паспорта отходов оформление,service,SVC-PASSPORTS,Паспорта отходов,SERVICE_COMMERCIAL,,,commercial,Паспорта отходов,service_x_modifier,4
разработка паспорта отходов под ключ,service,SVC-PASSPORTS,Паспорта отходов,SERVICE_COMMERCIAL,,,commercial,Паспорта отходов,service_x_modifier,5
разработка паспорта отходов подготовить,service,SVC-PASSPORTS,Паспорта отходов,SERVICE_COMMERCIAL,,,commercial,Паспорта отходов,service_x_modifier,4
разработка паспорта отходов разработка,service,SVC-PASSPORTS,Паспорта отходов,SERVICE_COMMERCIAL,,,commercial,Паспорта отходов,service_x_modifier,4
разработка паспорта отходов сдать,service,SVC-PASSPORTS,Паспорта отходов,SERVICE_COMMERCIAL,,,commercial,Паспорта отходов,service_x_modifier,4
разработка паспорта отходов стоимость,service,SVC-PASSPORTS,Паспорта отходов,SERVICE_COMMERCIAL,,,commercial,Паспорта отходов,service_x_modifier,4
разработка паспорта отходов услуга,service,SVC-PASSPORTS,Паспорта отходов,SERVICE_COMMERCIAL,,,commercial,Паспорта отходов,service_x_modifier,4
разработка паспорта отходов утилизация,service,SVC-PASSPORTS,Паспорта отходов,SERVICE_COMMERCIAL,,,commercial,Паспорта отходов,service_x_modifier,4
разработка паспорта отходов цена,service,SVC-PASSPORTS,Паспорта отходов,SERVICE_COMMERCIAL,,,commercial,Паспорта отходов,service_x_modifier,4
паспорт отходов заказать,service,SVC-PASSPORTS,Паспорта отходов,SERVICE_CORE,,,commercial,Паспорта отходов,service_seed,3
паспорт отходов цена,service,SVC-PASSPORTS,Паспорта отходов,SERVICE_CORE,,,commercial,Паспорта отходов,service_seed,3
разработка паспорта отходов,service,SVC-PASSPORTS,Паспорта отходов,SERVICE_CORE,,,commercial,Паспорта отходов,service_seed,3
РОП импортер вывоз,service,SVC-ROP,РОП,SERVICE_COMMERCIAL,,,commercial,Требует маршрутизации,service_x_modifier,3
РОП импортер заказать,service,SVC-ROP,РОП,SERVICE_COMMERCIAL,,,commercial,Требует маршрутизации,service_x_modifier,3
РОП импортер оформление,service,SVC-ROP,РОП,SERVICE_COMMERCIAL,,,mixed,Требует маршрутизации,service_x_modifier,3
РОП импортер под ключ,service,SVC-ROP,РОП,SERVICE_COMMERCIAL,,,commercial,Требует маршрутизации,service_x_modifier,4
РОП импортер подготовить,service,SVC-ROP,РОП,SERVICE_COMMERCIAL,,,mixed,Требует маршрутизации,service_x_modifier,3
РОП импортер разработка,service,SVC-ROP,РОП,SERVICE_COMMERCIAL,,,commercial,Требует маршрутизации,service_x_modifier,3
РОП импортер сдать,service,SVC-ROP,РОП,SERVICE_COMMERCIAL,,,commercial,Требует маршрутизации,service_x_modifier,3
РОП импортер стоимость,service,SVC-ROP,РОП,SERVICE_COMMERCIAL,,,commercial,Требует маршрутизации,service_x_modifier,3
РОП импортер услуга,service,SVC-ROP,РОП,SERVICE_COMMERCIAL,,,commercial,Требует маршрутизации,service_x_modifier,3
РОП импортер утилизация,service,SVC-ROP,РОП,SERVICE_COMMERCIAL,,,commercial,Требует маршрутизации,service_x_modifier,3
РОП импортер цена,service,SVC-ROP,РОП,SERVICE_COMMERCIAL,,,commercial,Требует маршрутизации,service_x_modifier,3
РОП отчетность вывоз,service,SVC-ROP,РОП,SERVICE_COMMERCIAL,,,commercial,Отходы / учёт и отчётность,service_x_modifier,3
РОП отчетность заказать,service,SVC-ROP,РОП,SERVICE_COMMERCIAL,,,commercial,Отходы / учёт и отчётность,service_x_modifier,3
РОП отчетность оформление,service,SVC-ROP,РОП,SERVICE_COMMERCIAL,,,mixed,Отходы / учёт и отчётность,service_x_modifier,3
РОП отчетность под ключ,service,SVC-ROP,РОП,SERVICE_COMMERCIAL,,,commercial,Отходы / учёт и отчётность,service_x_modifier,4
РОП отчетность подготовить,service,SVC-ROP,РОП,SERVICE_COMMERCIAL,,,mixed,Отходы / учёт и отчётность,service_x_modifier,3
РОП отчетность разработка,service,SVC-ROP,РОП,SERVICE_COMMERCIAL,,,commercial,Отходы / учёт и отчётность,service_x_modifier,3
РОП отчетность сдать,service,SVC-ROP,РОП,SERVICE_COMMERCIAL,,,commercial,Отходы / учёт и отчётность,service_x_modifier,3
РОП отчетность стоимость,service,SVC-ROP,РОП,SERVICE_COMMERCIAL,,,commercial,Отходы / учёт и отчётность,service_x_modifier,3
РОП отчетность услуга,service,SVC-ROP,РОП,SERVICE_COMMERCIAL,,,commercial,Отходы / учёт и отчётность,service_x_modifier,3
РОП отчетность утилизация,service,SVC-ROP,РОП,SERVICE_COMMERCIAL,,,commercial,Отходы / учёт и отчётность,service_x_modifier,3
РОП отчетность цена,service,SVC-ROP,РОП,SERVICE_COMMERCIAL,,,commercial,Отходы / учёт и отчётность,service_x_modifier,3
расчет экологического сбора вывоз,service,SVC-ROP,РОП,SERVICE_COMMERCIAL,,,commercial,Требует маршрутизации,service_x_modifier,4
расчет экологического сбора заказать,service,SVC-ROP,РОП,SERVICE_COMMERCIAL,,,commercial,Требует маршрутизации,service_x_modifier,4
расчет экологического сбора оформление,service,SVC-ROP,РОП,SERVICE_COMMERCIAL,,,mixed,Требует маршрутизации,service_x_modifier,4
расчет экологического сбора под ключ,service,SVC-ROP,РОП,SERVICE_COMMERCIAL,,,commercial,Требует маршрутизации,service_x_modifier,5
расчет экологического сбора подготовить,service,SVC-ROP,РОП,SERVICE_COMMERCIAL,,,mixed,Требует маршрутизации,service_x_modifier,4
расчет экологического сбора разработка,service,SVC-ROP,РОП,SERVICE_COMMERCIAL,,,commercial,Требует маршрутизации,service_x_modifier,4
расчет экологического сбора сдать,service,SVC-ROP,РОП,SERVICE_COMMERCIAL,,,commercial,Требует маршрутизации,service_x_modifier,4
расчет экологического сбора стоимость,service,SVC-ROP,РОП,SERVICE_COMMERCIAL,,,commercial,Требует маршрутизации,service_x_modifier,4
расчет экологического сбора услуга,service,SVC-ROP,РОП,SERVICE_COMMERCIAL,,,commercial,Требует маршрутизации,service_x_modifier,4
расчет экологического сбора утилизация,service,SVC-ROP,РОП,SERVICE_COMMERCIAL,,,commercial,Требует маршрутизации,service_x_modifier,4
расчет экологического сбора цена,service,SVC-ROP,РОП,SERVICE_COMMERCIAL,,,commercial,Требует маршрутизации,service_x_modifier,4
РОП импортер,service,SVC-ROP,РОП,SERVICE_CORE,,,mixed,Требует маршрутизации,service_seed,2
РОП отчетность,service,SVC-ROP,РОП,SERVICE_CORE,,,mixed,Отходы / учёт и отчётность,service_seed,2
расчет экологического сбора,service,SVC-ROP,РОП,SERVICE_CORE,,,mixed,Требует маршрутизации,service_seed,3
журнал учета отходов вывоз,service,SVC-WASTE-ACCOUNT,Учёт отходов,SERVICE_COMMERCIAL,,,commercial,Требует маршрутизации,service_x_modifier,4
журнал учета отходов заказать,service,SVC-WASTE-ACCOUNT,Учёт отходов,SERVICE_COMMERCIAL,,,commercial,Требует маршрутизации,service_x_modifier,4
журнал учета отходов оформление,service,SVC-WASTE-ACCOUNT,Учёт отходов,SERVICE_COMMERCIAL,,,mixed,Требует маршрутизации,service_x_modifier,4
журнал учета отходов под ключ,service,SVC-WASTE-ACCOUNT,Учёт отходов,SERVICE_COMMERCIAL,,,commercial,Требует маршрутизации,service_x_modifier,5
журнал учета отходов подготовить,service,SVC-WASTE-ACCOUNT,Учёт отходов,SERVICE_COMMERCIAL,,,mixed,Требует маршрутизации,service_x_modifier,4
журнал учета отходов разработка,service,SVC-WASTE-ACCOUNT,Учёт отходов,SERVICE_COMMERCIAL,,,commercial,Требует маршрутизации,service_x_modifier,4
журнал учета отходов сдать,service,SVC-WASTE-ACCOUNT,Учёт отходов,SERVICE_COMMERCIAL,,,commercial,Требует маршрутизации,service_x_modifier,4
журнал учета отходов стоимость,service,SVC-WASTE-ACCOUNT,Учёт отходов,SERVICE_COMMERCIAL,,,commercial,Требует маршрутизации,service_x_modifier,4
журнал учета отходов услуга,service,SVC-WASTE-ACCOUNT,Учёт отходов,SERVICE_COMMERCIAL,,,commercial,Требует маршрутизации,service_x_modifier,4
журнал учета отходов утилизация,service,SVC-WASTE-ACCOUNT,Учёт отходов,SERVICE_COMMERCIAL,,,commercial,Требует маршрутизации,service_x_modifier,4
журнал учета отходов цена,service,SVC-WASTE-ACCOUNT,Учёт отходов,SERVICE_COMMERCIAL,,,commercial,Требует маршрутизации,service_x_modifier,4
учет отходов 2026 вывоз,service,SVC-WASTE-ACCOUNT,Учёт отходов,SERVICE_COMMERCIAL,,,commercial,Отходы / учёт и отчётность,service_x_modifier,4
учет отходов 2026 заказать,service,SVC-WASTE-ACCOUNT,Учёт отходов,SERVICE_COMMERCIAL,,,commercial,Отходы / учёт и отчётность,service_x_modifier,4
учет отходов 2026 оформление,service,SVC-WASTE-ACCOUNT,Учёт отходов,SERVICE_COMMERCIAL,,,mixed,Отходы / учёт и отчётность,service_x_modifier,4
учет отходов 2026 под ключ,service,SVC-WASTE-ACCOUNT,Учёт отходов,SERVICE_COMMERCIAL,,,commercial,Отходы / учёт и отчётность,service_x_modifier,5
учет отходов 2026 подготовить,service,SVC-WASTE-ACCOUNT,Учёт отходов,SERVICE_COMMERCIAL,,,mixed,Отходы / учёт и отчётность,service_x_modifier,4
учет отходов 2026 разработка,service,SVC-WASTE-ACCOUNT,Учёт отходов,SERVICE_COMMERCIAL,,,commercial,Отходы / учёт и отчётность,service_x_modifier,4
учет отходов 2026 сдать,service,SVC-WASTE-ACCOUNT,Учёт отходов,SERVICE_COMMERCIAL,,,commercial,Отходы / учёт и отчётность,service_x_modifier,4
учет отходов 2026 стоимость,service,SVC-WASTE-ACCOUNT,Учёт отходов,SERVICE_COMMERCIAL,,,commercial,Отходы / учёт и отчётность,service_x_modifier,4
учет отходов 2026 услуга,service,SVC-WASTE-ACCOUNT,Учёт отходов,SERVICE_COMMERCIAL,,,commercial,Отходы / учёт и отчётность,service_x_modifier,4
учет отходов 2026 утилизация,service,SVC-WASTE-ACCOUNT,Учёт отходов,SERVICE_COMMERCIAL,,,commercial,Отходы / учёт и отчётность,service_x_modifier,4
учет отходов 2026 цена,service,SVC-WASTE-ACCOUNT,Учёт отходов,SERVICE_COMMERCIAL,,,commercial,Отходы / учёт и отчётность,service_x_modifier,4
учет отходов предприятие вывоз,service,SVC-WASTE-ACCOUNT,Учёт отходов,SERVICE_COMMERCIAL,,,commercial,Отходы / учёт и отчётность,service_x_modifier,4
учет отходов предприятие заказать,service,SVC-WASTE-ACCOUNT,Учёт отходов,SERVICE_COMMERCIAL,,,commercial,Отходы / учёт и отчётность,service_x_modifier,4
учет отходов предприятие оформление,service,SVC-WASTE-ACCOUNT,Учёт отходов,SERVICE_COMMERCIAL,,,mixed,Отходы / учёт и отчётность,service_x_modifier,4
учет отходов предприятие под ключ,service,SVC-WASTE-ACCOUNT,Учёт отходов,SERVICE_COMMERCIAL,,,commercial,Отходы / учёт и отчётность,service_x_modifier,5
учет отходов предприятие подготовить,service,SVC-WASTE-ACCOUNT,Учёт отходов,SERVICE_COMMERCIAL,,,mixed,Отходы / учёт и отчётность,service_x_modifier,4
учет отходов предприятие разработка,service,SVC-WASTE-ACCOUNT,Учёт отходов,SERVICE_COMMERCIAL,,,commercial,Отходы / учёт и отчётность,service_x_modifier,4
учет отходов предприятие сдать,service,SVC-WASTE-ACCOUNT,Учёт отходов,SERVICE_COMMERCIAL,,,commercial,Отходы / учёт и отчётность,service_x_modifier,4
учет отходов предприятие стоимость,service,SVC-WASTE-ACCOUNT,Учёт отходов,SERVICE_COMMERCIAL,,,commercial,Отходы / учёт и отчётность,service_x_modifier,4
учет отходов предприятие услуга,service,SVC-WASTE-ACCOUNT,Учёт отходов,SERVICE_COMMERCIAL,,,commercial,Отходы / учёт и отчётность,service_x_modifier,4
учет отходов предприятие утилизация,service,SVC-WASTE-ACCOUNT,Учёт отходов,SERVICE_COMMERCIAL,,,commercial,Отходы / учёт и отчётность,service_x_modifier,4
учет отходов предприятие цена,service,SVC-WASTE-ACCOUNT,Учёт отходов,SERVICE_COMMERCIAL,,,commercial,Отходы / учёт и отчётность,service_x_modifier,4
журнал учета отходов,service,SVC-WASTE-ACCOUNT,Учёт отходов,SERVICE_CORE,,,mixed,Требует маршрутизации,service_seed,3
учет отходов 2026,service,SVC-WASTE-ACCOUNT,Учёт отходов,SERVICE_CORE,,,mixed,Отходы / учёт и отчётность,service_seed,3
учет отходов предприятие,service,SVC-WASTE-ACCOUNT,Учёт отходов,SERVICE_CORE,,,mixed,Отходы / учёт и отчётность,service_seed,3
